family,severity,map,mean_two_axis,mean_peak_share,mean_level,mean_global_level,mean_means_knn,mean_means_own,mean_saod_top3,mean_saod_min,mean_knn,mean_discopatch,mean_cdf,mean_cdf_sum
clean,0,0.4694982635653798,0.5204873398599857,0.11672939267139816,0.004064791593132158,-0.0709698901490511,0.26487889002016873,-0.050253331769383076,0.11433236049073749,0.014514400361850859,0.4144141972064972,0.649247970333257,-0.2034238821012655,16.81020409193635
gaussian_noise,1,0.38488178181975674,3.1584277882930776,7.691702208397485,8.610314018344717,4.491406359424761,11.839483154376815,4.4797849684278495,0.13186448562738173,0.021515657022595405,0.43036675453186035,0.9807109492287567,4.447272041960015,19.580855226135252
gaussian_noise,2,0.3222502212440121,4.5210960067156485,10.973031551626187,12.325137357642147,7.153186899755255,19.000788485381264,7.586486633363156,0.14478057536981845,0.031155830614175647,0.45370712876319885,0.9972633459805081,7.92972193823538,21.76749901883602
gaussian_noise,3,0.23289316512493644,6.022046345815172,14.769692476199282,16.416937016159046,10.380130727566389,27.74923339726379,11.607793710085891,0.17155874818079173,0.052242752561718224,0.4996940493583679,0.9998564057947992,12.863413233307302,24.91996028828621
gaussian_noise,4,0.14128125649589884,7.590364789443763,18.836325116806705,20.692391509833477,13.847323036504525,36.830322337020924,16.030629577048618,0.2175076743966279,0.08949481675627176,0.5650498270988464,0.9999999397802576,18.653931690668042,28.666025261688233
gaussian_noise,5,0.06347411579026327,9.575690743132393,23.772892704455742,26.1046665516723,17.850474292050322,48.637095118329036,21.26741386697954,0.3166680458649916,0.1703651847082423,0.654240071773529,0.999999999960429,25.90580793169058,33.4574639752388
shot_noise,1,0.38647381633754435,2.980086953739548,7.05632301737674,8.118421338468668,4.288929169598166,11.624054341104461,4.335054435615874,0.13378386179714777,0.021818039761018006,0.43174394965171814,0.9802564169395737,4.380614569081561,19.52404939812422
shot_noise,2,0.31814965378312743,4.4438413207166825,10.440136544329247,12.114390476430614,7.213103597999869,19.37121023927266,7.786942772763488,0.15066690037567168,0.03261500736549497,0.4594540596008301,0.9968686788731804,8.35996512650914,22.020374893474578
shot_noise,3,0.23896191408906245,5.872036692094209,13.833891717889836,16.00798980859326,10.280824245572578,27.39616552501006,11.580347618112228,0.17634738203578162,0.05213473344314844,0.5040673613548279,0.9992580342133591,13.069751791455419,25.010814984607695
shot_noise,4,0.13080569210154822,7.985870263229462,18.885748100058578,21.77059451257158,14.81616695744234,39.89123392010841,17.312148354557962,0.22826255382426702,0.09552575567108579,0.5873631834983826,0.999849031201387,20.696802742559832,29.907166372299194
shot_noise,5,0.07618351152062643,9.57886331388036,22.31711859743164,26.11331542136838,18.015244202472374,49.98410490053598,21.436960441091763,0.2816595774204393,0.14036977497399786,0.649655282497406,0.9999772486919032,26.443253601442475,33.633938198184964
impulse_noise,1,0.2062739852679304,8.810342318470509,13.1185739999477,24.018220157611896,15.665731000670913,41.241238490624625,19.819151100755146,0.21673152394999443,0.08337509250193835,0.6762500405311584,0.9950829606044593,15.595448919363413,28.561883697128295
impulse_noise,2,0.20362891469645272,7.553604036128693,13.245369659971193,20.592176576705395,13.725472180267953,35.30213393174454,16.777081091645417,0.1956850652718063,0.07003072509905324,0.6177440881729126,0.99982566383259,15.05233071021546,27.271105456614496
impulse_noise,3,0.1867950617266445,7.3016503353330044,14.447941246812386,19.905315699285318,13.374872213673521,34.65446676964904,16.046603964325975,0.18977745884362762,0.06834799550846218,0.5966142416000366,0.9999975321219866,15.959261538827535,27.41172353568077
impulse_noise,4,0.12193167919013372,8.343832505496536,18.902215763760193,22.746449437624666,15.4291907225126,40.99016158674881,18.32486098152679,0.21598106801821076,0.08939947163606994,0.6162474155426025,0.999999999614044,20.79354496327456,30.21185127289295
impulse_noise,5,0.06642031098093185,9.84806049394876,23.418468129939782,26.847184424748203,18.332437377899502,50.10303740253924,21.945140122730653,0.2884207276095248,0.14717830190858805,0.6666542887687683,0.9999999999083935,26.461441557371046,33.83770950241089
defocus_blur,1,0.36562734129867164,1.446560820295375,5.179260509150648,3.6574698127426855,2.719671997446229,1.6453863258869428,2.8225000660114636,0.14317471910971993,0.02523413476506248,0.42669248580932617,0.8441863919116748,2.7302705747229585,18.603409613215923
defocus_blur,2,0.31103645959996845,1.7419149907279534,7.075006330733921,4.655451031505167,3.9411837301672423,2.711463275486625,4.2772258010317685,0.16319141370186893,0.03523312432435341,0.43818339705467224,0.9103435803027573,4.070182299832185,19.525189615392684
defocus_blur,3,0.2276790811958422,2.0701903907669386,9.683044711858157,5.619664641757169,5.53586613012981,3.757031508580377,6.243611141025046,0.20909013894150652,0.0603545223435387,0.45801615715026855,0.9601213661949146,5.9838628402822955,20.913730320954322
defocus_blur,4,0.16604607188621726,2.325774437304425,11.69602817397236,6.337006626541508,6.670030991774754,4.482210793254555,7.613513215287222,0.257854609443224,0.09353603558866307,0.4722908139228821,0.9750790021501194,7.428728961729744,21.994263120126725
defocus_blur,5,0.12260962281295035,2.540390723152075,13.469102406706172,6.924843671739448,7.5810697832720715,5.054821510214323,8.690244721971291,0.3141061289661331,0.13426309778606518,0.4832928776741028,0.9822376664769791,8.620316845954623,22.898425725388527
glass_blur,1,0.32452333278181805,1.1141501825090878,2.9227094480067417,2.183706848997117,1.2678665445832604,1.0638191933105867,1.401354835983006,0.16429491155669868,0.03312081083673984,0.42629700899124146,0.8644993255345509,1.1413293852756976,17.567528761446475
glass_blur,2,0.24791046962036534,1.3450900331265478,4.372655445614981,3.233659854386053,2.2971521733013804,1.87310355442149,2.7100812552596487,0.20699651968514082,0.05916165246644523,0.44043976068496704,0.9436201423951132,2.350534839707715,18.401305932438373
glass_blur,3,0.09909095943863032,1.5024488268171088,5.295940683985497,3.8817848505486166,2.805071749904292,3.1493632457850023,4.022272589192089,0.3886306008922169,0.1984955938507337,0.47202983498573303,0.9875962462467164,3.611745907235857,19.485807430887224
glass_blur,4,0.08163631331373075,1.618764665531975,6.164020308520937,4.27595418267672,3.336616017904281,3.0534243779339643,4.609560927843293,0.44220501781966687,0.24677809236506001,0.4742978513240814,0.9921720922585177,4.268112053639095,19.955265200173855
glass_blur,5,0.06089720217900721,2.0869722898902108,8.719279896261646,5.6706922462525595,4.869443000218118,3.4224482495955586,6.181821500080117,0.47385164619218556,0.2807667691709939,0.4810788929462433,0.9948666309035387,5.889171334252487,21.083262594854833
motion_blur,1,0.3764757931782532,1.3769495558654241,4.057635146610083,3.430426021550665,2.0188497371184604,3.7336633973181423,2.188226614215054,0.12922996976460177,0.020037042898638172,0.42618677020072937,0.7533536167710555,1.7003419786419058,18.067906877458096
motion_blur,2,0.2964662392258722,1.784397349054012,6.114922285910607,4.7488982920460705,3.305110889515671,5.374689878356727,3.7921620379756336,0.15073593323455037,0.031047853752598168,0.4438266456127167,0.8486457416794521,3.196796486740395,19.136816940307618
motion_blur,3,0.20496150929259613,2.153168429364674,8.237204308549812,5.834451534857049,4.586072998307937,6.949222442211592,5.48573523943129,0.19236492596171642,0.055188962187897414,0.47081226110458374,0.9223424163992928,4.892746316614667,20.402346917450426
motion_blur,4,0.12991962610975746,2.458772930291116,10.195642702032131,6.695113139726851,5.662690465092112,8.316262611133137,6.961162966697969,0.25467427011750016,0.09780883671808988,0.500436007976532,0.9593824948266878,6.501778141984662,21.652017387378216
motion_blur,5,0.09719259517559123,2.6220287587253774,11.40527583079704,7.1461486547368,6.258188567840576,9.00723421348553,7.793960562356849,0.30271875901642104,0.1376420532529475,0.5171732306480408,0.973407648773513,7.448782029467515,22.390622979414463
zoom_blur,1,0.1810644028809999,1.098087479918524,3.99724345020351,1.4198744439288549,2.3196296242548975,1.26514001643991,2.7309427637762265,0.20586384300067248,0.053124897761270405,0.4579629898071289,0.927881466595397,2.5316968182047854,18.538737712848185
zoom_blur,2,0.12466328222267015,1.1227114415252708,4.94012739886419,1.8516071800511331,3.021731729050468,1.7697098058902236,3.6503844138919814,0.25033134424400827,0.08157682135063224,0.47401583194732666,0.9538661641033963,3.43655062737579,19.21011817396879
zoom_blur,3,0.0977855602146258,1.1889392454008967,4.515759942576001,1.252349005660951,2.608197113386352,1.4125248047182448,3.1495423978075525,0.2675177111492492,0.09430346534969285,0.4684295952320099,0.9683920215788093,2.9449804593454867,18.859012616109847
zoom_blur,4,0.07228772829814051,1.1948451286300088,5.122550557667395,1.5414997328143945,3.043570247737533,1.6827249828170603,3.7187831333425363,0.29963966849416807,0.11833542873170227,0.47647613286972046,0.9749538709028591,3.503762969976351,19.27127700240612
zoom_blur,5,0.0604003982246235,1.303970992088097,4.857053364603424,1.2805147032302182,2.666617343573762,1.4320925082956881,3.212036735618684,0.3198382200227895,0.13405367655940353,0.46822303533554077,0.979205801587355,3.0330771689438727,18.919791195094586
snow,1,0.35945252627963126,2.3332888881311606,5.012068239284427,6.3294857922898835,3.4823401893073256,10.758116990034413,4.830931203116388,0.15481788772157548,0.03571770762477536,0.496474027633667,0.9484129442670023,4.773394228772573,20.388881103873253
snow,2,0.26082788444109234,3.299431104850021,8.209325051035906,8.994708696508146,5.408479850667074,15.514487523788825,6.944826913477938,0.20475186005452803,0.06671264237542637,0.4989880919456482,0.9876237166628933,7.731092860966918,22.064839714288713
snow,3,0.25595128683449686,3.1030965164820574,6.798477616182587,8.459473265520431,4.796836091967259,14.233042005534834,6.791150218385525,0.21051587414819906,0.07682671484397724,0.5409010648727417,0.9886308431049412,7.676957948196308,22.37019989556074
snow,4,0.1938754454652088,3.3442855711422643,7.309289634831765,9.116988218406028,5.279723964453196,15.387962036222794,7.644054080434542,0.25732426023745597,0.11601558842349331,0.5626769065856934,0.9956078943996599,9.352229999332664,23.53740152900219
snow,5,0.18425089842920428,3.192852664184511,8.790451412894688,8.704161024303326,5.178628400705428,15.19241612398187,7.068715001645592,0.2618232234945909,0.11299751149546355,0.5369734764099121,0.992081318143394,9.133297832186415,23.02845254881382
frost,1,0.3966977126126867,0.7804686018138156,1.3013083697233367,1.2262821534049264,0.11680807630661762,3.6802683713811186,0.16939247734083016,0.1446011824189375,0.02627898787870072,0.43437880277633667,0.8611587531416255,1.3044542890444657,17.36958178561926
frost,2,0.33272596281902267,1.0391387191234214,2.5479571174477953,2.0012379134460083,0.7130418629475681,5.601477693232252,1.1551131058777744,0.18578060846189037,0.050009377903328274,0.45699912309646606,0.9536435458972843,2.486555977519692,18.141389474225043
frost,3,0.283807433241535,1.1888992670098535,3.3878792670274445,2.534947687432538,1.1531797177587089,6.774342192092439,1.8869078109645474,0.22050812039986098,0.07426591395342257,0.4727916419506073,0.9783480375113431,3.4494643185403153,18.81106191790104
frost,4,0.27230740366485634,1.2231859964535787,3.5436893195604995,2.5288162596735186,1.1392198900769177,6.667107071746726,1.9021080568162143,0.2315940614891937,0.08328601723811589,0.4740612208843231,0.9823386769973631,3.3140877307346703,18.758656654512883
frost,5,0.24130128055866001,1.303568915529953,4.031404601476855,2.831497407383548,1.4025869212158781,7.310574395592406,2.3306374472969074,0.2592299753850714,0.10587202292711008,0.48271238803863525,0.9885734014049442,3.8925383431488734,19.174019916069508
fog,1,0.4307630324519862,1.3608643779903782,3.608616108759088,1.2161861469158823,1.4231548274249672,0.558250724304107,1.7043954211552919,0.1361969836733149,0.01987614434566349,0.43094590306282043,0.7732337559784175,2.2522295140353448,18.27904076242447
fog,2,0.4151458153198111,1.461880142083233,4.559376274945297,1.6007845064634558,2.041185455013612,0.8321519461973479,2.446156766621572,0.14347692396348188,0.02255299122016877,0.43882861733436584,0.82985256819329,3.066719754927251,18.81134763931036
fog,3,0.3990805622343297,1.5019398919658278,5.245689594364524,1.8025633573544289,2.50521728750265,0.8732669462614387,2.972691427835242,0.15143229450089857,0.025480515548586845,0.4447508752346039,0.8952233519549929,3.5815527947894035,19.146631667649746
fog,4,0.3977052401393952,1.4643511015323836,5.001478660576805,1.6018830669812318,2.207896392030124,0.4509256025556269,2.513302344138437,0.15339418762059262,0.026980229223147034,0.4416435956954956,0.9177474087539244,3.0108738047137784,18.714865701937676
fog,5,0.37454242448420955,1.4879353739532948,5.629627190544778,1.7388135062533678,2.1131600532351715,0.2354914869077455,2.3415919835270462,0.1694602778931614,0.03313796607684344,0.4462464451789856,0.9678236921869924,2.783260954760947,18.50031301473379
brightness,1,0.4625535260118391,0.6191383819741758,0.41428814534488473,0.46679276016879656,0.09198411260041627,1.14797293464469,0.10842072139708361,0.11489749673970509,0.014911661977251061,0.415668249130249,0.6412308105361437,0.1854614952216965,16.986483128911257
brightness,2,0.4479590590016205,0.7440192879241306,0.9922487016722272,1.2401079496423026,0.4908792611750724,2.6778810533139694,0.566297771125281,0.11709226812350099,0.016440061322553084,0.41938868165016174,0.6497320373487311,1.080316411627192,17.444777402305604
brightness,3,0.4296980254739721,0.9036329298652065,1.6761462556236042,2.0415318022953035,0.947834778188412,4.448277211841631,1.1358895454883549,0.12138355088777997,0.018679337642155586,0.4251978397369385,0.6680046922737091,2.1486610155229586,18.01313126808405
brightness,4,0.40612557269065347,1.1275823576488146,2.4972895475824886,2.8989874789270615,1.4855035261033165,6.486751466876424,1.8474176769442792,0.1287899936844905,0.02118985249940306,0.43427804112434387,0.6927537404477299,3.331094310139655,18.668968417525292
brightness,5,0.37791544081816997,1.3763639693616583,3.374303612080151,3.6869037471937425,2.032131300026764,8.495818822647523,2.611330663716741,0.1395331018884744,0.02573570495187305,0.44630154967308044,0.7148326254609643,4.503685228650204,19.350979744386674
contrast,1,0.433005011494343,1.4482227290550829,4.500265304983235,1.8500074184412165,1.9853664550950132,2.0605006402330495,2.4510077827495516,0.13494126906789997,0.019951569351926445,0.4332828223705292,0.715013143428185,3.5435272294924065,19.076155171608924
contrast,2,0.4083798592384266,1.7104648174528083,6.394732610299744,2.772780359297126,3.173749133807607,2.9630310522727727,3.8947034006904695,0.1469502278614479,0.024378360850177704,0.4477241337299347,0.7491710917452461,5.132186352348406,20.122865643143655
contrast,3,0.3625018874602851,2.0640249123009804,9.228861445977168,4.179551851696989,5.033139296081826,4.060030600739154,6.117348454063178,0.17419521231312923,0.036353041989915076,0.47045984864234924,0.8043119191114889,7.348574996377071,21.64076356244087
contrast,4,0.2533179080019094,2.784976861797168,14.960737656597548,7.000141832875848,8.450901640393562,5.639682365761825,10.081316143809765,0.2650597310763629,0.09314753774972633,0.5051094889640808,0.8997817001665499,11.079754765414469,24.317174421358107
contrast,5,0.13333535358397192,3.842894359032585,22.141807958184625,10.38432469173256,11.90634792013888,7.238389797874497,13.958187397093628,0.4512832044397015,0.2448926163197728,0.522606611251831,0.9557126772456183,14.75629687447119,27.043439184498787
elastic_transform,1,0.3752829785951136,0.7583951532266224,0.40984914220316004,0.3372505217387536,-0.03040087265947318,0.7046523181338102,0.2559476378425045,0.1428446815522698,0.028378079146891833,0.4298129975795746,0.801594782983403,-0.3188280553199081,16.692396519476176
elastic_transform,2,0.32667010369678,0.8339462631572174,0.5666324427061725,0.6631223692140779,0.13054495499810104,1.2878139752365683,0.672284227793401,0.16006603933880106,0.03610149565748871,0.4435134828090668,0.8432100249580732,-0.09402315181408512,16.88492020589113
elastic_transform,3,0.2657571534497054,0.9453035872372301,0.8157645975202112,1.1712426678120598,0.407350134239936,2.2078746315501547,1.3135840219874448,0.19061615329328924,0.052080107619054614,0.4665934145450592,0.885405244690304,0.3224542329493842,17.25391869599223
elastic_transform,4,0.2214263708033084,1.0396877011899752,1.0383445837281031,1.6141374698982125,0.6547506539899707,3.0002246344793253,1.8483189255821795,0.21912615681336414,0.06530070726908743,0.48706504702568054,0.9082691063542332,0.714633348570739,17.609180363380908
elastic_transform,5,0.17071407446529616,1.1803279105748512,1.3591143725224284,2.243078349393236,1.0149315487875206,4.138550430153487,2.5891822344531383,0.25368099617498613,0.08014831327646971,0.51643967628479,0.9290390649426128,1.3114208922606563,18.157486843520402
pixelate,1,0.3809654302192767,0.9769170128457385,1.2033218673564716,1.067372437080602,0.30914113033685564,1.5314857796089367,0.490315812945862,0.15384698557677526,0.028230386422434823,0.43188270926475525,0.7131758287863906,0.12132710291187168,17.06974087128043
pixelate,2,0.3299855381164197,1.0648922332668946,1.8255768519822042,1.6933876367249512,0.6509089273619072,2.455035909349168,0.9786650796076064,0.18401973626439772,0.04421433666748926,0.4446897506713867,0.7224160177907363,0.5756744334270987,17.423426935231685
pixelate,3,0.15808541222951872,1.724329855702821,3.651104289557386,4.010951797750446,2.212732518846404,6.436999493841856,3.7519349628545453,0.39548204565811124,0.21472860656101256,0.5156536102294922,0.8318015567362596,2.6156562675204906,19.0921766708076
pixelate,4,0.06486981978367888,2.5403943604125927,5.881767955431046,6.569177939066189,4.114969121193813,10.8597005629469,6.846265479688329,0.6524918484234716,0.4867975472340593,0.5785713791847229,0.90824312406664,5.353464710529386,21.32076620491743
pixelate,5,0.03271591046727942,3.47800983783103,8.25075046376161,9.332907622121368,6.096091569360908,15.245015802964964,9.5461802884916,0.8011522310241436,0.6809228287976468,0.6080994009971619,0.9373982921643484,8.143674298705609,23.578247028893234
jpeg_compression,1,0.3461361595065371,1.4264985110091697,2.785916429898832,2.2985389360442805,1.0850412502679172,3.6381048759135504,1.779994296380581,0.14624465358585584,0.03222060139998793,0.4803381860256195,0.8384025923728493,1.375465299834617,18.0205054597795
jpeg_compression,2,0.27110715080174647,1.8015017284315025,3.972411225493939,3.878795053699697,2.2808264172654367,5.93104702827983,3.5821192136484665,0.1827223638728261,0.05793135604411363,0.5177739858627319,0.8628321689510019,2.7629277085323256,19.148908966827392
jpeg_compression,3,0.2222179152130147,2.031662736876397,4.663565142397233,4.9212831120656,3.0954262298508652,7.364089985414973,4.7728294075618845,0.21614165521354106,0.08457735269740224,0.5394219756126404,0.8747781226231095,3.708012807260253,19.93198770403862
jpeg_compression,4,0.11622621196271128,2.8166655140382453,6.202552482574782,7.636409976304644,5.235051267855991,10.932224436329646,7.8145029614735915,0.32979748770656686,0.18157148562632502,0.5818169713020325,0.8823274865434845,6.218050285381805,22.042728908598423
jpeg_compression,5,0.05709957323518425,3.718551414854267,7.487318419616799,10.136657081061077,7.17758455575494,14.080338722285546,10.436522431526864,0.45289029691787436,0.3024848810847849,0.6037371754646301,0.8594089078611771,8.471699710091926,23.932950410592557
speckle_noise,1,0.4070119121852668,2.2115100426342673,4.949122114258769,5.938275289961356,2.955121803925092,8.645854304754577,2.925707224374541,0.1308829070476893,0.020378546365723015,0.42704540491104126,0.956078152394372,2.842116539899635,18.55940480233431
speckle_noise,2,0.373333495259744,2.9496767529808583,6.508788713097448,8.014511350027789,4.39363272063372,12.347300648140529,4.575091851654112,0.13943311199441863,0.024579287730902434,0.438508003950119,0.982314224287467,4.648115684085413,19.67274840732813
speckle_noise,3,0.2755540317451109,4.835547260298229,10.415988695050949,13.180412667458734,8.278885480423448,22.53480806329293,9.264781833277484,0.1711531668257977,0.044527251239772886,0.48901641368865967,0.9984060294918958,10.213888560378162,23.165650989198685
speckle_noise,4,0.22296652686263493,5.891829658075295,12.633895222932914,16.061384985060634,10.462620138484683,28.228484545678675,11.944727390121622,0.19372252717701874,0.0616685145790223,0.5234651565551758,0.9994764350255552,13.594186079693714,25.300063013076784
speckle_noise,5,0.16606306670207893,7.15932059471801,15.357739346906229,19.517305004411405,13.05132640763376,35.33575596330651,15.133074495953066,0.2257242227868565,0.08701456386954523,0.5646926760673523,0.9998733544588405,17.77578814131322,27.947167676496505
gaussian_blur,1,0.4287506141946846,1.0270371749614493,2.817155532269682,2.0868643446577546,1.1998096274535215,0.735731566288412,1.1384479614875536,0.1261670729510719,0.018142023218236863,0.417771577835083,0.7201535929124426,1.117766445157072,17.55932767404318
gaussian_blur,2,0.3350322533907311,1.7693183233191827,6.849260545043327,4.757885123342397,3.775447061342987,2.6331629250184365,4.02154709896912,0.15456225629332476,0.031024955877196045,0.4364411532878876,0.8978127869939911,3.854417025040658,19.38395259194374
gaussian_blur,3,0.2489811479227266,2.2304239219228554,10.124099381462207,6.075830440116516,5.611289594005743,4.298952425307985,6.284705206223106,0.19610584923319985,0.05425828839577734,0.45625391602516174,0.9618916473794911,6.0338292776838065,20.934052378213405
gaussian_blur,4,0.18295922872988293,2.5561370586699197,12.668248181186817,6.967777717068945,6.930611118189502,5.468557121012204,7.962602761093377,0.24715757973749813,0.08946117507852613,0.4738050401210785,0.9787969551726105,7.812845821270341,22.258186227679253
gaussian_blur,5,0.0975552999056191,3.0269394473041302,16.376213580392516,8.251858488709864,8.718555426847587,7.0101365281387755,10.249118991431393,0.3583926007015165,0.17312226340845227,0.5007087588310242,0.9874544183348466,10.455111782293072,24.299122318959235
spatter,1,0.45908407996137196,0.6461334039902028,-0.014911025994926694,0.13466890080577534,-0.2527071280685742,0.7279059947457506,-0.09115926322049744,0.11485838308594346,0.015571555883809924,0.43183812499046326,0.6796147489164124,-0.2854787394437011,16.793419352567195
spatter,2,0.3915888909031491,1.6230911855036614,1.6244118330374802,3.3284496035565985,1.8117636996198496,6.046410752541912,3.239694272106919,0.1388863878735962,0.030067347036814317,0.5016221404075623,0.890481675519756,2.3410718868771143,18.965617931461335
spatter,3,0.34244633794673474,2.590461961445628,4.149771323498065,6.833768007618439,4.628288896688632,10.955181412538863,6.3675861675983585,0.15989960070668408,0.04151859886068851,0.5135321021080017,0.9744529935038281,5.08242965026156,20.872021752661468
spatter,4,0.27863324581474164,5.392726741250404,5.95169439428145,14.683654248392891,9.801147940495023,17.38076218555677,12.433457660184663,0.162366823127664,0.05283887211047113,0.5722857713699341,0.9898700949604019,8.108363786269258,23.293767480498552
spatter,5,0.1998588303507794,7.137359799158672,8.306347569153324,19.455483221062938,13.07321543290966,22.367723268323513,15.99091949895813,0.19316331035474624,0.07357718742787837,0.5963230729103088,0.9987532417572212,10.815769964794562,25.217538365757466
saturate,1,0.44155668528597475,0.5112946906890192,0.5996453517206928,0.17129491279925832,-0.14053716194215318,-0.07055970393899497,-0.3030173080942121,0.12489435333372094,0.017533133455784992,0.4140254855155945,0.8452665518461421,-0.422697486603359,16.562447751337288
saturate,2,0.4218347817712451,0.6531151310280887,1.495921482558205,0.7645775028061069,0.19379808344935326,0.2693574749850832,0.047063152462054336,0.12811679639072004,0.019929876601323487,0.4180278182029724,0.9465800207859214,0.18235982050513136,16.941333137452602
saturate,3,0.4511067563360257,0.771981659397769,0.9224153508219031,1.4021215687503628,0.7050775647655598,3.0807725567528252,0.7989736154282118,0.11530263008858696,0.015594707383029163,0.420134961605072,0.6132314376609288,0.8923018877107456,17.414221677219867
saturate,4,0.4006340448538701,1.5305880531709284,3.4337165470450026,4.008336112600685,2.060962774302883,8.793300936654882,2.443069279208121,0.1319820104694149,0.02196592134963721,0.4411424398422241,0.6989233202685866,3.16007954746091,18.710910208213328
saturate,5,0.356363036679331,2.245787921885411,7.236704862175866,6.1045145214875225,3.4002762278272094,13.158449566937474,4.094483433234471,0.14892777386455952,0.03156057739630341,0.45857948064804077,0.7885168746738576,5.234016300775798,19.967007508730887
