subset,method,group,severity,auroc,aupr,fpr95
all,two_axis,common,1,0.8248873626666667,0.7826217163837162,0.40892000000000006
all,two_axis,common,2,0.8742686319999999,0.8395485383011722,0.29241333333333336
all,two_axis,common,3,0.9016662106666666,0.8727245638236316,0.23015999999999998
all,two_axis,common,4,0.9179928133333332,0.891844052705524,0.19413333333333332
all,two_axis,common,5,0.9313337759999999,0.9058266700783374,0.16746666666666662
all,two_axis,common,all,0.8900297589333334,0.8585131082584764,0.25861866666666666
all,two_axis,extra,1,0.7035644400000001,0.6655648498775641,0.65955
all,two_axis,extra,2,0.87544624,0.8414489473905857,0.34114999999999995
all,two_axis,extra,3,0.8662099900000001,0.8544993266428537,0.29925
all,two_axis,extra,4,0.93757586,0.9205832497117439,0.165
all,two_axis,extra,5,0.96583176,0.9571548360276144,0.10994999999999999
all,two_axis,extra,all,0.8697256579999999,0.8478502419300723,0.31498
all,two_axis,all,1,0.799345694736842,0.7579781655403158,0.4616842105263158
all,two_axis,all,2,0.8745165494736843,0.8399486244252595,0.3026736842105263
all,two_axis,all,3,0.8942017431578949,0.8688876717855731,0.24470526315789473
all,two_axis,all,4,0.9221155600000001,0.8978944099699916,0.188
all,two_axis,all,5,0.9385965094736841,0.9166325997518695,0.1553578947368421
all,two_axis,all,all,0.8857552113684211,0.8562682942946018,0.27048421052631577
all,peak_share,common,1,0.8084985733333334,0.767900409141472,0.44483999999999996
all,peak_share,common,2,0.8702489146666667,0.8351021666658678,0.3045333333333333
all,peak_share,common,3,0.8992035386666666,0.866559092948566,0.23624
all,peak_share,common,4,0.9189286186666666,0.8895989962170484,0.19274666666666668
all,peak_share,common,5,0.9359253413333332,0.9094346798989288,0.15506666666666666
all,peak_share,common,all,0.8865609973333335,0.8537190689743764,0.2666853333333334
all,peak_share,extra,1,0.69548028,0.6628363909313659,0.67595
all,peak_share,extra,2,0.8309989,0.784809727477365,0.3977
all,peak_share,extra,3,0.85307107,0.8175129089132095,0.3317
all,peak_share,extra,4,0.91414788,0.8706718075519388,0.20215
all,peak_share,extra,5,0.95445701,0.9195510220356096,0.10795
all,peak_share,extra,all,0.8496310279999999,0.8110763713818978,0.34309
all,peak_share,all,1,0.7847052484210526,0.7457816684656601,0.49349473684210526
all,peak_share,all,2,0.8619857536842105,0.8245142847314462,0.3241473684210526
all,peak_share,all,3,0.8894914400000001,0.8562335805200698,0.25633684210526314
all,peak_share,all,4,0.9179221473684211,0.8856143249191306,0.1947263157894737
all,peak_share,all,5,0.9398267452631579,0.9115644361382299,0.1451473684210526
all,peak_share,all,all,0.8787862669473685,0.8447416589549074,0.2827705263157895
all,level,common,1,0.7988194506666666,0.748032964089594,0.44128
all,level,common,2,0.848706384,0.797806870058302,0.33842666666666665
all,level,common,3,0.8829949493333333,0.8342532121879962,0.26270666666666664
all,level,common,4,0.9025224266666666,0.8559946991330212,0.22058666666666663
all,level,common,5,0.9196614346666668,0.8761506190339728,0.18550666666666668
all,level,common,all,0.8705409290666667,0.8224476729005772,0.28970133333333337
all,level,extra,1,0.6951788000000001,0.6580168404541792,0.6593
all,level,extra,2,0.86422944,0.8161915149394564,0.3369
all,level,extra,3,0.87670684,0.8494681838555515,0.29025
all,level,extra,4,0.9501693299999999,0.9239357943993776,0.13475
all,level,extra,5,0.97410176,0.960045483079086,0.0806
all,level,extra,all,0.8720772340000001,0.8415315633455303,0.30036000000000007
all,level,all,1,0.7770003663157896,0.7290822012189804,0.4871789473684211
all,level,all,2,0.8519743957894736,0.801677321612229,0.3381052631578947
all,level,all,3,0.8816711368421052,0.8374563641180078,0.2685052631578947
all,level,all,4,0.9125533536842104,0.8702980876101488,0.2025157894736842
all,level,all,5,0.9311225557894737,0.8938126956750493,0.16342105263157897
all,level,all,all,0.8708643616842107,0.8264653340468829,0.29194526315789476
all,global_level,common,1,0.7519045093333333,0.7013355733392544,0.5223466666666666
all,global_level,common,2,0.8087652666666667,0.7576428003552476,0.4039866666666667
all,global_level,common,3,0.8489490133333334,0.8017518296429434,0.32310666666666665
all,global_level,common,4,0.8730113173333333,0.8297257278710697,0.27366666666666667
all,global_level,common,5,0.8912216746666667,0.850701273865585,0.24498666666666669
all,global_level,common,all,0.8347703562666666,0.78823144101482,0.3536186666666667
all,global_level,extra,1,0.6502835,0.6132102006914999,0.7281
all,global_level,extra,2,0.81917978,0.7674611024446067,0.4391
all,global_level,extra,3,0.85280227,0.8241390644224431,0.32715
all,global_level,extra,4,0.91704917,0.8916249202006095,0.20405
all,global_level,extra,5,0.95111039,0.935741915433959,0.14254999999999998
all,global_level,extra,all,0.8380850219999999,0.8064354406386236,0.36818999999999996
all,global_level,all,1,0.730510612631579,0.6827828633081483,0.5656631578947368
all,global_level,all,2,0.8109577957894737,0.7597098113214283,0.41137894736842107
all,global_level,all,3,0.8497602252631579,0.8064649317017855,0.3239578947368421
all,global_level,all,4,0.8822824442105263,0.8427571367825518,0.2590105263157894
all,global_level,all,5,0.903829825263158,0.868604566827348,0.22342105263157896
all,global_level,all,all,0.835468180631579,0.7920638619882525,0.3566863157894737
all,means_knn,common,1,0.7678030613333333,0.7259273060375526,0.5300133333333333
all,means_knn,common,2,0.822696848,0.7775033553798757,0.4145066666666667
all,means_knn,common,3,0.8640570506666666,0.8173585995998363,0.3222133333333333
all,means_knn,common,4,0.8874013253333334,0.8414238531673361,0.26394666666666666
all,means_knn,common,5,0.9038412106666666,0.8592550760577279,0.22258666666666665
all,means_knn,common,all,0.8491598992,0.8042936380484657,0.3506533333333333
all,means_knn,extra,1,0.62665426,0.6062654800552064,0.73905
all,means_knn,extra,2,0.78838964,0.7499688268886928,0.5033
all,means_knn,extra,3,0.86696755,0.838012002708618,0.34495
all,means_knn,extra,4,0.9533331599999999,0.9273784432267373,0.13685
all,means_knn,extra,5,0.97903524,0.9657552717416366,0.0655
all,means_knn,extra,all,0.84287597,0.8174760049241783,0.35793
all,means_knn,all,1,0.7380875242105263,0.7007353426728479,0.5740210526315789
all,means_knn,all,2,0.8154742778947368,0.7717066125396267,0.43320000000000003
all,means_knn,all,3,0.8646697873684211,0.8217066844648429,0.327
all,means_knn,all,4,0.9012817115789473,0.8595195563377365,0.23718947368421056
all,means_knn,all,5,0.9196715326315787,0.8816761698859191,0.18951578947368422
all,means_knn,all,all,0.8478369667368423,0.8070688731801947,0.3521852631578947
all,means_own,common,1,0.7172639733333334,0.6703802070626902,0.5980133333333334
all,means_own,common,2,0.7783051493333335,0.7281755040752074,0.47497333333333336
all,means_own,common,3,0.8261028399999998,0.7789912336439186,0.3750933333333333
all,means_own,common,4,0.8541188560000001,0.8098921866870038,0.31408
all,means_own,common,5,0.8723140719999999,0.8296847955797252,0.28274666666666665
all,means_own,common,all,0.8096209781333333,0.7634247854097092,0.40898133333333325
all,means_own,extra,1,0.6222396,0.5896407070556354,0.7923
all,means_own,extra,2,0.77991302,0.7326569322198293,0.53095
all,means_own,extra,3,0.8295845900000001,0.7974844830878871,0.3812
all,means_own,extra,4,0.89377481,0.8642530928204704,0.24535
all,means_own,extra,5,0.93454083,0.9136854159398744,0.1757
all,means_own,extra,all,0.81201057,0.7795441262247393,0.42510000000000003
all,means_own,all,1,0.6972588421052631,0.6533824175875208,0.6389157894736842
all,means_own,all,2,0.7786436484210526,0.72911896263197,0.4867578947368421
all,means_own,all,3,0.82683584,0.782884549316333,0.37637894736842104
all,means_own,all,4,0.8624674778947368,0.82133658797826,0.29961052631578944
all,means_own,all,5,0.8854144421052633,0.8473691367081777,0.26021052631578945
all,means_own,all,all,0.8101240501052631,0.7668183308444523,0.41237473684210535
all,saod_top3,common,1,0.5928113666666667,0.580140737384936,0.8790399999999999
all,saod_top3,common,2,0.63616908,0.6213134377808284,0.8317599999999999
all,saod_top3,common,3,0.6971342146666666,0.6834738250106014,0.7442399999999999
all,saod_top3,common,4,0.7460474453333333,0.7338783504367428,0.6646800000000003
all,saod_top3,common,5,0.7917658773333333,0.7820669435462243,0.5896399999999999
all,saod_top3,common,all,0.6927855968,0.6801746588318667,0.741872
all,saod_top3,extra,1,0.524707955,0.5178161881388428,0.93395
all,saod_top3,extra,2,0.56930996,0.5576769280168421,0.9045000000000001
all,saod_top3,extra,3,0.60785942,0.5939821169823964,0.8656999999999999
all,saod_top3,extra,4,0.672879325,0.6578525864297514,0.7988000000000001
all,saod_top3,extra,5,0.74515073,0.7324614650496618,0.69215
all,saod_top3,extra,all,0.6239814779999999,0.6119578569234989,0.83902
all,saod_top3,all,1,0.5784738063157895,0.5670197796489165,0.8906000000000001
all,saod_top3,all,2,0.6220934757894736,0.6079162778305156,0.8470736842105263
all,saod_top3,all,3,0.6783395210526316,0.6646334654257162,0.7698105263157895
all,saod_top3,all,4,0.7306436305263158,0.717872926435271,0.6929157894736843
all,saod_top3,all,5,0.7819521621052633,0.771623684915369,0.611221052631579
all,saod_top3,all,all,0.6783005191578948,0.6658132268511575,0.762324210526316
all,saod_min,common,1,0.607796484,0.5990825119448129,0.8890133333333332
all,saod_min,common,2,0.6576214773333334,0.6475911404095609,0.8457733333333335
all,saod_min,common,3,0.7227716573333335,0.7125918839854931,0.7444000000000001
all,saod_min,common,4,0.7731969293333333,0.7633435882194902,0.6480533333333334
all,saod_min,common,5,0.8159587586666668,0.80725609207376,0.5501199999999999
all,saod_min,common,all,0.7154690613333333,0.7059730433266235,0.7354719999999999
all,saod_min,extra,1,0.5319964400000001,0.5260503276111473,0.93605
all,saod_min,extra,2,0.5846933799999999,0.5765362438928078,0.91255
all,saod_min,extra,3,0.631534835,0.6222331111696068,0.87845
all,saod_min,extra,4,0.7046620100000001,0.6950819382481869,0.8110499999999999
all,saod_min,extra,5,0.778250775,0.7675748202503938,0.67995
all,saod_min,extra,all,0.6462274880000001,0.6374952882344285,0.84361
all,saod_min,all,1,0.5918385799999999,0.5837073152429886,0.8989157894736843
all,saod_min,all,2,0.6422681936842105,0.6326322148270864,0.8598315789473684
all,saod_min,all,3,0.703563905263158,0.6935689844453067,0.772621052631579
all,saod_min,all,4,0.758768525263158,0.7489727145413212,0.6823684210526316
all,saod_min,all,5,0.8080202357894737,0.798902140110946,0.5774526315789473
all,saod_min,all,all,0.700891888,0.6915566738335298,0.758237894736842
all,knn,common,1,0.645522732,0.6323869414881321,0.8113866666666667
all,knn,common,2,0.7022479826666667,0.6887686869872016,0.7485866666666665
all,knn,common,3,0.7592616853333335,0.7495771514698725,0.6946133333333333
all,knn,common,4,0.7989182493333333,0.7884530650772753,0.6421066666666666
all,knn,common,5,0.8266282959999999,0.8119102589059485,0.5892133333333333
all,knn,common,all,0.7465157890666667,0.734219220785686,0.6971813333333333
all,knn,extra,1,0.561535885,0.5503285325669438,0.9043
all,knn,extra,2,0.673901075,0.6615244272499446,0.7795
all,knn,extra,3,0.720332305,0.7090428953884883,0.73265
all,knn,extra,4,0.797231985,0.7813082869228668,0.5517
all,knn,extra,5,0.8504393100000001,0.8340577165187845,0.45725000000000005
all,knn,extra,all,0.7206881119999999,0.7072523717294057,0.6850799999999999
all,knn,all,1,0.6278412905263157,0.6151114869784082,0.8309473684210527
all,knn,all,2,0.696280212631579,0.6830330533583054,0.7550947368421052
all,knn,all,3,0.7510660263157896,0.7410436238737916,0.7026210526315789
all,knn,all,4,0.7985632463157895,0.7869489012552946,0.6230736842105263
all,knn,all,5,0.8316411410526316,0.8165728815612824,0.5614315789473684
all,knn,all,all,0.7410783833684209,0.7285419894054164,0.6946336842105263
all,discopatch,common,1,0.677775256,0.6488958613414828,0.7443866666666668
all,discopatch,common,2,0.7325884386666668,0.7000097417994872,0.6356266666666668
all,discopatch,common,3,0.7768184719999999,0.7397707744262744,0.5432
all,discopatch,common,4,0.8052911266666667,0.7665957057161119,0.48020000000000007
all,discopatch,common,5,0.8251558999999999,0.7872303446860929,0.4318133333333334
all,discopatch,common,all,0.7635258386666668,0.7285004855938898,0.5670453333333334
all,discopatch,extra,1,0.6333820450000001,0.6136646256030449,0.81535
all,discopatch,extra,2,0.75498659,0.714279911330477,0.6375
all,discopatch,extra,3,0.755998525,0.7282572426900673,0.5627
all,discopatch,extra,4,0.78685026,0.7492246525823881,0.48555000000000004
all,discopatch,extra,5,0.8241512599999999,0.7807307483414526,0.3992
all,discopatch,extra,all,0.751073736,0.7172314361094859,0.58006
all,discopatch,all,1,0.6684293168421053,0.6414787590807591,0.7593263157894736
all,discopatch,all,2,0.7373038389473684,0.7030139880165376,0.6360210526315789
all,discopatch,all,3,0.7724353252631581,0.7373468730081255,0.5473052631578949
all,discopatch,all,4,0.8014088389473685,0.7629386418984857,0.48132631578947366
all,discopatch,all,5,0.8249443968421053,0.785862008613537,0.42494736842105263
all,discopatch,all,all,0.7609043433684214,0.726128054123489,0.5697852631578948
all,cdf,common,1,0.7286234319999998,0.6812320720296478,0.61764
all,cdf,common,2,0.8005721546666668,0.7509771102290532,0.4720933333333334
all,cdf,common,3,0.8528552826666668,0.8076875964243652,0.3629066666666667
all,cdf,common,4,0.8855823626666667,0.8470179031072813,0.2849466666666666
all,cdf,common,5,0.9059942933333335,0.871655558262535,0.23745333333333332
all,cdf,common,all,0.8347255050666668,0.7917140480105765,0.3950080000000001
all,cdf,extra,1,0.60240624,0.5711967878489194,0.8203
all,cdf,extra,2,0.7589436900000001,0.7086448982976741,0.56745
all,cdf,extra,3,0.83597353,0.8054002435148708,0.39275000000000004
all,cdf,extra,4,0.9146340000000001,0.886759334050772,0.22675
all,cdf,extra,5,0.9569141099999999,0.9369655031507269,0.12115000000000001
all,cdf,extra,all,0.813774314,0.7817933533725927,0.42568
all,cdf,all,1,0.7020513915789474,0.6580667490442313,0.6603052631578947
all,cdf,all,2,0.7918082673684211,0.7420650656119208,0.4921684210526316
all,cdf,all,3,0.8493012294736842,0.8072060484434189,0.3691894736842105
all,cdf,all,4,0.8916984968421052,0.8553845201480162,0.27269473684210527
all,cdf,all,5,0.9167142547368421,0.8854050203442596,0.21296842105263158
all,cdf,all,all,0.8303147280000001,0.7896254807183691,0.4014652631578947
all,cdf_sum,common,1,0.7055287626666668,0.6655467408601617,0.6770266666666667
all,cdf_sum,common,2,0.779645248,0.7354586356527272,0.533
all,cdf_sum,common,3,0.8387584013333333,0.7999230355725505,0.40886666666666666
all,cdf_sum,common,4,0.8761302413333335,0.8449021735748327,0.3200933333333333
all,cdf_sum,common,5,0.8988396200000001,0.8719519377363764,0.26609333333333335
all,cdf_sum,common,all,0.8197804546666667,0.7835565046793297,0.441016
all,cdf_sum,extra,1,0.58439711,0.5594983605300805,0.8628499999999999
all,cdf_sum,extra,2,0.738116985,0.7002316009434981,0.6372
all,cdf_sum,extra,3,0.817168605,0.789447572953986,0.4383
all,cdf_sum,extra,4,0.88979415,0.8647285335142675,0.27249999999999996
all,cdf_sum,extra,5,0.93361852,0.914767681200483,0.17725
all,cdf_sum,extra,all,0.792619074,0.765734749828463,0.47761999999999993
all,cdf_sum,all,1,0.6800273621052632,0.6432207660538288,0.7161473684210528
all,cdf_sum,all,2,0.7709024557894737,0.7280424178192052,0.5549368421052631
all,cdf_sum,all,3,0.8342131810526316,0.7977176750212736,0.41506315789473686
all,cdf_sum,all,4,0.8790068536842105,0.8490761440883979,0.3100736842105263
all,cdf_sum,all,5,0.9061614936842104,0.8809657784656618,0.2473894736842105
all,cdf_sum,all,all,0.8140622692631578,0.7798045562896735,0.44872210526315787
all,niqe,common,1,0.8090519546666666,0.7834321516060012,0.4376133333333333
all,niqe,common,2,0.8426983653333334,0.8238688055611229,0.36596
all,niqe,common,3,0.8587745653333335,0.843607113317646,0.3363466666666667
all,niqe,common,4,0.8762026666666667,0.8660696640490769,0.28665333333333337
all,niqe,common,5,0.8843767786666668,0.8749830655396571,0.26209333333333334
all,niqe,common,all,0.8542208661333333,0.8383921600147007,0.3377333333333334
all,niqe,extra,1,0.676432005,0.6525462990288593,0.64355
all,niqe,extra,2,0.7442291550000001,0.7170389558743127,0.56105
all,niqe,extra,3,0.806941935,0.7888880361251764,0.4183
all,niqe,extra,4,0.7737411399999999,0.7555004569975703,0.43320000000000003
all,niqe,extra,5,0.82380216,0.8085865425413657,0.33825
all,niqe,extra,all,0.765029279,0.7445120581134568,0.47887
all,niqe,all,1,0.7811319652631579,0.7558772352739715,0.4809684210526316
all,niqe,all,2,0.8219680052631579,0.8013783108902155,0.40703157894736847
all,niqe,all,3,0.847862432631579,0.8320873075929155,0.3536
all,niqe,all,4,0.8546318189473684,0.8427919362487599,0.31750526315789473
all,niqe,all,5,0.871624227368421,0.8610048501715957,0.27812631578947367
all,niqe,all,all,0.8354436898947369,0.8186279280354918,0.3674463157894736
all,niqe_default,common,1,0.7509602133333334,0.7327503199138096,0.49621333333333334
all,niqe_default,common,2,0.78574932,0.7750433673930975,0.41953333333333326
all,niqe_default,common,3,0.7995013386666666,0.7891216659961446,0.3955066666666667
all,niqe_default,common,4,0.823190048,0.8169615969570132,0.3372133333333333
all,niqe_default,common,5,0.8334381040000001,0.8305734995524231,0.31518666666666667
all,niqe_default,common,all,0.7985678048,0.7888900899624977,0.3927306666666667
all,niqe_default,extra,1,0.699653005,0.674704011972847,0.5935
all,niqe_default,extra,2,0.782336985,0.761630440133223,0.4554
all,niqe_default,extra,3,0.826241685,0.8120069874964195,0.35385
all,niqe_default,extra,4,0.81398822,0.7994761242882192,0.35015
all,niqe_default,extra,5,0.8564338200000001,0.8403193306809569,0.28815
all,niqe_default,extra,all,0.7957307429999999,0.7776273789143331,0.40820999999999996
all,niqe_default,all,1,0.7401586957894736,0.7205300445578173,0.5166947368421052
all,niqe_default,all,2,0.7850309336842105,0.772219593233124,0.42708421052631573
all,niqe_default,all,3,0.8051308852631578,0.7939396284172552,0.3867368421052632
all,niqe_default,all,4,0.8212528210526314,0.8132804448162144,0.33993684210526315
all,niqe_default,all,5,0.8382793073684209,0.8326252534742196,0.30949473684210527
all,niqe_default,all,all,0.7979705286315788,0.7865189928997262,0.3959894736842105
all,arniqa,common,1,0.8766317826666667,0.8588179783871126,0.2869466666666666
all,arniqa,common,2,0.9175676346666666,0.9067863217941341,0.20888000000000004
all,arniqa,common,3,0.9370211319999999,0.9313263327647718,0.16081333333333334
all,arniqa,common,4,0.9504766053333333,0.9484140151353786,0.1194
all,arniqa,common,5,0.9533239760000002,0.9508456179256833,0.11578666666666666
all,arniqa,common,all,0.9270042261333334,0.919238053201416,0.17836533333333332
all,arniqa,extra,1,0.84574103,0.8198935289507608,0.33374999999999994
all,arniqa,extra,2,0.9109018950000001,0.8976793471212958,0.2299
all,arniqa,extra,3,0.883862845,0.8631175012718868,0.33719999999999994
all,arniqa,extra,4,0.936537345,0.9141875736419385,0.171
all,arniqa,extra,5,0.9478449200000001,0.9258845450165563,0.14035
all,arniqa,extra,all,0.904977607,0.8841524992004877,0.24244000000000004
all,arniqa,all,1,0.8701284663157896,0.8506233574531439,0.2968
all,arniqa,all,2,0.9161643210526315,0.9048690639682734,0.21330526315789472
all,arniqa,all,3,0.9258299136842106,0.9169665787662697,0.1979473684210526
all,arniqa,all,4,0.9475420242105264,0.9412084485051804,0.13026315789473683
all,arniqa,all,5,0.952170490526316,0.9455906552079725,0.12095789473684211
all,arniqa,all,all,0.9223670431578945,0.911851620780168,0.19185473684210524
all,arniqa_proto,common,1,0.9241719239999998,0.9077180211041476,0.17957333333333333
all,arniqa_proto,common,2,0.942145428,0.9287410755190636,0.13769333333333333
all,arniqa_proto,common,3,0.9495141413333333,0.9371458773001091,0.12045333333333334
all,arniqa_proto,common,4,0.9553407973333332,0.9443580107353271,0.10405333333333332
all,arniqa_proto,common,5,0.9583027173333335,0.9478266607453679,0.09691999999999999
all,arniqa_proto,common,all,0.9458950016,0.9331579290808031,0.12773866666666667
all,arniqa_proto,extra,1,0.845431135,0.8227862316333212,0.30810000000000004
all,arniqa_proto,extra,2,0.8897925950000001,0.8597590746322992,0.23489999999999997
all,arniqa_proto,extra,3,0.8595520299999999,0.82259214898028,0.33965
all,arniqa_proto,extra,4,0.894221565,0.865333851629476,0.1999
all,arniqa_proto,extra,5,0.910720525,0.8819059308502988,0.17225
all,arniqa_proto,extra,all,0.87994357,0.8504754475451349,0.25096
all,arniqa_proto,all,1,0.9075949157894737,0.8898376443734474,0.20663157894736842
all,arniqa_proto,all,2,0.9311237789473684,0.914218549016587,0.1581578947368421
all,arniqa_proto,all,3,0.9305747494736841,0.913029302916987,0.1666
all,arniqa_proto,all,4,0.9424735905263159,0.927721345660411,0.12423157894736842
all,arniqa_proto,all,5,0.9482854136842104,0.9339486123464058,0.11277894736842105
all,arniqa_proto,all,all,0.9320104896842106,0.9157510908627677,0.15367999999999998
all,clipiqa,common,1,0.7548030066666667,0.7153941556540961,0.59704
all,clipiqa,common,2,0.7963358173333334,0.7529740673792282,0.5043866666666666
all,clipiqa,common,3,0.8076383586666668,0.7591574694940121,0.4710933333333333
all,clipiqa,common,4,0.822191872,0.7751280987171533,0.40843999999999997
all,clipiqa,common,5,0.8240577706666666,0.7762760390662901,0.3798666666666667
all,clipiqa,common,all,0.8010053650666666,0.7557859660621559,0.4721653333333333
all,clipiqa,extra,1,0.62944553,0.6000923990486966,0.7667499999999999
all,clipiqa,extra,2,0.6266586350000001,0.5978749792286913,0.718
all,clipiqa,extra,3,0.6789385450000001,0.631803309408338,0.6708000000000001
all,clipiqa,extra,4,0.69122879,0.6478907620870622,0.6426499999999999
all,clipiqa,extra,5,0.72678028,0.6741788917513525,0.5836
all,clipiqa,extra,all,0.670610356,0.630368068304828,0.6763600000000001
all,clipiqa,all,1,0.7284119589473685,0.6911201016319068,0.6327684210526316
all,clipiqa,all,2,0.7606143052631579,0.7203216277685889,0.549357894736842
all,clipiqa,all,3,0.7805436610526317,0.7323460673707122,0.5131368421052632
all,clipiqa,all,4,0.7946206968421053,0.7483412910055551,0.4577473684210527
all,clipiqa,all,5,0.8035782989473684,0.7547819027894611,0.42275789473684217
all,clipiqa,all,all,0.7735537842105263,0.7293821981132449,0.5151536842105262
untouched,two_axis,common,1,0.8259631553914467,0.7842534008127281,0.4091969196919692
untouched,two_axis,common,2,0.8751865793840108,0.8404823489762007,0.29190319031903195
untouched,two_axis,common,3,0.9022781862344651,0.873215180786963,0.22970297029702974
untouched,two_axis,common,4,0.9184744415035564,0.892378800521096,0.1948954895489549
untouched,two_axis,common,5,0.9317765505923531,0.9063170986242741,0.16796479647964796
untouched,two_axis,common,all,0.8907357826211662,0.8593293659442524,0.2587326732673267
untouched,two_axis,extra,1,0.7047398539358887,0.6671783312353163,0.6597359735973598
untouched,two_axis,extra,2,0.8761764233354028,0.8420601688953468,0.34125412541254124
untouched,two_axis,extra,3,0.8655433427006066,0.8537002820922203,0.29950495049504955
untouched,two_axis,extra,4,0.9377462449215219,0.9208893481437004,0.16336633663366334
untouched,two_axis,extra,5,0.9664818536309077,0.9577802181946442,0.108003300330033
untouched,two_axis,extra,all,0.8701375437048655,0.8483216697122457,0.3143729372937294
untouched,two_axis,all,1,0.8004424603481713,0.7596060177437992,0.46194198367205136
untouched,two_axis,all,2,0.8753949675843039,0.8408145215907576,0.3022928608650339
untouched,two_axis,all,3,0.8945445349641791,0.869106781061754,0.24439812402292863
untouched,two_axis,all,4,0.9225316632757598,0.8983810210732232,0.18825777314573564
untouched,two_axis,all,5,0.9390829301794172,0.9171514395864573,0.15534132360604483
untouched,two_axis,all,all,0.8863993112703662,0.8570119562111984,0.27044641306235884
untouched,peak_share,common,1,0.809137608150254,0.7696566207077856,0.44552255225522547
untouched,peak_share,common,2,0.8710058490997614,0.8369137782491634,0.3060726072607261
untouched,peak_share,common,3,0.8997321322891364,0.8681222716975756,0.23775577557755775
untouched,peak_share,common,4,0.919323653817527,0.8907881401425801,0.19458745874587458
untouched,peak_share,common,5,0.9361127630914906,0.9103217260189516,0.1572057205720572
untouched,peak_share,common,all,0.8870624012896339,0.8551605073632114,0.2682288228822883
untouched,peak_share,extra,1,0.695802004705421,0.6637866521315956,0.6751650165016502
untouched,peak_share,extra,2,0.83139334106678,0.7861624255876699,0.40066006600660065
untouched,peak_share,extra,3,0.8524820415209838,0.8178047108939098,0.33127062706270627
untouched,peak_share,extra,4,0.9141786752932719,0.8719403677982039,0.20346534653465348
untouched,peak_share,extra,5,0.955116873073446,0.9215506550469514,0.10643564356435643
untouched,peak_share,extra,all,0.8497945871319807,0.812248962291666,0.34339933993399335
untouched,peak_share,all,1,0.7852774811092366,0.747368206270693,0.49386833420184123
untouched,peak_share,all,2,0.8626663737243969,0.8262292829520068,0.32598575647038386
untouched,peak_share,all,3,0.8897847447589989,0.857529101002067,0.25744311273232584
untouched,peak_share,all,4,0.9182405004439996,0.8868201880700797,0.19645648775403857
untouched,peak_share,all,5,0.9401136283508498,0.9126857110774782,0.1465172833072781
untouched,peak_share,all,all,0.8792165456774964,0.8461264978744648,0.2840541948931736
untouched,level,common,1,0.7975054951039657,0.7460737372698236,0.44323432343234326
untouched,level,common,2,0.8475246580763687,0.7958184007362284,0.338965896589659
untouched,level,common,3,0.8818353465709606,0.8323888479363649,0.2634983498349835
untouched,level,common,4,0.9015734913425336,0.85442338848534,0.22257425742574258
untouched,level,common,5,0.918608807415395,0.8743188682153042,0.1864026402640264
untouched,level,common,all,0.8694095597018449,0.8206046485286123,0.29093509350935093
untouched,level,extra,1,0.694421475563398,0.6563627378362512,0.6628712871287129
untouched,level,extra,2,0.8630960880741539,0.8139040181365198,0.338036303630363
untouched,level,extra,3,0.8753877479332092,0.8472724923657518,0.2940594059405941
untouched,level,extra,4,0.9495676622117657,0.9225656855235056,0.13382838283828383
untouched,level,extra,5,0.973783888289819,0.9587418281889187,0.08135313531353136
untouched,level,extra,all,0.8712513724144693,0.8397693524101892,0.3020297029702971
untouched,level,all,1,0.77580359625332,0.7271872110732822,0.48947368421052634
untouched,level,all,2,0.8508028538653761,0.7996258991362897,0.33877019280875453
untouched,level,all,3,0.8804779573840656,0.8355222467636042,0.2699322563835331
untouched,level,all,4,0.9116775273150035,0.8687691352302167,0.2038909154073302
untouched,level,all,5,0.9302246139152737,0.8920921229465913,0.1642869550112906
untouched,level,all,all,0.8697973097466078,0.8246393230299967,0.29327080076428697
untouched,global_level,common,1,0.7507204958119574,0.6998040784077507,0.5248184818481848
untouched,global_level,common,2,0.8077975434507146,0.7560643684545496,0.4071727172717272
untouched,global_level,common,3,0.8480765139220195,0.8002231646736102,0.32407040704070417
untouched,global_level,common,4,0.8723750104383375,0.8283615846026339,0.2743234323432343
untouched,global_level,common,5,0.8904119712301264,0.84909970209037,0.24587458745874588
untouched,global_level,common,all,0.833876306970631,0.786710579645783,0.35525192519251925
untouched,global_level,extra,1,0.6491987577470619,0.6118066278786902,0.7333333333333333
untouched,global_level,extra,2,0.8176966718949122,0.7650411106238559,0.446947194719472
untouched,global_level,extra,3,0.851705728741191,0.8221906898970937,0.3303630363036304
untouched,global_level,extra,4,0.9161447679421408,0.8903744346621788,0.2051155115511551
untouched,global_level,extra,5,0.950916794649762,0.9344357907836454,0.14207920792079207
untouched,global_level,extra,all,0.8371325441950134,0.8047697307690929,0.3715676567656766
untouched,global_level,all,1,0.729347498324611,0.6812782993490011,0.5687163453187425
untouched,global_level,all,2,0.8098815704915983,0.7579542089112457,0.41554629147125244
untouched,global_level,all,3,0.8488405591471079,0.8048479068259224,0.3253951710960569
untouched,global_level,all,4,0.8815896962286119,0.841416921457275,0.25975334375542825
untouched,global_level,all,5,0.9031498287921549,0.8670651944468489,0.22402292860865036
untouched,global_level,all,all,0.8345618305968171,0.7905125061980587,0.35868681605002606
untouched,means_knn,common,1,0.767557073199069,0.7258679115654417,0.5305830583058306
untouched,means_knn,common,2,0.8225669233590026,0.7771243138820971,0.4148514851485148
untouched,means_knn,common,3,0.8638643125038576,0.8168177173360276,0.3214081408140814
untouched,means_knn,common,4,0.8871655211725792,0.8408851831867609,0.264972497249725
untouched,means_knn,common,5,0.9034927730396802,0.858527786796754,0.2235203520352035
untouched,means_knn,common,all,0.8489293206548377,0.8038445825534163,0.35106710671067104
untouched,means_knn,extra,1,0.625916045812502,0.6060568685040527,0.7395214521452145
untouched,means_knn,extra,2,0.7878997565598145,0.7495377193524566,0.5063531353135313
untouched,means_knn,extra,3,0.8666137170647757,0.8369499186834617,0.3448844884488449
untouched,means_knn,extra,4,0.9532093531135292,0.9270907098005753,0.1358085808580858
untouched,means_knn,extra,5,0.9792603666307226,0.9657070676727718,0.06534653465346535
untouched,means_knn,extra,all,0.8425798478362688,0.8170684568026637,0.35838283828382833
untouched,means_knn,all,1,0.7377379095387392,0.7006445340788335,0.5745700885878061
untouched,means_knn,all,2,0.8152685724539104,0.7713166097705939,0.43411499044641305
untouched,means_knn,all,3,0.8644431345166825,0.8210560755144348,0.32635052978982104
untouched,means_knn,all,4,0.9010694857917267,0.8590337151054586,0.23778009379885356
untouched,means_knn,all,5,0.9194438453746364,0.8810918459285473,0.19022060100746915
untouched,means_knn,all,all,0.847592589535139,0.8066285560795735,0.3526072607260726
untouched,means_own,common,1,0.7166575898513943,0.6699492636279022,0.6005280528052805
untouched,means_own,common,2,0.7778542408696314,0.727551081237859,0.47555555555555556
untouched,means_own,common,3,0.8257784240470253,0.7784350065943936,0.3766336633663367
untouched,means_own,common,4,0.8541271117210729,0.809565533421901,0.3145214521452145
untouched,means_own,common,5,0.8721654449273311,0.8292084913666078,0.2818701870187018
untouched,means_own,common,all,0.8093165622832911,0.7629418752497327,0.4098217821782178
untouched,means_own,extra,1,0.6213593302399547,0.5889788706288734,0.7966996699669966
untouched,means_own,extra,2,0.7788214799202692,0.7313195881845711,0.5374587458745874
untouched,means_own,extra,3,0.8289512329945865,0.796366804814051,0.3852310231023103
untouched,means_own,extra,4,0.8935078260301277,0.8639478057247154,0.2451320132013201
untouched,means_own,extra,5,0.9345570423378972,0.9131546224756865,0.17442244224422443
untouched,means_own,extra,all,0.8114393823045672,0.7787535383655795,0.42778877887788774
untouched,means_own,all,1,0.6965947983542492,0.6529028651017909,0.6418273406287996
untouched,means_own,all,2,0.7780578701434501,0.7283444511213774,0.488587806149036
untouched,means_own,all,3,0.8264463838254592,0.782210122009058,0.3784436338370679
untouched,means_own,all,4,0.8624177884177161,0.8210144328540724,0.29991314920965784
untouched,means_own,all,5,0.8853005180663975,0.8468813610737823,0.25924960917144346
untouched,means_own,all,all,0.8097634717614544,0.7662706464320164,0.41360430779920104
untouched,saod_top3,common,1,0.5920159643027009,0.5778103665076747,0.8800220022002201
untouched,saod_top3,common,2,0.6350930954481587,0.6181801750498997,0.8344114411441145
untouched,saod_top3,common,3,0.6953828128687456,0.6791003230909655,0.746006600660066
untouched,saod_top3,common,4,0.743715550762997,0.7284625193730888,0.6672387238723873
untouched,saod_top3,common,5,0.7892706996772283,0.7764294411621766,0.5884708470847084
untouched,saod_top3,common,all,0.6910956246119663,0.675996565036761,0.7432299229922993
untouched,saod_top3,extra,1,0.5246086984936118,0.5173495395168308,0.9317656765676569
untouched,saod_top3,extra,2,0.5695314457188293,0.5566411698636099,0.9039603960396039
untouched,saod_top3,extra,3,0.6074014802470346,0.5914480971660667,0.8669141914191419
untouched,saod_top3,extra,4,0.6716423771089981,0.6535292259898438,0.7975247524752476
untouched,saod_top3,extra,5,0.7432236627128059,0.7270464279888956,0.695957095709571
untouched,saod_top3,extra,all,0.623281532856256,0.6092028921050493,0.8392244224422443
untouched,saod_top3,all,1,0.5778249609744716,0.5650817713517075,0.8909154073302067
untouched,saod_top3,all,2,0.621290642873563,0.6052245950106807,0.8490533263852701
untouched,saod_top3,all,3,0.6768604270536486,0.6606472228962499,0.7714608302935556
untouched,saod_top3,all,4,0.7285422510463657,0.7126870891871424,0.6946673614729894
untouched,saod_top3,all,5,0.7795765866320868,0.7660330173362228,0.6110995310057321
untouched,saod_top3,all,all,0.6768189737160271,0.6619347391564007,0.7634392912975507
untouched,saod_min,common,1,0.607760782348862,0.598363911452155,0.8858525852585258
untouched,saod_min,common,2,0.6569588166737467,0.6456794523310344,0.8414521452145216
untouched,saod_min,common,3,0.7214656878229078,0.709399355222266,0.7478107810781078
untouched,saod_min,common,4,0.7716170927323757,0.7594370767429164,0.6508910891089109
untouched,saod_min,common,5,0.814686152773693,0.8034916518319638,0.5565456545654565
untouched,saod_min,common,all,0.7144977064703169,0.7032742895160672,0.7365104510451045
untouched,saod_min,extra,1,0.5324217124682765,0.5266957813916312,0.9342409240924092
untouched,saod_min,extra,2,0.5847865269200188,0.5762895029486428,0.9103960396039604
untouched,saod_min,extra,3,0.6307583134551078,0.6202125591177222,0.8768976897689769
untouched,saod_min,extra,4,0.7038771525667419,0.6919636499645375,0.8136138613861386
untouched,saod_min,extra,5,0.77730998594909,0.7634622141189463,0.6786303630363035
untouched,saod_min,extra,all,0.645830738271847,0.635724741508296,0.8427557755775578
untouched,saod_min,all,1,0.5918999255318966,0.583275884070992,0.8960396039603961
untouched,saod_min,all,2,0.6417646504098039,0.6310710419347415,0.8559666492965088
untouched,saod_min,all,3,0.7023693984823183,0.6906231876213095,0.7749869723814486
untouched,saod_min,all,4,0.7573560526975052,0.7452321447895734,0.6851485148514852
untouched,saod_min,all,5,0.8068174860737767,0.7950644017871181,0.582247698454056
untouched,saod_min,all,all,0.7000415026390601,0.6890533320407468,0.7588778877887787
untouched,knn,common,1,0.6450876856662563,0.6340876692636255,0.8142354235423542
untouched,knn,common,2,0.7014084349028962,0.6903321277012153,0.7513751375137514
untouched,knn,common,3,0.758070741067506,0.7505720565400826,0.6989438943894388
untouched,knn,common,4,0.7975789592160536,0.7893580880351396,0.6501870187018702
untouched,knn,common,5,0.8252720684609716,0.8131442105962721,0.5964576457645765
untouched,knn,common,all,0.7454835778627369,0.735498830427267,0.7022398239823983
untouched,knn,extra,1,0.5609242421766929,0.5509368321541558,0.9061056105610561
untouched,knn,extra,2,0.6732964224640285,0.662281394027969,0.7849009900990098
untouched,knn,extra,3,0.7198091554204926,0.7103741151600598,0.7344059405940594
untouched,knn,extra,4,0.7970063120173404,0.7824193230829437,0.5542079207920791
untouched,knn,extra,5,0.8509737062815192,0.836467239187713,0.4580858085808581
untouched,knn,extra,all,0.7204019676720147,0.7084957807225682,0.6875412541254126
untouched,knn,all,1,0.627369065984243,0.6165822298721583,0.8335765155462916
untouched,knn,all,2,0.6954901164947136,0.684426710085795,0.7584332117422268
untouched,knn,all,3,0.7500156704049769,0.7421093320390253,0.7064095883272539
untouched,knn,all,4,0.7974584019110613,0.7878972954136246,0.6299808928261248
untouched,knn,all,5,0.8306829395810867,0.8180543218786807,0.5673267326732674
untouched,knn,all,all,0.7402032388752166,0.7298139778578567,0.6991453882230328
untouched,discopatch,common,1,0.6761855881957832,0.6462970039289845,0.7486248624862486
untouched,discopatch,common,2,0.7307632730269726,0.6968543976697309,0.6393179317931793
untouched,discopatch,common,3,0.7746432884212514,0.736040237487322,0.5468426842684269
untouched,discopatch,common,4,0.8027464010427446,0.7622928784954586,0.4843564356435643
untouched,discopatch,common,5,0.8226638310695757,0.7828999838776778,0.4384158415841584
untouched,discopatch,common,all,0.7614004763512654,0.7248769002918346,0.5715115511551155
untouched,discopatch,extra,1,0.6315325703362415,0.6108953742036356,0.818976897689769
untouched,discopatch,extra,2,0.7519282423291834,0.7097818508132956,0.6410891089108911
untouched,discopatch,extra,3,0.7536198793146642,0.7242147546249461,0.5642739273927393
untouched,discopatch,extra,4,0.7836864305242406,0.7442772660869588,0.4931518151815182
untouched,discopatch,extra,5,0.8206294589855025,0.7748179663254295,0.40577557755775573
untouched,discopatch,extra,all,0.7482793162979664,0.7127974424108532,0.5846534653465347
untouched,discopatch,all,1,0.6667849528569324,0.6388440292499638,0.7634358172659371
untouched,discopatch,all,2,0.7352190560379643,0.6995759667525865,0.6396908111863817
untouched,discopatch,all,3,0.7702173075567067,0.7335506621478743,0.5505124196630189
untouched,discopatch,all,4,0.7987337756704279,0.758500117988406,0.48620809449365987
untouched,discopatch,all,5,0.8222355422097707,0.7811985064982573,0.4315442070522842
untouched,discopatch,all,all,0.7586381268663603,0.7223338565274173,0.5742782699322564
untouched,cdf,common,1,0.729482694144002,0.6825239958228316,0.6199779977997799
untouched,cdf,common,2,0.8018870481107515,0.7522196804479856,0.47181518151815177
untouched,cdf,common,3,0.8541091323653818,0.8085555768569495,0.36165016501650166
untouched,cdf,common,4,0.8867424471820118,0.8475231418432659,0.28303630363036303
untouched,cdf,common,5,0.9068204424402836,0.8719625036499805,0.23621562156215622
untouched,cdf,common,all,0.8358083528484861,0.7925569797242026,0.3945390539053905
untouched,cdf,extra,1,0.602764366783213,0.5722981879663673,0.8216171617161716
untouched,cdf,extra,2,0.7601214341731202,0.7104620287465109,0.5728547854785478
untouched,cdf,extra,3,0.8368723246086984,0.8057708056366002,0.3917491749174917
untouched,cdf,extra,4,0.9151569018287967,0.8866630638335622,0.22986798679867987
untouched,cdf,extra,5,0.957533602370138,0.9366893627422761,0.11815181518151815
untouched,cdf,extra,all,0.8144897259527932,0.7823766897850633,0.42684818481848186
untouched,cdf,all,1,0.7028051515417305,0.6593185625898919,0.6624283480979676
untouched,cdf,all,2,0.7930942872817767,0.7434285958792538,0.4930866770887616
untouched,cdf,all,3,0.8504803307323957,0.8079693092316127,0.367986798679868
untouched,cdf,all,4,0.8927244376339666,0.8557631254201705,0.2718429737710613
untouched,cdf,all,5,0.9174968971623582,0.8855892108273057,0.21136008337675874
untouched,cdf,all,all,0.8313202208704455,0.790413760789647,0.4013409762028834
untouched,cdf_sum,common,1,0.7074654518257105,0.6678950582435451,0.6787018701870186
untouched,cdf_sum,common,2,0.7821980125405279,0.737943127856918,0.5305390539053905
untouched,cdf_sum,common,3,0.8409605848373616,0.8016258590964825,0.40629262926292625
untouched,cdf_sum,common,4,0.8779713826168096,0.8458295956957901,0.31731573157315734
untouched,cdf_sum,common,5,0.9002481782831749,0.8725753255151745,0.2638723872387239
untouched,cdf_sum,common,all,0.8217687220207168,0.7851737932815821,0.43934433443344345
untouched,cdf_sum,extra,1,0.585286069448529,0.560910217822818,0.86493399339934
untouched,cdf_sum,extra,2,0.7403621240836955,0.7027474364012923,0.6408415841584159
untouched,cdf_sum,extra,3,0.8192978765698352,0.7910775951141251,0.43539603960396045
untouched,cdf_sum,extra,4,0.891302187149408,0.8654840876386065,0.27103960396039606
untouched,cdf_sum,extra,5,0.9349321417290244,0.9149446286677974,0.17500000000000002
untouched,cdf_sum,extra,all,0.7942360797960984,0.7670327931289279,0.4774422442244224
untouched,cdf_sum,all,1,0.6817434765884091,0.6453719339444447,0.7179086329685599
untouched,cdf_sum,all,2,0.7733904570759316,0.7305335086031021,0.553760639221817
untouched,cdf_sum,all,3,0.8364000146757771,0.799405171942302,0.41241966301893346
untouched,cdf_sum,all,4,0.8807778677815671,0.849967383473225,0.3075733889178391
untouched,cdf_sum,all,5,0.9075500653244063,0.8814951788104635,0.2451624109779399
untouched,cdf_sum,all,all,0.8159723762892183,0.7813546353547074,0.4473649470210178
untouched,niqe,common,1,0.8095929665573819,0.7840533820850853,0.4381518151815181
untouched,niqe,common,2,0.843094504169889,0.8238751745044183,0.3644664466446645
untouched,niqe,common,3,0.8586105719482838,0.8433521797933167,0.335027502750275
untouched,niqe,common,4,0.8760854309853426,0.865968899533165,0.2878987898789879
untouched,niqe,common,5,0.8844698885730156,0.8749442803617772,0.2618921892189219
untouched,niqe,common,all,0.8543706724467827,0.8384387832555524,0.3374873487348735
untouched,niqe,extra,1,0.6770400096940387,0.6532985557614769,0.6392739273927392
untouched,niqe,extra,2,0.7448181142371663,0.7183072019034326,0.560891089108911
untouched,niqe,extra,3,0.8069841328192224,0.7890843167834667,0.4193894389438944
untouched,niqe,extra,4,0.7737853315034474,0.7556481050063427,0.43184818481848186
untouched,niqe,extra,5,0.8243054602489952,0.8087679499019901,0.33613861386138616
untouched,niqe,extra,all,0.7653866097005741,0.7450212258713418,0.47750825082508247
untouched,niqe,all,1,0.7816870809019412,0.7565260502274839,0.4804933124891436
untouched,niqe,all,2,0.8224047378682633,0.8016503381673686,0.4058190029529269
untouched,niqe,all,3,0.8477418479211131,0.8319273665280852,0.3527879103699844
untouched,niqe,all,4,0.8545485679365227,0.8427434691064656,0.31820392565572353
untouched,niqe,all,5,0.8718036931363797,0.8610124213176115,0.2775230154594407
untouched,niqe,all,all,0.8356371855528443,0.818771929069403,0.3669654333854438
untouched,niqe_default,common,1,0.7511005021294209,0.732175504751632,0.49678767876787683
untouched,niqe_default,common,2,0.7859487196244377,0.7741872301212609,0.4188778877887789
untouched,niqe_default,common,3,0.799743118866342,0.7885288435946307,0.39388338833883385
untouched,niqe_default,common,4,0.8235103312311428,0.8164632793752475,0.3362156215621563
untouched,niqe_default,common,5,0.833877085398309,0.8302194663674977,0.3143234323432343
untouched,niqe_default,common,all,0.7988359514499305,0.7883148648420537,0.392017601760176
untouched,niqe_default,extra,1,0.6999250754283348,0.6746235353162291,0.5922442244224422
untouched,niqe_default,extra,2,0.7825783011469465,0.7611245401757464,0.45404290429042904
untouched,niqe_default,extra,3,0.8263394247840625,0.8114477491154372,0.3523102310231023
untouched,niqe_default,extra,4,0.8139607228049538,0.7991664169258799,0.3502475247524752
untouched,niqe_default,extra,5,0.8569212168741627,0.8402721431134292,0.28803630363036303
untouched,niqe_default,extra,all,0.7959449482076921,0.7773268769293443,0.40737623762376235
untouched,niqe_default,all,1,0.740326728087087,0.720059300659968,0.5168837936425221
untouched,niqe_default,all,2,0.7852391578397027,0.7714371901327316,0.4262810491575473
untouched,niqe_default,all,3,0.8053423411648095,0.7933538763358531,0.3851311446934167
untouched,niqe_default,all,4,0.8214998873519451,0.812821834649065,0.3391697064443287
untouched,niqe_default,all,5,0.8387284814984887,0.8323358193666411,0.30878929998262994
untouched,niqe_default,all,all,0.7982273191884065,0.7860016042288518,0.395250998784089
untouched,arniqa,common,1,0.8759392543214717,0.8596008266154247,0.2884708470847085
untouched,arniqa,common,2,0.9170025233546457,0.9070959662230251,0.21190319031903193
untouched,arniqa,common,3,0.9366245284594468,0.9315236741935558,0.16182618261826184
untouched,arniqa,common,4,0.9503462405646504,0.9487142491298023,0.1192959295929593
untouched,arniqa,common,5,0.9532158139906399,0.9511243618100842,0.1148954895489549
untouched,arniqa,common,all,0.9266256721381712,0.9196118155943783,0.17927832783278327
untouched,arniqa,extra,1,0.8453667260290386,0.8211510055224294,0.3365511551155116
untouched,arniqa,extra,2,0.9109785533008746,0.8990436639384181,0.22813531353135316
untouched,arniqa,extra,3,0.8830011899704822,0.862853267071679,0.33473597359735974
untouched,arniqa,extra,4,0.9359538008256272,0.9137294478679334,0.1693069306930693
untouched,arniqa,extra,5,0.9469388077421603,0.9251379518269558,0.14183168316831682
untouched,arniqa,extra,all,0.9044478155736366,0.884383067245483,0.24211221122112211
untouched,arniqa,all,1,0.8695029325756963,0.8515061274379518,0.2985930171964565
untouched,arniqa,all,2,0.9157343191327992,0.905400744689424,0.2153204794163627
untouched,arniqa,all,3,0.9253354045670331,0.9170667463784239,0.1982282438770193
untouched,arniqa,all,4,0.947316253251172,0.9413490278115141,0.12982456140350876
untouched,arniqa,all,5,0.9518943389909601,0.9456535386557413,0.12056626715303109
untouched,arniqa,all,all,0.9219566497035322,0.912195236994611,0.1925065138092756
untouched,arniqa_proto,common,1,0.9241157293947218,0.9068860287766228,0.17859185918591863
untouched,arniqa_proto,common,2,0.9420875295450337,0.9281147584312008,0.13755775577557755
untouched,arniqa_proto,common,3,0.949388828981908,0.936465925070851,0.11938393839383937
untouched,arniqa_proto,common,4,0.9552185406659478,0.9436294173294132,0.10365236523652364
untouched,arniqa_proto,common,5,0.9583002065883157,0.9471633261431457,0.09564356435643566
untouched,arniqa_proto,common,all,0.9458221670351852,0.9324518911502466,0.12696589658965898
untouched,arniqa_proto,extra,1,0.8454649326318769,0.8221299363875633,0.3066831683168317
untouched,arniqa_proto,extra,2,0.8902016550664967,0.8590619338365975,0.23448844884488448
untouched,arniqa_proto,extra,3,0.8606808972976505,0.8231929331001219,0.3395214521452145
untouched,arniqa_proto,extra,4,0.8954208056944308,0.8657279615194029,0.19900990099009902
untouched,arniqa_proto,extra,5,0.9117927980916904,0.8826438074145534,0.17161716171617164
untouched,arniqa_proto,extra,all,0.8807122177564292,0.8505513144516479,0.2502640264026402
untouched,arniqa_proto,all,1,0.9075576669183333,0.8890426409052419,0.2055584505819003
untouched,arniqa_proto,all,2,0.9311641875495521,0.9135773216744422,0.15796421747437903
untouched,arniqa_proto,all,3,0.9307134749431168,0.9126189793928029,0.16572867813097097
untouched,arniqa_proto,all,4,0.9426295438298391,0.9272291108430953,0.12372763592148689
untouched,arniqa_proto,all,5,0.9485091732206051,0.9335802695687052,0.11163800590585375
untouched,arniqa_proto,all,all,0.9321148092922894,0.9152096644768571,0.15292339760291818
untouched,clipiqa,common,1,0.7564654481949844,0.7156355750166695,0.5915071507150714
untouched,clipiqa,common,2,0.7979411495605007,0.7533557428018453,0.498987898789879
untouched,clipiqa,common,3,0.8094390637083512,0.7599771749207013,0.46591859185918594
untouched,clipiqa,common,4,0.8240462844964362,0.7760664326733019,0.4041804180418042
untouched,clipiqa,common,5,0.825855322826012,0.7772606540339714,0.3756435643564356
untouched,clipiqa,common,all,0.8027494537572569,0.7564591158892978,0.46724752475247516
untouched,clipiqa,extra,1,0.6306718159439707,0.6008109531509505,0.7674092409240925
untouched,clipiqa,extra,2,0.6274877054537137,0.5982833052722515,0.716006600660066
untouched,clipiqa,extra,3,0.6808701625113006,0.632568113360133,0.6686468646864687
untouched,clipiqa,extra,4,0.6928180516071409,0.6483780343008166,0.6401815181518152
untouched,clipiqa,extra,5,0.7294266765785489,0.6756588951750089,0.5843234323432343
untouched,clipiqa,extra,all,0.6722548824189349,0.6311398602518322,0.6753135313531353
untouched,clipiqa,all,1,0.7299825782474026,0.6914619704133601,0.6285391697064443
untouched,clipiqa,all,2,0.7620562139590717,0.7207089138482466,0.5446760465520236
untouched,clipiqa,all,3,0.7823719266142352,0.7331542145921606,0.508598228243877
untouched,clipiqa,all,4,0.79641928809869,0.7491846645948841,0.4538648601702276
untouched,clipiqa,all,5,0.8055545551949671,0.7558708100636633,0.41957616814313015
untouched,clipiqa,all,all,0.7752769124228732,0.7300761147024629,0.5110508945631407
held_out,two_axis,common,1,0.825196574074074,0.7825345294308939,0.40812500000000007
held_out,two_axis,common,2,0.8744467187500001,0.8393701414878787,0.29218055555555555
held_out,two_axis,common,3,0.9017232667824074,0.8725046947132274,0.23001388888888888
held_out,two_axis,common,4,0.9180508680555555,0.8916840565678676,0.1943194444444444
held_out,two_axis,common,5,0.9314149797453702,0.9057544233415805,0.1680972222222222
held_out,two_axis,common,all,0.8901664814814814,0.8583695691082898,0.2585472222222222
held_out,two_axis,extra,1,0.7040672363281251,0.6657273996202326,0.6579166666666667
held_out,two_axis,extra,2,0.875599462890625,0.8412363471652761,0.34057291666666667
held_out,two_axis,extra,3,0.8659424207899306,0.8541802579957991,0.2996875
held_out,two_axis,extra,4,0.9376014756944444,0.9205757292340659,0.1655208333333333
held_out,two_axis,extra,5,0.966028515625,0.9572726025748215,0.10979166666666668
held_out,two_axis,extra,all,0.8698478222656248,0.8477984673180391,0.3146979166666667
held_out,two_axis,all,1,0.7996956608644005,0.7579435547339125,0.46071271929824564
held_out,two_axis,all,2,0.8746894017269736,0.8397630268936466,0.30236842105263156
held_out,two_axis,all,3,0.8941904570997807,0.86864691856219,0.24468201754385963
held_out,two_axis,all,4,0.9221667854532165,0.8977665139712778,0.1882565789473684
held_out,two_axis,all,5,0.9387020399305555,0.9166003558117365,0.15582236842105263
held_out,two_axis,all,all,0.8858888690149855,0.8561440739945528,0.2703684210526316
held_out,peak_share,common,1,0.8091621209490738,0.768504502091958,0.4433611111111111
held_out,peak_share,common,2,0.8707613483796296,0.8355658495363978,0.3033888888888889
held_out,peak_share,common,3,0.8995942997685183,0.8668870897720795,0.23568055555555553
held_out,peak_share,common,4,0.9192253877314814,0.8898214327524336,0.19270833333333334
held_out,peak_share,common,5,0.9362226157407408,0.9096906764364149,0.15479166666666666
held_out,peak_share,common,all,0.8869931545138888,0.8540939101178567,0.26598611111111103
held_out,peak_share,extra,1,0.696162548828125,0.6633922886515788,0.6748437500000001
held_out,peak_share,extra,2,0.831733154296875,0.7854462323571736,0.3974479166666667
held_out,peak_share,extra,3,0.853183349609375,0.8177220966947868,0.3315104166666667
held_out,peak_share,extra,4,0.9145181857638889,0.8712403006675777,0.20119791666666664
held_out,peak_share,extra,5,0.9548490342881945,0.9201949598177128,0.106875
held_out,peak_share,extra,all,0.8500892545572917,0.8115991756377658,0.342375
held_out,peak_share,all,1,0.7853727373446637,0.7463756150518783,0.492094298245614
held_out,peak_share,all,2,0.8625448864674709,0.8250143511828769,0.32319078947368424
held_out,peak_share,all,3,0.8898235734192251,0.8565365649137021,0.25585526315789475
held_out,peak_share,all,4,0.9182343978435672,0.8859096154714112,0.19449561403508775
held_out,peak_share,all,5,0.9401439670138888,0.9119021045166882,0.14470394736842107
held_out,peak_share,all,all,0.8792239124177631,0.8451476502273113,0.28206798245614045
held_out,level,common,1,0.7984967013888888,0.747311318889123,0.44125000000000003
held_out,level,common,2,0.8484247135416667,0.7971621479769472,0.3385694444444445
held_out,level,common,3,0.8826833188657408,0.8336021534401468,0.26300000000000007
held_out,level,common,4,0.902192835648148,0.8553371379223882,0.22104166666666666
held_out,level,common,5,0.9193499855324075,0.8754821467783366,0.18595833333333334
held_out,level,common,all,0.8702295109953705,0.8217789810013886,0.28996388888888885
held_out,level,extra,1,0.6950274251302083,0.6574070080860492,0.65890625
held_out,level,extra,2,0.8639588378906249,0.8154996443759533,0.33734375000000005
held_out,level,extra,3,0.8762752115885416,0.8487439056044634,0.29098958333333336
held_out,level,extra,4,0.9499167426215278,0.9232865683130179,0.13505208333333332
held_out,level,extra,5,0.9739659722222221,0.9595607308099984,0.08067708333333333
held_out,level,extra,all,0.8718288378906249,0.8408995714378964,0.30059375
held_out,level,all,1,0.7767136958607456,0.7283840955621601,0.4870723684210526
held_out,level,all,2,0.8516950555098685,0.8010226735346327,0.3383114035087719
held_out,level,all,3,0.8813342436494882,0.8367898907378978,0.26889254385964917
held_out,level,all,4,0.9122399739583336,0.8696422811625206,0.20293859649122808
held_out,level,all,5,0.9308480879934212,0.8931829013113181,0.16379385964912285
held_out,level,all,all,0.8705662113943713,0.8258043684617057,0.29220175438596496
held_out,global_level,common,1,0.7515274884259259,0.7005580676376293,0.5226805555555556
held_out,global_level,common,2,0.8083815335648149,0.7569183647679234,0.4045
held_out,global_level,common,3,0.8486084375000001,0.8010826600180578,0.32330555555555557
held_out,global_level,common,4,0.8726829166666666,0.829042326554211,0.2740138888888889
held_out,global_level,common,5,0.8909213628472222,0.8499985325614794,0.24562499999999998
held_out,global_level,common,all,0.8344243478009259,0.7875199903078602,0.354025
held_out,global_level,extra,1,0.6501226182725695,0.6126663573207524,0.7273958333333334
held_out,global_level,extra,2,0.8188742458767361,0.7666699528667261,0.4386979166666667
held_out,global_level,extra,3,0.8524918674045139,0.8235629794869896,0.3277083333333333
held_out,global_level,extra,4,0.9168740342881945,0.8911542077239022,0.20442708333333331
held_out,global_level,extra,5,0.9510765625000001,0.9353620298730057,0.14234375
held_out,global_level,extra,all,0.8378878656684027,0.8058831054542752,0.36811458333333336
held_out,global_level,all,1,0.7301790947094298,0.6820545496761815,0.56577850877193
held_out,global_level,all,2,0.8105905256304824,0.7589713306834609,0.4116995614035088
held_out,global_level,all,3,0.849426001690424,0.8058153588536224,0.3242324561403509
held_out,global_level,all,4,0.8819863098501464,0.8421185120636195,0.25936403508771927
held_out,global_level,all,5,0.9035856154057018,0.8679697951533797,0.22388157894736843
held_out,global_level,all,all,0.835153509457237,0.7913859092860529,0.3569912280701755
held_out,means_knn,common,1,0.7679671875000001,0.7259310481115803,0.529986111111111
held_out,means_knn,common,2,0.8229447366898147,0.7775826354789538,0.41406944444444443
held_out,means_knn,common,3,0.8642934635416667,0.8174341459851291,0.32202777777777775
held_out,means_knn,common,4,0.8875645543981482,0.8414377317195675,0.26393055555555556
held_out,means_knn,common,5,0.9040259085648148,0.8592721748196409,0.22247222222222227
held_out,means_knn,common,all,0.8493591701388891,0.8043315472229744,0.3504972222222223
held_out,means_knn,extra,1,0.626591748046875,0.6060975648163383,0.73875
held_out,means_knn,extra,2,0.788557199435764,0.7499039467538948,0.5035416666666667
held_out,means_knn,extra,3,0.8668899902343751,0.8377553176141765,0.3460416666666667
held_out,means_knn,extra,4,0.9533699544270834,0.9271801110643916,0.1375
held_out,means_knn,extra,5,0.9790652126736111,0.9656086693924364,0.06473958333333334
held_out,means_knn,extra,all,0.8428948209635416,0.8173091219282475,0.35811458333333335
held_out,means_knn,all,1,0.7382039370888157,0.7007029463652136,0.573936403508772
held_out,means_knn,all,2,0.8157052551626462,0.7717555431157835,0.43290570175438603
held_out,means_knn,all,3,0.8648401007401315,0.821712287380718,0.32708333333333334
held_out,means_knn,all,4,0.9014183228252924,0.8594887589500569,0.23731359649122807
held_out,means_knn,all,5,0.9198236567982455,0.8816588052560188,0.18926535087719296
held_out,means_knn,all,all,0.8479982545230261,0.8070636682135581,0.35210087719298244
held_out,means_own,common,1,0.7169235706018519,0.6696424012294288,0.5984166666666667
held_out,means_own,common,2,0.777938376736111,0.7273939971545496,0.47534722222222225
held_out,means_own,common,3,0.8257237615740741,0.7782422750966685,0.375375
held_out,means_own,common,4,0.853738587962963,0.8091600429010298,0.31461111111111106
held_out,means_own,common,5,0.8720065943287038,0.8289553346618621,0.2831805555555555
held_out,means_own,common,all,0.8092661782407408,0.7626788102087076,0.4093861111111112
held_out,means_own,extra,1,0.6221991916232639,0.589096218674795,0.7915625000000001
held_out,means_own,extra,2,0.7795998318142361,0.7318308692522426,0.5309895833333333
held_out,means_own,extra,3,0.8291565158420138,0.7967745092027247,0.38088541666666664
held_out,means_own,extra,4,0.8935929578993056,0.8637698977250308,0.24588541666666666
held_out,means_own,extra,5,0.934547189670139,0.9132363351137905,0.175
held_out,means_own,extra,all,0.8118191373697916,0.7789415659937167,0.4248645833333334
held_out,means_own,all,1,0.696981596080044,0.6526853101652953,0.639078947368421
held_out,means_own,all,2,0.7782881567525585,0.728328075490906,0.4870614035087719
held_out,means_own,all,3,0.8264464466831141,0.7821437980663646,0.3765350877192983
held_out,means_own,all,4,0.8621289816337719,0.8206568544429247,0.30014254385964917
held_out,means_own,all,5,0.8851730354532164,0.8466987031780576,0.26040570175438604
held_out,means_own,all,all,0.8098036433205408,0.7661025482687095,0.4126447368421051
held_out,saod_top3,common,1,0.592852494212963,0.5794902013933545,0.8785277777777778
held_out,saod_top3,common,2,0.6363426215277777,0.6204742320609979,0.83075
held_out,saod_top3,common,3,0.6972111617476852,0.68248428298025,0.7426250000000001
held_out,saod_top3,common,4,0.7460688425925927,0.7327974523842063,0.6635138888888891
held_out,saod_top3,common,5,0.7917371180555556,0.7810258215635332,0.5875833333333332
held_out,saod_top3,common,all,0.6928424476273147,0.6792543980764685,0.7406
held_out,saod_top3,extra,1,0.5246259874131944,0.5175264779369445,0.9333333333333333
held_out,saod_top3,extra,2,0.5691795627170139,0.5569392892917447,0.9034375000000001
held_out,saod_top3,extra,3,0.6078862955729167,0.5931129656981363,0.8655208333333333
held_out,saod_top3,extra,4,0.6728677517361111,0.6567099663739605,0.7965625000000001
held_out,saod_top3,extra,5,0.7450288953993055,0.7312195312401014,0.6908854166666667
held_out,saod_top3,extra,all,0.6239176985677084,0.6111016461081775,0.8379479166666666
held_out,saod_top3,all,1,0.5784890190972223,0.5664452069814786,0.8900657894736843
held_out,saod_top3,all,2,0.6222030301991959,0.607098454635892,0.8460526315789475
held_out,saod_top3,all,3,0.6784059267635234,0.6636692688155945,0.7684978070175437
held_out,saod_top3,all,4,0.7306580866228071,0.7167790342767864,0.6915241228070176
held_out,saod_top3,all,5,0.7819038080226608,0.7705402867586002,0.6093311403508771
held_out,saod_top3,all,all,0.6783319741410818,0.6649064502936703,0.7610942982456141
held_out,saod_min,common,1,0.6077281438078703,0.598315923011575,0.8884861111111112
held_out,saod_min,common,2,0.6575036516203705,0.6465211521927572,0.8446805555555557
held_out,saod_min,common,3,0.7224902314814816,0.7112902664683134,0.7438333333333332
held_out,saod_min,common,4,0.7728106018518518,0.7619131603509518,0.6480694444444445
held_out,saod_min,common,5,0.8156289829282407,0.806003728653101,0.5500138888888889
held_out,saod_min,common,all,0.715232322337963,0.7048088461353397,0.7350166666666665
held_out,saod_min,extra,1,0.5318089138454861,0.525710487658762,0.9363020833333333
held_out,saod_min,extra,2,0.5844300889756945,0.5756018599126678,0.9121354166666666
held_out,saod_min,extra,3,0.6311777452256945,0.6210493071470375,0.8778645833333334
held_out,saod_min,extra,4,0.7042900933159723,0.6936072781037274,0.8097916666666667
held_out,saod_min,extra,5,0.7777562554253472,0.7660832233505979,0.6802083333333333
held_out,saod_min,extra,all,0.6458926193576389,0.6364104312345585,0.8432604166666667
held_out,saod_min,all,1,0.5917451480263157,0.5830305682004566,0.8985526315789473
held_out,saod_min,all,2,0.6421197436951754,0.631590774870633,0.8588815789473685
held_out,saod_min,all,3,0.7032665501644736,0.6922921697690975,0.7720504385964913
held_out,saod_min,all,4,0.7583852316337719,0.747532974614694,0.6821162280701754
held_out,saod_min,all,5,0.8076557771381578,0.7975994117473109,0.577423245614035
held_out,saod_min,all,all,0.7006344901315789,0.6904091798404383,0.7578048245614036
held_out,knn,common,1,0.6451743475115741,0.6320853670329102,0.8122916666666666
held_out,knn,common,2,0.7018949884259259,0.6884259392217067,0.7493194444444444
held_out,knn,common,3,0.7588581568287037,0.749178285176812,0.6957222222222222
held_out,knn,common,4,0.7984730425347223,0.7880339753052605,0.64525
held_out,knn,common,5,0.8263107132523148,0.8116229264889954,0.5904305555555555
held_out,knn,common,all,0.7461422497106481,0.733869298645137,0.6986027777777777
held_out,knn,extra,1,0.5611795518663194,0.5499459261693942,0.9060937499999999
held_out,knn,extra,2,0.6733687988281251,0.6610902352804573,0.780625
held_out,knn,extra,3,0.7197641710069445,0.7086133247610289,0.7342187499999999
held_out,knn,extra,4,0.7968106174045139,0.7808873852120164,0.55328125
held_out,knn,extra,5,0.8501080837673611,0.8336476715671395,0.4604166666666667
held_out,knn,extra,all,0.7202462445746529,0.7068369085980073,0.6869270833333333
held_out,knn,all,1,0.627491232638889,0.6147928531669068,0.8320394736842105
held_out,knn,all,2,0.6958894748263889,0.6826710541814437,0.7559100877192982
held_out,knn,all,3,0.7506278440241226,0.7406382935103312,0.703826754385965
held_out,knn,all,4,0.7981230582967836,0.7865294300224721,0.6258881578947368
held_out,knn,all,5,0.8313206859923247,0.8162597149264994,0.5630592105263158
held_out,knn,all,all,0.7406904591557018,0.7281782691615305,0.6961447368421052
held_out,discopatch,common,1,0.6778573466435186,0.6488728228356099,0.7449999999999999
held_out,discopatch,common,2,0.7327053226273148,0.7000056376461699,0.6359027777777777
held_out,discopatch,common,3,0.77699984375,0.7398584623632513,0.5430972222222222
held_out,discopatch,common,4,0.8054968938078704,0.7667402465716863,0.48004166666666676
held_out,discopatch,common,5,0.8254112818287037,0.7874392131533947,0.4320555555555556
held_out,discopatch,common,all,0.7636941377314815,0.7285832765140224,0.5672194444444444
held_out,discopatch,extra,1,0.6333811306423611,0.6135505338690483,0.8161458333333333
held_out,discopatch,extra,2,0.7551348253038195,0.7142629341139678,0.6373958333333334
held_out,discopatch,extra,3,0.7562376030815973,0.7283604266925409,0.5626562500000001
held_out,discopatch,extra,4,0.7870985243055556,0.7492888373692482,0.4855729166666667
held_out,discopatch,extra,5,0.824412673611111,0.7807393814838037,0.39973958333333337
held_out,discopatch,extra,all,0.7512529513888888,0.7172404227057217,0.5803020833333334
held_out,discopatch,all,1,0.6684939327485381,0.6414365514742283,0.7599780701754386
held_out,discopatch,all,2,0.7374273231907894,0.7030071737446537,0.6362171052631579
held_out,discopatch,all,3,0.7726288457145468,0.7374378232746809,0.5472149122807017
held_out,discopatch,all,4,0.8016235528600146,0.7630662656869625,0.48120614035087717
held_out,discopatch,all,5,0.8252010485197369,0.7860287222755862,0.42525219298245615
held_out,discopatch,all,all,0.7610749406067251,0.7261953072912224,0.5699736842105264
held_out,cdf,common,1,0.7286050781250001,0.6810913962465227,0.6179166666666666
held_out,cdf,common,2,0.8006417795138889,0.750859588107012,0.4713611111111112
held_out,cdf,common,3,0.8529457031249998,0.8075425569579787,0.3626805555555556
held_out,cdf,common,4,0.8856325115740741,0.8468269751889461,0.28440277777777784
held_out,cdf,common,5,0.9060771151620371,0.8715465986292326,0.23725
held_out,cdf,common,all,0.8347804375,0.7915734230259385,0.3947222222222222
held_out,cdf,extra,1,0.6024615180121528,0.5711234127096636,0.82015625
held_out,cdf,extra,2,0.7590682996961806,0.7086054751371631,0.5671354166666667
held_out,cdf,extra,3,0.8360034342447917,0.8053304052949478,0.3930208333333333
held_out,cdf,extra,4,0.9147208875868055,0.8866579886804181,0.2265625
held_out,cdf,extra,5,0.9571138671875,0.9369565500167885,0.12052083333333333
held_out,cdf,extra,all,0.813873601345486,0.7817347663677962,0.4254791666666666
held_out,cdf,all,1,0.7020485391538743,0.6579402418177103,0.6604934210526316
held_out,cdf,all,2,0.7918894679733186,0.7419639853765174,0.49152412280701757
held_out,cdf,all,3,0.8493789096765351,0.8070768408183933,0.36906798245614036
held_out,cdf,all,4,0.8917563802083334,0.8552124517134665,0.27222587719298247
held_out,cdf,all,5,0.9168216945358187,0.8853171147108235,0.21267543859649118
held_out,cdf,all,all,0.8303789983095758,0.7895021268873821,0.4011973684210527
held_out,cdf_sum,common,1,0.7054231380208333,0.6653327792984027,0.6771666666666666
held_out,cdf_sum,common,2,0.7796077271412035,0.7352552162010829,0.5329166666666666
held_out,cdf_sum,common,3,0.8387362210648148,0.7996681882774792,0.40847222222222224
held_out,cdf_sum,common,4,0.876070949074074,0.8445975269795186,0.3198472222222222
held_out,cdf_sum,common,5,0.8988464337384258,0.871746141723815,0.2662361111111111
held_out,cdf_sum,common,all,0.8197368938078703,0.7833199704960596,0.44092777777777786
held_out,cdf_sum,extra,1,0.5843583930121528,0.5593149356115097,0.8624479166666665
held_out,cdf_sum,extra,2,0.7381058268229166,0.7000545807974355,0.6373958333333334
held_out,cdf_sum,extra,3,0.8171519205729167,0.78932435268539,0.43864583333333335
held_out,cdf_sum,extra,4,0.88990068359375,0.8646205793867511,0.27203125
held_out,cdf_sum,extra,5,0.9338923828125,0.9147900634994015,0.17645833333333333
held_out,cdf_sum,extra,all,0.7926818413628473,0.7656209023960975,0.47739583333333335
held_out,cdf_sum,all,1,0.6799358232821637,0.6430132332590567,0.7161732456140352
held_out,cdf_sum,all,2,0.7708704849689327,0.7278445561161044,0.5549122807017544
held_out,cdf_sum,all,3,0.8341921578033625,0.7974905386791448,0.4148245614035088
held_out,cdf_sum,all,4,0.8789824721308479,0.8488129064336729,0.30978070175438593
held_out,cdf_sum,all,5,0.9062245282803364,0.8808080199923594,0.24733552631578948
held_out,cdf_sum,all,all,0.8140410932931288,0.7795938508960678,0.44860526315789473
held_out,niqe,common,1,0.8088389554398149,0.7832993448018915,0.43822222222222224
held_out,niqe,common,2,0.8425647627314815,0.8238244571304819,0.36670833333333336
held_out,niqe,common,3,0.8585909403935186,0.8435061644390883,0.33661111111111114
held_out,niqe,common,4,0.876072265625,0.8659123568893841,0.2869861111111111
held_out,niqe,common,5,0.8842499913194445,0.874827743855255,0.2622777777777778
held_out,niqe,common,all,0.8540633831018518,0.83827401342322,0.33816111111111113
held_out,niqe,extra,1,0.676293967013889,0.6524150320034909,0.6433854166666666
held_out,niqe,extra,2,0.7439670355902778,0.716850307832612,0.5620833333333333
held_out,niqe,extra,3,0.8067842122395833,0.7887714145696323,0.41869791666666667
held_out,niqe,extra,4,0.7733589301215278,0.7552454872382973,0.43395833333333333
held_out,niqe,extra,5,0.8235780273437501,0.8084440459688058,0.33828125
held_out,niqe,extra,all,0.7647964344618055,0.7443452575225677,0.47928125
held_out,niqe,all,1,0.7809347473501462,0.7557447526338071,0.4814144736842106
held_out,niqe,all,2,0.821807346491228,0.8013035835940884,0.4078399122807017
held_out,niqe,all,3,0.8476842607821636,0.8319830592034134,0.35389254385964913
held_out,niqe,all,4,0.854448405519006,0.842614068541787,0.3179276315789473
held_out,niqe,all,5,0.87147694627193,0.8608522285107394,0.2782785087719298
held_out,niqe,all,all,0.8352703412828948,0.8184995384967672,0.36787061403508786
held_out,niqe_default,common,1,0.7505656394675927,0.7323401753253062,0.49719444444444444
held_out,niqe_default,common,2,0.7854839728009261,0.7747093985729439,0.4200416666666667
held_out,niqe_default,common,3,0.7992016174768518,0.7887851859350634,0.39648611111111115
held_out,niqe_default,common,4,0.8228938165509259,0.8166402586842842,0.33802777777777776
held_out,niqe_default,common,5,0.8331803674768519,0.8302932217949691,0.3156666666666667
held_out,niqe_default,common,all,0.7982650827546296,0.7885536480625135,0.3934833333333333
held_out,niqe_default,extra,1,0.6994592339409723,0.6743824969124869,0.5939583333333334
held_out,niqe_default,extra,2,0.7823115234375,0.7614886549445388,0.45557291666666666
held_out,niqe_default,extra,3,0.8260868706597222,0.8117393280967955,0.35354166666666664
held_out,niqe_default,extra,4,0.8134501193576389,0.7991489146220021,0.35067708333333336
held_out,niqe_default,extra,5,0.8560527018229166,0.8401097951206621,0.28869791666666667
held_out,niqe_default,extra,all,0.79547208984375,0.777373837939297,0.40848958333333335
held_out,niqe_default,all,1,0.7398063961988304,0.7201385588173442,0.5175657894736843
held_out,niqe_default,all,2,0.7848160887244152,0.7719260841248587,0.4275219298245614
held_out,niqe_default,all,3,0.8048616707785087,0.7936176369164807,0.38744517543859647
held_out,niqe_default,all,4,0.8209056697733919,0.812957870460646,0.34069078947368425
held_out,niqe_default,all,5,0.8379955957602339,0.8323598688109045,0.30998903508771924
held_out,niqe_default,all,all,0.797677084247076,0.7862000038260468,0.3966425438596491
held_out,arniqa,common,1,0.8771219603587963,0.8600805056636496,0.2861805555555555
held_out,arniqa,common,2,0.9178931510416668,0.9076212339039228,0.20861111111111105
held_out,arniqa,common,3,0.9373253515624999,0.9319823820864003,0.1602222222222222
held_out,arniqa,common,4,0.9507722280092594,0.9489218258158496,0.11880555555555554
held_out,arniqa,common,5,0.9535658275462964,0.9512531386184633,0.11525
held_out,arniqa,common,all,0.9273357037037039,0.9199718172176571,0.1778138888888889
held_out,arniqa,extra,1,0.8462525010850694,0.8213263600391145,0.33338541666666666
held_out,arniqa,extra,2,0.9113904676649307,0.8987207304584232,0.22880208333333332
held_out,arniqa,extra,3,0.8841411241319445,0.8637039860483975,0.3375520833333333
held_out,arniqa,extra,4,0.936625320095486,0.9144278788994318,0.17140625
held_out,arniqa,extra,5,0.9479181857638889,0.9260226829767861,0.14020833333333332
held_out,arniqa,extra,all,0.905265519748264,0.8848403276844307,0.24227083333333335
held_out,arniqa,all,1,0.8706231268274853,0.8519217381637474,0.2961184210526316
held_out,arniqa,all,2,0.916524165067617,0.9057474437048701,0.21286184210526313
held_out,arniqa,all,3,0.9261286721034356,0.9176079829205049,0.19755482456140352
held_out,arniqa,all,4,0.9477939316063596,0.9416599422544983,0.12987938596491228
held_out,arniqa,all,5,0.9523768503289474,0.9459414637465313,0.12050438596491231
held_out,arniqa,all,all,0.922689349186769,0.9125757141580305,0.19138377192982461
held_out,arniqa_proto,common,1,0.9244562514467592,0.9083417025794159,0.1789861111111111
held_out,arniqa_proto,common,2,0.9423629007523148,0.9292732259468595,0.13706944444444444
held_out,arniqa_proto,common,3,0.9497298032407406,0.9376256391260055,0.12022222222222223
held_out,arniqa_proto,common,4,0.9555499797453705,0.9447840720580908,0.10355555555555557
held_out,arniqa_proto,common,5,0.958514312789352,0.9482342493308195,0.09661111111111112
held_out,arniqa_proto,common,all,0.9461226495949074,0.9336517778082383,0.1272888888888889
held_out,arniqa_proto,extra,1,0.8458537434895833,0.8235053081540661,0.3063020833333333
held_out,arniqa_proto,extra,2,0.8902817654079861,0.8604194203814205,0.2341666666666667
held_out,arniqa_proto,extra,3,0.859849853515625,0.8231437309921454,0.34010416666666665
held_out,arniqa_proto,extra,4,0.8944780924479168,0.8656900567592248,0.19911458333333334
held_out,arniqa_proto,extra,5,0.9109147894965278,0.8822243599875371,0.17171875
held_out,arniqa_proto,extra,all,0.8802756488715276,0.8509965752548787,0.25028125
held_out,arniqa_proto,all,1,0.9079083550347221,0.8904814090161843,0.20578947368421052
held_out,arniqa_proto,all,2,0.9313984512061402,0.9147776879330829,0.15751096491228073
held_out,arniqa_proto,all,3,0.930807708561769,0.9135241847820348,0.16651315789473686
held_out,arniqa_proto,all,4,0.9426927403143274,0.9281327004162241,0.1236732456140351
held_out,arniqa_proto,all,5,0.9484933605171784,0.9343374305217074,0.11242324561403508
held_out,arniqa_proto,all,all,0.9322601231268276,0.9162506825338468,0.15318201754385966
held_out,clipiqa,common,1,0.7552342129629629,0.7162202463037466,0.5967361111111111
held_out,clipiqa,common,2,0.7967164887152778,0.7538620014070385,0.5037916666666666
held_out,clipiqa,common,3,0.8079349247685185,0.7600228262569292,0.47080555555555553
held_out,clipiqa,common,4,0.8224371122685183,0.7758222695299424,0.4080694444444444
held_out,clipiqa,common,5,0.8241836660879629,0.7768177622108677,0.3798333333333333
held_out,clipiqa,common,all,0.8013012809606482,0.7565490211417047,0.47184722222222214
held_out,clipiqa,extra,1,0.6296239800347222,0.6006331097243274,0.76625
held_out,clipiqa,extra,2,0.6266182020399306,0.5983869839558585,0.7180729166666666
held_out,clipiqa,extra,3,0.6789418240017361,0.6322573606199189,0.6694791666666666
held_out,clipiqa,extra,4,0.6911033962673612,0.6481878439984596,0.6405208333333333
held_out,clipiqa,extra,5,0.7266834798177083,0.6742959588502635,0.5821875000000001
held_out,clipiqa,extra,all,0.6705941764322917,0.6307522514297655,0.6753020833333333
held_out,clipiqa,all,1,0.7287899533991229,0.6918861122870268,0.6324232456140351
held_out,clipiqa,all,2,0.7609063230994152,0.7211304187857375,0.5489035087719298
held_out,clipiqa,all,3,0.7807784825018276,0.7331248334912429,0.5126315789473684
held_out,clipiqa,all,4,0.7947879088998537,0.7489518641548933,0.45700657894736835
held_out,clipiqa,all,5,0.8036573110836989,0.7552342246612669,0.42243421052631586
held_out,clipiqa,all,all,0.7737839957967837,0.7300654906760331,0.5146798245614035
screen,two_axis,common,1,0.8177199999999999,0.7883267057343716,0.41766666666666663
screen,two_axis,common,2,0.8701283333333333,0.8465532432666705,0.29933333333333334
screen,two_axis,common,3,0.9005816666666668,0.8802737185396518,0.23266666666666672
screen,two_axis,common,4,0.9167533333333332,0.8976963576208853,0.18866666666666665
screen,two_axis,common,5,0.9293666666666668,0.9094573026557338,0.162
screen,two_axis,common,all,0.8869100000000001,0.8644614655634626,0.2600666666666666
screen,two_axis,extra,1,0.691565625,0.6658735637894244,0.6825
screen,two_axis,extra,2,0.8715843750000001,0.8477655231142246,0.34500000000000003
screen,two_axis,extra,3,0.872553125,0.8633090399979505,0.29000000000000004
screen,two_axis,extra,4,0.9369562499999999,0.9220272374972746,0.14625000000000002
screen,two_axis,extra,5,0.9609,0.9540535238652934,0.1125
screen,two_axis,extra,all,0.866711875,0.8506057776528335,0.31525000000000003
screen,two_axis,all,1,0.7911611842105264,0.7625470969038564,0.4734210526315789
screen,two_axis,all,2,0.8704348684210526,0.8468084600766818,0.3089473684210527
screen,two_axis,all,3,0.8946809210526316,0.8767022072677146,0.24473684210526314
screen,two_axis,all,4,0.9210065789473684,0.9028186481211778,0.17973684210526317
screen,two_axis,all,5,0.9360052631578947,0.9188459808051147,0.15157894736842104
screen,two_axis,all,all,0.8826577631578947,0.8615444786349089,0.2716842105263158
screen,peak_share,common,1,0.7937049999999999,0.7602957759327972,0.47200000000000003
screen,peak_share,common,2,0.8588900000000002,0.829614130255951,0.3196666666666667
screen,peak_share,common,3,0.8907266666666668,0.8629811233386758,0.241
screen,peak_share,common,4,0.9121716666666668,0.8879219261579009,0.19366666666666668
screen,peak_share,common,5,0.9290966666666666,0.9063938733702461,0.16233333333333336
screen,peak_share,common,all,0.876918,0.8494413658111142,0.27773333333333333
screen,peak_share,extra,1,0.6805093750000001,0.657197029174951,0.6825
screen,peak_share,extra,2,0.814553125,0.7743185591782812,0.4175
screen,peak_share,extra,3,0.8509968750000001,0.8149764930361181,0.32375
screen,peak_share,extra,4,0.905925,0.8599504035890355,0.21375
screen,peak_share,extra,5,0.94513125,0.9061729564428206,0.13375
screen,peak_share,extra,all,0.8394231249999999,0.8025230882842411,0.35425
screen,peak_share,all,1,0.7698743421052632,0.7385907766153558,0.5163157894736843
screen,peak_share,all,2,0.8495559210526316,0.8179729573974942,0.3402631578947369
screen,peak_share,all,3,0.8823625,0.8528748853802427,0.25842105263157894
screen,peak_share,all,4,0.9108565789473684,0.8820331845644555,0.19789473684210523
screen,peak_share,all,5,0.9324723684210525,0.9063473645434194,0.15631578947368419
screen,peak_share,all,all,0.8690243421052631,0.8395638337001936,0.2938421052631579
screen,level,common,1,0.8066316666666665,0.7699726867411686,0.44500000000000006
screen,level,common,2,0.8554133333333332,0.8175742926387455,0.33366666666666667
screen,level,common,3,0.8905150000000001,0.8543729626160192,0.25266666666666665
screen,level,common,4,0.9105333333333333,0.8758609975266578,0.205
screen,level,common,5,0.9272449999999998,0.8956760159522651,0.172
screen,level,common,all,0.8780676666666668,0.8426913910949714,0.2816666666666667
screen,level,extra,1,0.6984343749999999,0.6753397979458376,0.66875
screen,level,extra,2,0.870284375,0.8339100428388472,0.31875
screen,level,extra,3,0.8874968750000001,0.8701788425891919,0.275
screen,level,extra,4,0.95626875,0.9420542978244666,0.11875000000000001
screen,level,extra,5,0.9772875,0.972586522641473,0.08374999999999999
screen,level,extra,all,0.8779543750000001,0.8588139007679632,0.29300000000000004
screen,level,all,1,0.7838532894736843,0.7500499733105725,0.4921052631578948
screen,level,all,2,0.8585440789473685,0.82101339794403,0.33052631578947367
screen,level,all,3,0.8898796052631578,0.857700516294582,0.25736842105263164
screen,level,all,4,0.9201618421052631,0.8897964291683017,0.1868421052631579
screen,level,all,5,0.9377802631578949,0.9118677015710458,0.15342105263157896
screen,level,all,all,0.8780438157894738,0.8460856036577066,0.2840526315789474
screen,global_level,common,1,0.7607933333333334,0.7261304645464872,0.5123333333333334
screen,global_level,common,2,0.8180333333333335,0.780852033132645,0.39399999999999996
screen,global_level,common,3,0.8572933333333334,0.8230946163185217,0.31533333333333335
screen,global_level,common,4,0.8811533333333335,0.8513441023894058,0.263
screen,global_level,common,5,0.8985933333333332,0.8724890812105375,0.228
screen,global_level,common,all,0.8431733333333332,0.8107820595195193,0.34253333333333336
screen,global_level,extra,1,0.6538843749999999,0.6317510143330505,0.72875
screen,global_level,extra,2,0.8272906250000001,0.7909512747178972,0.42000000000000004
screen,global_level,extra,3,0.8597906249999999,0.8406534081976453,0.31375
screen,global_level,extra,4,0.9217125,0.9063502971492614,0.1975
screen,global_level,extra,5,0.9521999999999999,0.9464342759265796,0.14375000000000002
screen,global_level,extra,all,0.842975625,0.8232280540648867,0.36074999999999996
screen,global_level,all,1,0.7382861842105264,0.7062611066068164,0.5578947368421053
screen,global_level,all,2,0.8199822368421055,0.7829781892558559,0.3994736842105263
screen,global_level,all,3,0.8578190789473684,0.8267912040825476,0.315
screen,global_level,all,4,0.8896921052631578,0.8629243539177964,0.24921052631578944
screen,global_level,all,5,0.9098789473684211,0.8880564906244409,0.21026315789473685
screen,global_level,all,all,0.8431317105263159,0.8134022688974913,0.3463684210526315
screen,means_knn,common,1,0.7642916666666667,0.7304878796989526,0.5246666666666667
screen,means_knn,common,2,0.8170133333333334,0.7793027259167359,0.417
screen,means_knn,common,3,0.8584499999999998,0.8185504543922822,0.32466666666666666
screen,means_knn,common,4,0.8836333333333335,0.8440746713583585,0.263
screen,means_knn,common,5,0.8995016666666668,0.8614681997363379,0.22499999999999998
screen,means_knn,common,all,0.8445779999999999,0.8067767862205335,0.35086666666666666
screen,means_knn,extra,1,0.627984375,0.6134362229617426,0.7525000000000001
screen,means_knn,extra,2,0.784584375,0.7540312239070441,0.49875
screen,means_knn,extra,3,0.869153125,0.8470353718873855,0.335
screen,means_knn,extra,4,0.9528062500000001,0.9339765921573995,0.14250000000000002
screen,means_knn,extra,5,0.9781375,0.9694182642658414,0.07375000000000001
screen,means_knn,extra,all,0.8425331249999999,0.8235795350358825,0.36049999999999993
screen,means_knn,all,1,0.7355953947368422,0.7058454256490136,0.5726315789473684
screen,means_knn,all,2,0.8101861842105262,0.7739824097041692,0.4342105263157895
screen,means_knn,all,3,0.8607032894736841,0.8245472791280933,0.3268421052631578
screen,means_knn,all,4,0.8981960526315788,0.8630013915265776,0.23763157894736842
screen,means_knn,all,5,0.9160565789473682,0.8841945291109702,0.19315789473684214
screen,means_knn,all,all,0.8441474999999999,0.8103142070237649,0.35289473684210526
screen,means_own,common,1,0.7253533333333334,0.6950874721952189,0.5836666666666666
screen,means_own,common,2,0.7868116666666666,0.7527409946787953,0.46933333333333327
screen,means_own,common,3,0.8352866666666667,0.8023313737854907,0.35866666666666663
screen,means_own,common,4,0.8631116666666666,0.832772067007869,0.3003333333333333
screen,means_own,common,5,0.879755,0.8527823882645502,0.26733333333333337
screen,means_own,common,all,0.8180636666666667,0.7871428591863848,0.3958666666666667
screen,means_own,extra,1,0.623359375,0.6083976299717531,0.79125
screen,means_own,extra,2,0.787384375,0.7573771521295749,0.52625
screen,means_own,extra,3,0.8397343749999999,0.8179029366330155,0.36875
screen,means_own,extra,4,0.89845625,0.8792861317109347,0.23125
screen,means_own,extra,5,0.9344125,0.9261706783956369,0.17375000000000002
screen,means_own,extra,all,0.816669375,0.7978269057681829,0.41825
screen,means_own,all,1,0.7038809210526317,0.6768369790955417,0.6273684210526316
screen,means_own,all,2,0.7869322368421054,0.7537170278263277,0.4813157894736843
screen,means_own,all,3,0.8362230263157894,0.8056095975428642,0.36078947368421055
screen,means_own,all,4,0.8705526315789475,0.8425645016821988,0.28578947368421054
screen,means_own,all,5,0.8912618421052632,0.8682325546079369,0.24763157894736842
screen,means_own,all,all,0.8177701315789475,0.7893921321509738,0.40057894736842103
screen,saod_top3,common,1,0.592815,0.6056379964373934,0.8926666666666666
screen,saod_top3,common,2,0.6331433333333334,0.6499892645442701,0.8496666666666666
screen,saod_top3,common,3,0.6961033333333334,0.713391082985978,0.7666666666666667
screen,saod_top3,common,4,0.7464533333333333,0.7645487192184081,0.679
screen,saod_top3,common,5,0.7931383333333334,0.8105977998429367,0.6143333333333333
screen,saod_top3,common,all,0.6923306666666668,0.7088329726057974,0.7604666666666666
screen,saod_top3,extra,1,0.526996875,0.5332715033468232,0.93125
screen,saod_top3,extra,2,0.573646875,0.587448667572622,0.9212499999999999
screen,saod_top3,extra,3,0.608678125,0.6256705184502487,0.8712500000000001
screen,saod_top3,extra,4,0.67408125,0.692541457573659,0.815
screen,saod_top3,extra,5,0.74963125,0.7670542518539333,0.72
screen,saod_top3,extra,all,0.626606875,0.6411972797594572,0.85175
screen,saod_top3,all,1,0.5789585526315789,0.5904029452604312,0.9007894736842106
screen,saod_top3,all,2,0.6206177631578947,0.6368228230765547,0.8647368421052631
screen,saod_top3,all,3,0.6776980263157893,0.6949235957152982,0.7886842105263159
screen,saod_top3,all,4,0.731217105263158,0.7493892957142505,0.7076315789473684
screen,saod_top3,all,5,0.783978947368421,0.8014307371084098,0.6365789473684211
screen,saod_top3,all,all,0.6784940789473684,0.6945938793749888,0.779684210526316
screen,saod_min,common,1,0.6110958333333334,0.6295039169021016,0.896
screen,saod_min,common,2,0.6626783333333335,0.6837804896168674,0.8583333333333333
screen,saod_min,common,3,0.73203,0.7517957052565644,0.7366666666666665
screen,saod_min,common,4,0.7853150000000001,0.8048920059266073,0.639
screen,saod_min,common,5,0.8258191666666667,0.841858277862792,0.5539999999999999
screen,saod_min,common,all,0.7233876666666668,0.7423660791129866,0.7368000000000001
screen,saod_min,extra,1,0.537196875,0.5428738654123897,0.9424999999999999
screen,saod_min,extra,2,0.593028125,0.6129777459452859,0.935
screen,saod_min,extra,3,0.642184375,0.6628428552934424,0.87375
screen,saod_min,extra,4,0.71714375,0.7398617610736754,0.8150000000000001
screen,saod_min,extra,5,0.7934375,0.8102817638265762,0.67125
screen,saod_min,extra,all,0.656598125,0.6737675983102738,0.8474999999999999
screen,saod_min,all,1,0.5955381578947369,0.61126601132532,0.9057894736842104
screen,saod_min,all,2,0.6480151315789474,0.668874648843903,0.8744736842105264
screen,saod_min,all,3,0.7131151315789473,0.7330687894748543,0.7655263157894737
screen,saod_min,all,4,0.7709631578947368,0.7912014280628321,0.6760526315789473
screen,saod_min,all,5,0.8190019736842103,0.8352105906972728,0.5786842105263157
screen,saod_min,all,all,0.7093267105263157,0.7279242936808364,0.7601052631578948
screen,knn,common,1,0.65382,0.6423039214551075,0.7746666666666667
screen,knn,common,2,0.7106350000000001,0.6993778664258361,0.7106666666666666
screen,knn,common,3,0.769245,0.7611732133133665,0.6329999999999998
screen,knn,common,4,0.8101499999999998,0.8009114375382985,0.5696666666666668
screen,knn,common,5,0.8346699999999999,0.8211509704439204,0.544
screen,knn,common,all,0.7557039999999999,0.7449834818353058,0.6464
screen,knn,extra,1,0.570078125,0.5630577829778858,0.8674999999999999
screen,knn,extra,2,0.6864343749999999,0.6741288973534614,0.7125
screen,knn,extra,3,0.734546875,0.7222721174752659,0.6675
screen,knn,extra,4,0.807775,0.7949529069367833,0.505
screen,knn,extra,5,0.8589437499999999,0.8462409728031217,0.40125
screen,knn,extra,all,0.731555625,0.7201305355093035,0.6307500000000001
screen,knn,all,1,0.6361901315789474,0.6256205238809556,0.7942105263157895
screen,knn,all,2,0.7055401315789473,0.6940622939895467,0.7110526315789474
screen,knn,all,3,0.7619401315789474,0.752983508926398,0.6402631578947369
screen,knn,all,4,0.80965,0.7996570100432426,0.5560526315789474
screen,knn,all,5,0.8397802631578948,0.8264330762037523,0.5139473684210527
screen,knn,all,all,0.7506201315789472,0.739751282608779,0.6431052631578947
screen,discopatch,common,1,0.6768750000000001,0.6543269667646275,0.7236666666666667
screen,discopatch,common,2,0.7306116666666667,0.7045460933794249,0.6193333333333333
screen,discopatch,common,3,0.7730783333333334,0.7415671714200452,0.5273333333333333
screen,discopatch,common,4,0.8005833333333334,0.7658797358188836,0.47866666666666663
screen,discopatch,common,5,0.8191083333333334,0.7850227242705912,0.42266666666666663
screen,discopatch,common,all,0.7600513333333333,0.7302685383307145,0.5543333333333333
screen,discopatch,extra,1,0.634209375,0.6204238168696934,0.79125
screen,discopatch,extra,2,0.751753125,0.716849446502506,0.6187499999999999
screen,discopatch,extra,3,0.750534375,0.7291532609816999,0.55125
screen,discopatch,extra,4,0.78120625,0.7508138221621558,0.48124999999999996
screen,discopatch,extra,5,0.817625,0.7832003462836862,0.3925
screen,discopatch,extra,all,0.7470656250000001,0.7200881385599482,0.5670000000000001
screen,discopatch,all,1,0.6678927631578947,0.6471894615235888,0.7378947368421053
screen,discopatch,all,2,0.7350625000000001,0.707136272984284,0.6192105263157895
screen,discopatch,all,3,0.7683322368421054,0.73895371659092,0.5323684210526315
screen,discopatch,all,4,0.796503947368421,0.7627079645227304,0.4792105263157895
screen,discopatch,all,5,0.818796052631579,0.7846390657470322,0.4163157894736842
screen,discopatch,all,all,0.7573174999999998,0.728125296273711,0.5569999999999999
screen,cdf,common,1,0.7294116666666668,0.6887561922746903,0.605
screen,cdf,common,2,0.799095,0.7577085653960504,0.47833333333333333
screen,cdf,common,3,0.8511566666666667,0.8148453398448994,0.36300000000000004
screen,cdf,common,4,0.8848349999999999,0.8549662143315346,0.29
screen,cdf,common,5,0.9042883333333334,0.8770685964435156,0.23999999999999996
screen,cdf,common,all,0.8337573333333335,0.7986689816581379,0.39526666666666666
screen,cdf,extra,1,0.601553125,0.5777485011864315,0.8137500000000001
screen,cdf,extra,2,0.756578125,0.7141001919799361,0.5800000000000001
screen,cdf,extra,3,0.8358531250000001,0.8105217706492172,0.3825
screen,cdf,extra,4,0.9127875,0.8920330814591751,0.22749999999999998
screen,cdf,extra,5,0.9519624999999999,0.9379270009006456,0.1475
screen,cdf,extra,all,0.8117468750000001,0.7864661092350811,0.4302499999999999
screen,cdf,all,1,0.7024940789473684,0.6653861520455832,0.6489473684210526
screen,cdf,all,2,0.7901440789473684,0.748527855203184,0.4997368421052631
screen,cdf,all,3,0.8479348684210526,0.8139351147510715,0.3671052631578948
screen,cdf,all,4,0.8907197368421053,0.8627697653057746,0.27684210526315794
screen,cdf,all,5,0.9143249999999999,0.8898808921187007,0.2205263157894737
screen,cdf,all,all,0.829123552631579,0.7960999558848629,0.40263157894736856
screen,cdf_sum,common,1,0.7080166666666667,0.6744026310903273,0.67
screen,cdf_sum,common,2,0.7807466666666668,0.7440242816239613,0.5319999999999999
screen,cdf_sum,common,3,0.8395466666666667,0.808630494677425,0.4146666666666667
screen,cdf_sum,common,4,0.8777699999999999,0.85485828316772,0.3246666666666666
screen,cdf_sum,common,5,0.89888,0.8788355290723785,0.25900000000000006
screen,cdf_sum,common,all,0.8209919999999999,0.7921502439263624,0.4400666666666667
screen,cdf_sum,extra,1,0.585690625,0.5691483484374797,0.865
screen,cdf_sum,extra,2,0.738553125,0.7077292446618167,0.62
screen,cdf_sum,extra,3,0.8178968750000001,0.7945051377913688,0.43125
screen,cdf_sum,extra,4,0.8875875,0.8695451332460011,0.27625
screen,cdf_sum,extra,5,0.9273499999999999,0.9154924936811945,0.19375
screen,cdf_sum,extra,all,0.791415625,0.7712840715635721,0.47725
screen,cdf_sum,all,1,0.6822638157894737,0.6522438347423595,0.7110526315789475
screen,cdf_sum,all,2,0.7718638157894737,0.7363832212108782,0.5505263157894738
screen,cdf_sum,all,3,0.8349888157894736,0.8056567353329923,0.4181578947368421
screen,cdf_sum,all,4,0.8798368421052633,0.8579502516052526,0.3144736842105263
screen,cdf_sum,all,5,0.9048736842105264,0.8865527847794974,0.24526315789473685
screen,cdf_sum,all,all,0.8147653947368422,0.7877573655341957,0.44789473684210523
screen,niqe,common,1,0.8141633333333332,0.7885671538160152,0.42366666666666664
screen,niqe,common,2,0.84621,0.8272774101061136,0.348
screen,niqe,common,3,0.863255,0.847338810769299,0.32133333333333336
screen,niqe,common,4,0.8793533333333333,0.8705979491336467,0.2766666666666666
screen,niqe,common,5,0.8873933333333334,0.8795012904065437,0.2573333333333333
screen,niqe,common,all,0.858075,0.8426565228463236,0.32539999999999997
screen,niqe,extra,1,0.6794781249999999,0.6586123757849198,0.63875
screen,niqe,extra,2,0.750590625,0.7245964998297939,0.545
screen,niqe,extra,3,0.810653125,0.7935473517970698,0.39749999999999996
screen,niqe,extra,4,0.7831875,0.7639484449685466,0.4175
screen,niqe,extra,5,0.8291812500000001,0.8133749577765744,0.3325
screen,niqe,extra,all,0.7706181250000002,0.7508159260313809,0.46624999999999994
screen,niqe,all,1,0.785808552631579,0.76120825317789,0.4689473684210526
screen,niqe,all,2,0.8260796052631578,0.8056603763637306,0.3894736842105263
screen,niqe,all,3,0.8521809210526318,0.8360142930909349,0.3373684210526316
screen,niqe,all,4,0.8591078947368422,0.848145421940994,0.30631578947368415
screen,niqe,all,5,0.8751381578947367,0.865579957221287,0.2731578947368421
screen,niqe,all,all,0.8396630263157895,0.8233216603589673,0.35505263157894734
screen,niqe_default,common,1,0.76026,0.7459482056685314,0.46866666666666673
screen,niqe_default,common,2,0.7917866666666665,0.7851423150107951,0.39866666666666667
screen,niqe_default,common,3,0.8068666666666666,0.7990759186072537,0.36833333333333335
screen,niqe_default,common,4,0.8304683333333334,0.826089775263578,0.31933333333333336
screen,niqe_default,common,5,0.8395483333333333,0.8386193489473868,0.301
screen,niqe_default,common,all,0.8057859999999999,0.798975112699509,0.3712
screen,niqe_default,extra,1,0.7040656249999999,0.6847666201412195,0.575
screen,niqe_default,extra,2,0.783196875,0.7666446043295763,0.43875
screen,niqe_default,extra,3,0.830115625,0.8198840386188342,0.37375
screen,niqe_default,extra,4,0.8269249999999999,0.8090336800885363,0.3325
screen,niqe_default,extra,5,0.8654937500000001,0.8465363923859307,0.2775
screen,niqe_default,extra,all,0.801959375,0.7853730671128194,0.39949999999999997
screen,niqe_default,all,1,0.7484296052631578,0.7330678718733079,0.4910526315789473
screen,niqe_default,all,2,0.7899782894736842,0.7812480601305388,0.40710526315789475
screen,niqe_default,all,3,0.8117611842105263,0.8034565754517969,0.3694736842105263
screen,niqe_default,all,4,0.8297223684210525,0.8224990183846219,0.3221052631578947
screen,niqe_default,all,5,0.8450105263157894,0.8402860949344488,0.29605263157894735
screen,niqe_default,all,all,0.8049803947368421,0.796111524154943,0.3771578947368421
screen,arniqa,common,1,0.8648116666666665,0.8335191868035892,0.29633333333333334
screen,arniqa,common,2,0.9098050000000001,0.8896260734218818,0.21066666666666667
screen,arniqa,common,3,0.9295483333333333,0.9174150813612912,0.174
screen,arniqa,common,4,0.9433966666666669,0.9373645695208677,0.13166666666666668
screen,arniqa,common,5,0.9474416666666666,0.941892510141392,0.12833333333333333
screen,arniqa,common,all,0.9190006666666668,0.9039634842498043,0.1882
screen,arniqa,extra,1,0.833753125,0.7928271058835541,0.335
screen,arniqa,extra,2,0.899609375,0.8768451115235578,0.25
screen,arniqa,extra,3,0.8771781249999999,0.8521972351318516,0.3375
screen,arniqa,extra,4,0.9345749999999999,0.9101237540817757,0.16249999999999998
screen,arniqa,extra,5,0.9459625,0.9232517350444847,0.14625000000000002
screen,arniqa,extra,all,0.8982156250000001,0.8710489883330448,0.24625
screen,arniqa,all,1,0.8582730263157895,0.8249524329256871,0.30447368421052634
screen,arniqa,all,2,0.9076585526315789,0.8869353446011821,0.21894736842105259
screen,arniqa,all,3,0.9185230263157894,0.903685008470883,0.20842105263157895
screen,arniqa,all,4,0.9415394736842108,0.9316296610073748,0.1381578947368421
screen,arniqa,all,5,0.9471302631578948,0.93796813643678,0.13210526315789473
screen,arniqa,all,all,0.9146248684210527,0.8970341166883815,0.2004210526315789
screen,arniqa_proto,common,1,0.9173033333333334,0.8971266588099717,0.19233333333333336
screen,arniqa_proto,common,2,0.9365316666666668,0.9188415593146745,0.14699999999999996
screen,arniqa_proto,common,3,0.9443499999999999,0.928280226252073,0.12699999999999997
screen,arniqa_proto,common,4,0.9503133333333335,0.9366178100630691,0.11066666666666665
screen,arniqa_proto,common,5,0.9533000000000001,0.9409099373593571,0.10533333333333332
screen,arniqa_proto,common,all,0.9403596666666668,0.924355238359829,0.1364666666666667
screen,arniqa_proto,extra,1,0.835321875,0.8089065167537032,0.3225
screen,arniqa_proto,extra,2,0.878103125,0.8480550873481933,0.25125
screen,arniqa_proto,extra,3,0.853040625,0.8142458476446564,0.315
screen,arniqa_proto,extra,4,0.88784375,0.8585750903813764,0.225
screen,arniqa_proto,extra,5,0.90590625,0.8757779780204475,0.175
screen,arniqa_proto,extra,all,0.8720431249999999,0.8411121040296754,0.25775000000000003
screen,arniqa_proto,all,1,0.9000440789473685,0.8785539973244415,0.21973684210526315
screen,arniqa_proto,all,2,0.9242309210526316,0.9039391441638364,0.16894736842105262
screen,arniqa_proto,all,3,0.9251269736842104,0.9042729886505118,0.16657894736842102
screen,arniqa_proto,all,4,0.9371618421052631,0.9201877638142917,0.13473684210526313
screen,arniqa_proto,all,5,0.9433223684210525,0.9271979459195867,0.12
screen,arniqa_proto,all,all,0.9259772368421054,0.9068303679745335,0.16199999999999998
screen,clipiqa,common,1,0.7452983333333333,0.701318645177121,0.6013333333333333
screen,clipiqa,common,2,0.7878950000000001,0.7378499337965301,0.5133333333333333
screen,clipiqa,common,3,0.8009716666666666,0.7443914195459358,0.4713333333333333
screen,clipiqa,common,4,0.8165266666666667,0.7627817547113338,0.413
screen,clipiqa,common,5,0.8210283333333331,0.7670915003575334,0.36866666666666664
screen,clipiqa,common,all,0.7943439999999999,0.7426866507176906,0.47353333333333336
screen,clipiqa,extra,1,0.626375,0.5954400870176607,0.7575000000000001
screen,clipiqa,extra,2,0.627871875,0.5917783961693687,0.71375
screen,clipiqa,extra,3,0.67835625,0.6272925388577983,0.6837500000000001
screen,clipiqa,extra,4,0.694328125,0.6458083574583209,0.6475
screen,clipiqa,extra,5,0.7285375,0.6754188409528974,0.5862499999999999
screen,clipiqa,extra,all,0.67109375,0.6271476440912092,0.67775
screen,clipiqa,all,1,0.7202618421052632,0.6790284224067084,0.6342105263157894
screen,clipiqa,all,2,0.7542059210526316,0.7070980311381801,0.5555263157894736
screen,clipiqa,all,3,0.775157894736842,0.719739023611591,0.5160526315789473
screen,clipiqa,all,4,0.7908006578947367,0.7381557763422782,0.4623684210526316
screen,clipiqa,all,5,0.8015565789473683,0.7477919931144521,0.4144736842105263
screen,clipiqa,all,all,0.7683965789473682,0.7183626493226422,0.5165263157894737
