method,group,severity,auroc,aupr,fpr95
saod_top3,common,1,0.5787733333333335,0.5600644886443754,0.8933333333333333
saod_top3,common,2,0.6208666666666667,0.5930408241444677,0.8553333333333335
saod_top3,common,3,0.6768283333333334,0.6432426611420254,0.7836666666666666
saod_top3,common,4,0.7387116666666667,0.7077509799987733,0.678
saod_top3,common,5,0.7952300000000001,0.7682775544423344,0.5910000000000001
saod_top3,common,all,0.6820820000000001,0.6544753016743953,0.7602666666666668
saod_top3,extra,1,0.533346875,0.5229497051619676,0.9175000000000001
saod_top3,extra,2,0.576771875,0.551853508801988,0.885
saod_top3,extra,3,0.609534375,0.5851757261906418,0.8525
saod_top3,extra,4,0.6610375,0.6333849707049621,0.8087500000000001
saod_top3,extra,5,0.72905625,0.7011239966765554,0.71875
saod_top3,extra,all,0.621949375,0.598897581507223,0.8365
saod_top3,all,1,0.5692098684210526,0.5522508500165001,0.898421052631579
saod_top3,all,2,0.611583552631579,0.584369810388156,0.8615789473684211
saod_top3,all,3,0.6626611842105262,0.6310180432575236,0.7981578947368422
saod_top3,all,4,0.7223592105263158,0.6920949780421816,0.7055263157894738
saod_top3,all,5,0.7812986842105264,0.7541399633337494,0.6178947368421053
saod_top3,all,all,0.6694225,0.6427747290076222,0.7763157894736842
saod_min,common,1,0.6151633333333334,0.6257190156725034,0.8666666666666667
saod_min,common,2,0.6803,0.6927404603206953,0.8230000000000001
saod_min,common,3,0.74605,0.7590258118830709,0.731
saod_min,common,4,0.8110549999999999,0.8213154842214275,0.611
saod_min,common,5,0.8582966666666666,0.8635841155052737,0.48866666666666664
saod_min,common,all,0.742173,0.7524769775205942,0.7040666666666666
saod_min,extra,1,0.544346875,0.5481982401751399,0.92625
saod_min,extra,2,0.612128125,0.6233064751187372,0.88625
saod_min,extra,3,0.66846875,0.681971069809775,0.825
saod_min,extra,4,0.72893125,0.7409268864656363,0.75
saod_min,extra,5,0.79091875,0.8004869917640848,0.6412500000000001
saod_min,extra,all,0.6689587499999999,0.6789779326666746,0.8057500000000001
saod_min,all,1,0.600254605263158,0.6093988524099005,0.8792105263157896
saod_min,all,2,0.6659480263157896,0.678122779225546,0.8363157894736843
saod_min,all,3,0.7297171052631579,0.7428037609202719,0.7507894736842106
saod_min,all,4,0.7937657894736843,0.8043915689044189,0.6402631578947369
saod_min,all,5,0.8441118421052632,0.8503005105071285,0.5207894736842105
saod_min,all,all,0.7267594736842105,0.7370034943934531,0.7254736842105264
contrastive,common,1,0.5311250000000001,0.5351815229765343,0.8963333333333332
contrastive,common,2,0.5528500000000001,0.5474092632321702,0.8736666666666667
contrastive,common,3,0.5810833333333334,0.5630396947704553,0.8403333333333335
contrastive,common,4,0.6105333333333333,0.5815351048716946,0.7793333333333333
contrastive,common,5,0.6171249999999999,0.5774521671247719,0.7393333333333332
contrastive,common,all,0.5785433333333334,0.5609235505951253,0.8258
contrastive,extra,1,0.505265625,0.520004207819567,0.91625
contrastive,extra,2,0.529234375,0.5329603741175548,0.8875
contrastive,extra,3,0.550640625,0.5435100259901001,0.8724999999999999
contrastive,extra,4,0.59028125,0.5813044790985145,0.8362499999999999
contrastive,extra,5,0.6112187499999999,0.5863880058487554,0.7775000000000001
contrastive,extra,all,0.5573281250000001,0.5528334185748984,0.858
contrastive,all,1,0.5256809210526316,0.5319862987329622,0.9005263157894736
contrastive,all,2,0.5478782894736841,0.5443673918396195,0.8765789473684211
contrastive,all,3,0.5746743421052632,0.5589281855535384,0.8471052631578947
contrastive,all,4,0.6062697368421052,0.5814865520773409,0.7913157894736842
contrastive,all,5,0.6158815789473685,0.5793333963298211,0.7473684210526316
contrastive,all,all,0.5740769736842106,0.5592203649066565,0.8325789473684212
knn,common,1,0.5479149999999999,0.5300590576912783,0.8986666666666666
knn,common,2,0.5589216666666666,0.5320924120801331,0.8823333333333334
knn,common,3,0.5899841666666668,0.5614275026216454,0.8553333333333334
knn,common,4,0.6231616666666666,0.5934275282813805,0.82
knn,common,5,0.6451016666666667,0.6093015761485804,0.7766666666666667
knn,common,all,0.5930168333333334,0.5652616153646035,0.8466
knn,extra,1,0.523465625,0.5134526769839152,0.905
knn,extra,2,0.594665625,0.5781765105095396,0.825
knn,extra,3,0.6127968750000001,0.5845044791237,0.84625
knn,extra,4,0.6818625,0.6472572655832387,0.70875
knn,extra,5,0.7291500000000001,0.6883077588324618,0.6174999999999999
knn,extra,all,0.6283881250000001,0.6023397382065709,0.7805000000000001
knn,all,1,0.5427677631578948,0.5265629775423597,0.8999999999999999
knn,all,2,0.5664467105263157,0.5417943275389556,0.8702631578947366
knn,all,3,0.5947868421052632,0.5662858134641832,0.853421052631579
knn,all,4,0.6355197368421053,0.6047601045554557,0.7965789473684212
knn,all,5,0.6627960526315789,0.6259344567136079,0.7431578947368421
knn,all,all,0.6004634210526316,0.5730675359629124,0.8326842105263158
discopatch,common,1,0.6768750000000001,0.6543269667646275,0.7236666666666667
discopatch,common,2,0.7306116666666667,0.7045460933794249,0.6193333333333333
discopatch,common,3,0.7730783333333334,0.7415671714200452,0.5273333333333333
discopatch,common,4,0.8005833333333334,0.7658797358188836,0.47866666666666663
discopatch,common,5,0.8191083333333334,0.7850227242705912,0.42266666666666663
discopatch,common,all,0.7600513333333333,0.7302685383307145,0.5543333333333333
discopatch,extra,1,0.634209375,0.6204238168696934,0.79125
discopatch,extra,2,0.751753125,0.716849446502506,0.6187499999999999
discopatch,extra,3,0.750534375,0.7291532609816999,0.55125
discopatch,extra,4,0.78120625,0.7508138221621558,0.48124999999999996
discopatch,extra,5,0.817625,0.7832003462836862,0.3925
discopatch,extra,all,0.7470656250000001,0.7200881385599482,0.5670000000000001
discopatch,all,1,0.6678927631578947,0.6471894615235888,0.7378947368421053
discopatch,all,2,0.7350625000000001,0.707136272984284,0.6192105263157895
discopatch,all,3,0.7683322368421054,0.73895371659092,0.5323684210526315
discopatch,all,4,0.796503947368421,0.7627079645227304,0.4792105263157895
discopatch,all,5,0.818796052631579,0.7846390657470322,0.4163157894736842
discopatch,all,all,0.7573174999999998,0.728125296273711,0.5569999999999999
hashemi,common,1,0.4441683333333334,0.4577749407749046,0.9529999999999997
hashemi,common,2,0.4295175,0.4473891436921443,0.9593333333333334
hashemi,common,3,0.42677166666666666,0.4458973401864019,0.9536666666666666
hashemi,common,4,0.4344825,0.4477344940838638,0.9510000000000001
hashemi,common,5,0.43759,0.45196358225036465,0.9490000000000001
hashemi,common,all,0.434506,0.4501519001975357,0.9531999999999999
hashemi,extra,1,0.46769374999999996,0.4767788868484291,0.94875
hashemi,extra,2,0.44332187500000003,0.4577342936343639,0.9562499999999999
hashemi,extra,3,0.41601875,0.4414965821161852,0.9575
hashemi,extra,4,0.43857812500000004,0.4478393556251816,0.925
hashemi,extra,5,0.43298125,0.4428528368057898,0.9437499999999999
hashemi,extra,all,0.43971875000000005,0.45334039100598994,0.9462499999999998
hashemi,all,1,0.449121052631579,0.4617757715272256,0.9521052631578946
hashemi,all,2,0.4324236842105263,0.4495670699957694,0.9586842105263158
hashemi,all,3,0.4245078947368421,0.4449708648031983,0.9544736842105263
hashemi,all,4,0.43534473684210523,0.4477565701978254,0.9455263157894734
hashemi,all,5,0.4366197368421052,0.45004553057782265,0.9478947368421053
hashemi,all,all,0.4356034210526316,0.45082316142036827,0.9517368421052631
hashemi_enc,common,1,0.4221858333333333,0.4490872207884752,0.9556666666666664
hashemi_enc,common,2,0.38410000000000005,0.4288844926757373,0.9606666666666667
hashemi_enc,common,3,0.3550666666666667,0.4148141097684603,0.9619999999999999
hashemi_enc,common,4,0.31003,0.3970888178354791,0.9636666666666666
hashemi_enc,common,5,0.2680883333333333,0.3846426917958018,0.9703333333333333
hashemi_enc,common,all,0.34789416666666667,0.41490346657279076,0.9624666666666665
hashemi_enc,extra,1,0.43743750000000003,0.4564669964898671,0.95875
hashemi_enc,extra,2,0.42042187500000006,0.4454437535833682,0.95875
hashemi_enc,extra,3,0.374284375,0.4182364955938293,0.9562499999999999
hashemi_enc,extra,4,0.394096875,0.4596675130205153,0.9324999999999999
hashemi_enc,extra,5,0.3465625,0.43624629729014996,0.9524999999999999
hashemi_enc,extra,all,0.394560625,0.4432122111955459,0.9517499999999999
hashemi_enc,all,1,0.4253967105263157,0.4506408577782419,0.9563157894736841
hashemi_enc,all,2,0.39174671052631577,0.4323706528668176,0.9602631578947367
hashemi_enc,all,3,0.3591125,0.4155346120474853,0.9607894736842105
hashemi_enc,all,4,0.32772828947368415,0.4102632799796972,0.9571052631578949
hashemi_enc,all,5,0.2846092105263158,0.39550660874198035,0.966578947368421
hashemi_enc,all,all,0.3577186842105262,0.4208632022828447,0.9602105263157895
cdf,common,1,0.7160416666666667,0.674364679384349,0.6263333333333334
cdf,common,2,0.7869900000000001,0.7433816362927477,0.492
cdf,common,3,0.8407750000000002,0.7964001618500458,0.37433333333333335
cdf,common,4,0.8799766666666666,0.8425037815672269,0.2903333333333334
cdf,common,5,0.9027666666666667,0.8704144846086364,0.234
cdf,common,all,0.8253100000000001,0.7854129487406013,0.4034
cdf,extra,1,0.612734375,0.589217833955308,0.8112499999999999
cdf,extra,2,0.763128125,0.7066456321033556,0.5175000000000001
cdf,extra,3,0.8353968749999999,0.7928001541511913,0.355
cdf,extra,4,0.8966812500000001,0.869111276896836,0.26375
cdf,extra,5,0.931325,0.9117683146915766,0.1925
cdf,extra,all,0.8078531250000001,0.7739086423596534,0.42800000000000005
cdf,all,1,0.6942927631578947,0.6564390277150773,0.6652631578947369
cdf,all,2,0.7819664473684211,0.7356477406739286,0.4973684210526315
cdf,all,3,0.8396427631578947,0.7956422654923923,0.37026315789473685
cdf,all,4,0.8834934210526315,0.848105359531355,0.2847368421052631
cdf,all,5,0.908778947368421,0.8791205540997817,0.2252631578947368
cdf,all,all,0.8216348684210528,0.7829909895025072,0.40857894736842104
cdf_sum,common,1,0.6573699999999999,0.6260634844182447,0.7396666666666667
cdf_sum,common,2,0.7315600000000001,0.6922472530992854,0.6173333333333334
cdf_sum,common,3,0.7980000000000002,0.7556262179013292,0.4853333333333333
cdf_sum,common,4,0.8529366666666666,0.814338717343775,0.36733333333333335
cdf_sum,common,5,0.8832433333333334,0.84981277902863,0.2923333333333334
cdf_sum,common,all,0.7846219999999999,0.7476176903582528,0.5004000000000001
cdf_sum,extra,1,0.569753125,0.5575857405524927,0.8775
cdf_sum,extra,2,0.6929218750000001,0.6463758988471512,0.675
cdf_sum,extra,3,0.780365625,0.7320430834374698,0.49375
cdf_sum,extra,4,0.8502125,0.8146702866814121,0.34875
cdf_sum,extra,5,0.8967125,0.874033392792899,0.275
cdf_sum,extra,all,0.7579931249999999,0.724941680462285,0.534
cdf_sum,all,1,0.6389243421052632,0.6116471172886127,0.7686842105263159
cdf_sum,all,2,0.723425657894737,0.6825901258883098,0.6294736842105262
cdf_sum,all,3,0.7942874999999999,0.7506613474878853,0.4871052631578947
cdf_sum,all,4,0.8523631578947368,0.8144085214148564,0.363421052631579
cdf_sum,all,5,0.8860789473684212,0.8549118556105814,0.28868421052631577
cdf_sum,all,all,0.7790159210526317,0.7428437935380493,0.5074736842105263
convtu_mst,common,1,0.5134233333333333,0.532616160026112,0.9523333333333333
convtu_mst,common,2,0.59828,0.6062164335171631,0.8676666666666666
convtu_mst,common,3,0.6656383333333336,0.6692014360093161,0.7639999999999999
convtu_mst,common,4,0.7405233333333334,0.7419958654023796,0.6080000000000001
convtu_mst,common,5,0.7854816666666667,0.7884414986872978,0.5023333333333333
convtu_mst,common,all,0.6606693333333333,0.6676942787284537,0.7388666666666666
convtu_mst,extra,1,0.48420312500000007,0.4980220659520309,0.955
convtu_mst,extra,2,0.536234375,0.5460395356018213,0.8875
convtu_mst,extra,3,0.625028125,0.6271931501597456,0.79375
convtu_mst,extra,4,0.6825187500000001,0.6809330330726066,0.6675
convtu_mst,extra,5,0.74610625,0.7354280192063261,0.55
convtu_mst,extra,all,0.614818125,0.6175231607985061,0.7707499999999999
convtu_mst,all,1,0.5072717105263158,0.5253331928526211,0.9528947368421051
convtu_mst,all,2,0.5852177631578948,0.5935476129034069,0.871842105263158
convtu_mst,all,3,0.6570888157894738,0.660357586356775,0.7702631578947369
convtu_mst,all,4,0.7283118421052631,0.7291405322803223,0.6205263157894736
convtu_mst,all,5,0.777192105263158,0.7772807661649879,0.5123684210526316
convtu_mst,all,all,0.651016447368421,0.6571319381116226,0.7455789473684209
convtu_edges,common,1,0.511955,0.5263039810967372,0.933
convtu_edges,common,2,0.5944649999999999,0.5993074278880427,0.8643333333333332
convtu_edges,common,3,0.6629983333333331,0.6630051287380644,0.762
convtu_edges,common,4,0.73804,0.7348466745600004,0.6053333333333334
convtu_edges,common,5,0.7828816666666666,0.7812094660029956,0.49500000000000005
convtu_edges,common,all,0.6580679999999999,0.6609345356571682,0.7319333333333333
convtu_edges,extra,1,0.48157812499999997,0.49602474218516934,0.925
convtu_edges,extra,2,0.5299906249999999,0.5381150183351262,0.8775
convtu_edges,extra,3,0.623078125,0.6234759640488157,0.78
convtu_edges,extra,4,0.6734875,0.6748425198509834,0.6575
convtu_edges,extra,5,0.7355062499999999,0.729528715963635,0.56875
convtu_edges,extra,all,0.6087281250000001,0.6123973920767459,0.7617499999999999
convtu_edges,all,1,0.5055598684210526,0.5199294044837756,0.931315789473684
convtu_edges,all,2,0.580891447368421,0.5864248153505865,0.8671052631578946
convtu_edges,all,3,0.6545940789473684,0.6546831993298016,0.7657894736842106
convtu_edges,all,4,0.72445,0.7222142209370496,0.6163157894736842
convtu_edges,all,5,0.7729078947368421,0.7703293080999724,0.5105263157894737
convtu_edges,all,all,0.6476806578947368,0.6507161896402371,0.7382105263157893
convtu_acts,common,1,0.5051483333333333,0.525813274370634,0.9223333333333333
convtu_acts,common,2,0.5831216666666666,0.5933008589099568,0.8706666666666667
convtu_acts,common,3,0.6792033333333333,0.6793880321861986,0.7526666666666666
convtu_acts,common,4,0.776615,0.7744237606768615,0.5389999999999999
convtu_acts,common,5,0.8095349999999999,0.8107749613844205,0.45399999999999996
convtu_acts,common,all,0.6707246666666665,0.6767401775056142,0.7077333333333333
convtu_acts,extra,1,0.469246875,0.49063251484418263,0.9424999999999999
convtu_acts,extra,2,0.493621875,0.5231878186469385,0.9075
convtu_acts,extra,3,0.608209375,0.6143007366825585,0.8125
convtu_acts,extra,4,0.68120625,0.6877128187154873,0.70875
convtu_acts,extra,5,0.76424375,0.7639353846033626,0.525
convtu_acts,extra,all,0.6033056250000001,0.6159538546985059,0.77925
convtu_acts,all,1,0.4975901315789474,0.5184067986808547,0.9265789473684211
convtu_acts,all,2,0.5642796052631578,0.5785402188545844,0.878421052631579
convtu_acts,all,3,0.6642572368421052,0.6656854436591166,0.7652631578947369
convtu_acts,all,4,0.756528947368421,0.7561688255270984,0.5747368421052631
convtu_acts,all,5,0.7999999999999998,0.8009139978515661,0.4689473684210527
convtu_acts,all,all,0.6565311842105264,0.6639430569146438,0.7227894736842105
convtu_means,common,1,0.7188633333333333,0.6800606950104158,0.5873333333333334
convtu_means,common,2,0.7710933333333334,0.7323772994354676,0.5040000000000001
convtu_means,common,3,0.8119466666666665,0.7725052599780518,0.41800000000000004
convtu_means,common,4,0.8362466666666666,0.7978717548748907,0.37699999999999995
convtu_means,common,5,0.8536083333333335,0.8143457585437055,0.3196666666666667
convtu_means,common,all,0.7983516666666666,0.7594321535685062,0.4411999999999999
convtu_means,extra,1,0.652834375,0.6155599156211164,0.7475
convtu_means,extra,2,0.812934375,0.7684408738112649,0.48
convtu_means,extra,3,0.8708906249999999,0.8392345322297611,0.36624999999999996
convtu_means,extra,4,0.93974375,0.9088252794373423,0.18375
convtu_means,extra,5,0.958175,0.9340659454379677,0.11125000000000002
convtu_means,extra,all,0.8469156250000001,0.8132253093074905,0.3777500000000001
convtu_means,all,1,0.7049625000000002,0.6664815835600367,0.6210526315789474
convtu_means,all,2,0.7799019736842105,0.7399696308830037,0.49894736842105264
convtu_means,all,3,0.8243559210526316,0.7865535278205168,0.40710526315789475
convtu_means,all,4,0.8580355263157895,0.8212303916248804,0.33631578947368423
convtu_means,all,5,0.8756223684210526,0.8395500084161819,0.2757894736842105
convtu_means,all,all,0.8085756578947367,0.7707570284609239,0.42784210526315786
ch_means_knn,common,1,0.7188633333333333,0.6800606950104158,0.5873333333333334
ch_means_knn,common,2,0.7710933333333334,0.7323772994354676,0.5040000000000001
ch_means_knn,common,3,0.8119466666666665,0.7725052599780518,0.41800000000000004
ch_means_knn,common,4,0.8362466666666666,0.7978717548748907,0.37699999999999995
ch_means_knn,common,5,0.8536083333333335,0.8143457585437055,0.3196666666666667
ch_means_knn,common,all,0.7983516666666666,0.7594321535685062,0.4411999999999999
ch_means_knn,extra,1,0.652834375,0.6155599156211164,0.7475
ch_means_knn,extra,2,0.812934375,0.7684408738112649,0.48
ch_means_knn,extra,3,0.8708906249999999,0.8392345322297611,0.36624999999999996
ch_means_knn,extra,4,0.93974375,0.9088252794373423,0.18375
ch_means_knn,extra,5,0.958175,0.9340659454379677,0.11125000000000002
ch_means_knn,extra,all,0.8469156250000001,0.8132253093074905,0.3777500000000001
ch_means_knn,all,1,0.7049625000000002,0.6664815835600367,0.6210526315789474
ch_means_knn,all,2,0.7799019736842105,0.7399696308830037,0.49894736842105264
ch_means_knn,all,3,0.8243559210526316,0.7865535278205168,0.40710526315789475
ch_means_knn,all,4,0.8580355263157895,0.8212303916248804,0.33631578947368423
ch_means_knn,all,5,0.8756223684210526,0.8395500084161819,0.2757894736842105
ch_means_knn,all,all,0.8085756578947367,0.7707570284609239,0.42784210526315786
ch_means_own,common,1,0.6846916666666666,0.6603909664192553,0.6746666666666667
ch_means_own,common,2,0.7530199999999999,0.722883051396143,0.5466666666666666
ch_means_own,common,3,0.8048166666666667,0.7750564924582701,0.45833333333333337
ch_means_own,common,4,0.8488616666666664,0.8202495210398483,0.36566666666666664
ch_means_own,common,5,0.8772850000000001,0.8509294152750542,0.29000000000000004
ch_means_own,common,all,0.7937350000000001,0.7659018893177141,0.4670666666666667
ch_means_own,extra,1,0.604853125,0.5924967131536125,0.82125
ch_means_own,extra,2,0.784359375,0.749653801026789,0.51625
ch_means_own,extra,3,0.854634375,0.8302194864992168,0.375
ch_means_own,extra,4,0.9071,0.8850091815962386,0.26625
ch_means_own,extra,5,0.93656875,0.9226973380970844,0.17625
ch_means_own,extra,all,0.817503125,0.7960153040745883,0.43099999999999994
ch_means_own,all,1,0.667883552631579,0.6460974394159621,0.7055263157894736
ch_means_own,all,2,0.7596177631578948,0.7285189986868051,0.5402631578947369
ch_means_own,all,3,0.8153046052631578,0.7866697543616274,0.4407894736842105
ch_means_own,all,4,0.8611223684210527,0.8338831337885619,0.3447368421052632
ch_means_own,all,5,0.8897657894736843,0.8660384516586394,0.2660526315789474
ch_means_own,all,all,0.7987388157894737,0.7722415555823191,0.4594736842105263
ch_top_knn,common,1,0.5170866666666668,0.5139688560923344,0.8576666666666667
ch_top_knn,common,2,0.5703783333333334,0.5568615189837598,0.7783333333333335
ch_top_knn,common,3,0.6320283333333333,0.6084883026644459,0.6739999999999999
ch_top_knn,common,4,0.7066916666666666,0.6800584472504035,0.5589999999999999
ch_top_knn,common,5,0.760915,0.73753335117133,0.45733333333333337
ch_top_knn,common,all,0.6374200000000001,0.6193820952324547,0.6652666666666666
ch_top_knn,extra,1,0.5107968749999999,0.5044662251438299,0.90625
ch_top_knn,extra,2,0.594259375,0.5560670570787802,0.8125
ch_top_knn,extra,3,0.7079093750000001,0.6608703901052871,0.675
ch_top_knn,extra,4,0.8756125,0.8460340234562683,0.375
ch_top_knn,extra,5,0.94935625,0.9380545715571135,0.1925
ch_top_knn,extra,all,0.727586875,0.7010984534682557,0.59225
ch_top_knn,all,1,0.5157625,0.5119683022084387,0.8678947368421054
ch_top_knn,all,2,0.5754059210526316,0.5566942638458694,0.7855263157894736
ch_top_knn,all,3,0.6480032894736842,0.6195161105467283,0.6742105263157895
ch_top_knn,all,4,0.742253947368421,0.7150006738200594,0.5202631578947369
ch_top_knn,all,5,0.8005868421052632,0.7797483449367583,0.4015789473684211
ch_top_knn,all,all,0.6564024999999999,0.6365855390715707,0.6498947368421051
ch_top_own,common,1,0.61957,0.612769589799164,0.7983333333333333
ch_top_own,common,2,0.7138133333333332,0.6955434569574988,0.6509999999999999
ch_top_own,common,3,0.7843983333333333,0.7628536746756042,0.4913333333333334
ch_top_own,common,4,0.836995,0.8169697686501151,0.37300000000000005
ch_top_own,common,5,0.871435,0.8512484325258295,0.3216666666666666
ch_top_own,common,all,0.7652423333333334,0.7478769845216423,0.5270666666666667
ch_top_own,extra,1,0.535678125,0.5385045548451547,0.91125
ch_top_own,extra,2,0.643853125,0.6214737442840325,0.7425
ch_top_own,extra,3,0.718540625,0.6884941457559193,0.6
ch_top_own,extra,4,0.8279812500000001,0.7966307040982786,0.4475
ch_top_own,extra,5,0.87930625,0.8473589379936866,0.33
ch_top_own,extra,all,0.721071875,0.6984924173954143,0.60625
ch_top_own,all,1,0.6019085526315788,0.5971348455983199,0.8221052631578947
ch_top_own,all,2,0.6990848684210527,0.679949833236769,0.6702631578947369
ch_top_own,all,3,0.7705335526315791,0.7471990370083021,0.5142105263157895
ch_top_own,all,4,0.8350973684210526,0.8126878603234126,0.3886842105263158
ch_top_own,all,5,0.873092105263158,0.850429591571694,0.32342105263157894
ch_top_own,all,all,0.7559432894736842,0.7374802335476995,0.5437368421052632
ch_p99_knn,common,1,0.5305000000000001,0.524404169927542,0.8403333333333333
ch_p99_knn,common,2,0.573515,0.5592020807779355,0.7643333333333333
ch_p99_knn,common,3,0.6273966666666666,0.60371915398909,0.6769999999999998
ch_p99_knn,common,4,0.6925283333333333,0.6618314298734648,0.5823333333333333
ch_p99_knn,common,5,0.7396783333333334,0.7099300815740782,0.47866666666666663
ch_p99_knn,common,all,0.6327236666666667,0.611817383228422,0.6685333333333333
ch_p99_knn,extra,1,0.521859375,0.5109061649130546,0.9099999999999999
ch_p99_knn,extra,2,0.619534375,0.5789908522236994,0.77875
ch_p99_knn,extra,3,0.7185593750000001,0.669751091026933,0.65375
ch_p99_knn,extra,4,0.8586875,0.8189714516520579,0.40125
ch_p99_knn,extra,5,0.92824375,0.8989114507341327,0.215
ch_p99_knn,extra,all,0.729376875,0.6955062021099755,0.59175
ch_p99_knn,all,1,0.5286809210526314,0.521562484661334,0.8550000000000001
ch_p99_knn,all,2,0.5832032894736842,0.5633681379244121,0.7673684210526316
ch_p99_knn,all,3,0.6465888157894737,0.6176206144181096,0.6721052631578947
ch_p99_knn,all,4,0.7275092105263158,0.6949135397215895,0.5442105263157895
ch_p99_knn,all,5,0.7793763157894738,0.7497156329761949,0.42315789473684207
ch_p99_knn,all,all,0.6530717105263157,0.629436081940328,0.6523684210526315
ch_p99_own,common,1,0.6060516666666668,0.5968824855974695,0.8096666666666668
ch_p99_own,common,2,0.6938316666666666,0.6719582110390513,0.6699999999999999
ch_p99_own,common,3,0.7672350000000001,0.740679924764914,0.5266666666666667
ch_p99_own,common,4,0.826875,0.8010815911244203,0.38866666666666666
ch_p99_own,common,5,0.86302,0.8391477693911267,0.3456666666666667
ch_p99_own,common,all,0.7514026666666667,0.7299499963833964,0.5481333333333334
ch_p99_own,extra,1,0.529053125,0.5315465153477454,0.91625
ch_p99_own,extra,2,0.648746875,0.6170963569758373,0.75375
ch_p99_own,extra,3,0.7298906250000001,0.6907521053634433,0.58875
ch_p99_own,extra,4,0.83554375,0.8068521641124541,0.43625
ch_p99_own,extra,5,0.88549375,0.8583545354635493,0.29875
ch_p99_own,extra,all,0.7257456250000001,0.7009203354526059,0.5987500000000001
ch_p99_own,all,1,0.5898414473684211,0.5831275444922646,0.8321052631578949
ch_p99_own,all,2,0.6843401315789474,0.660408347025743,0.6876315789473684
ch_p99_own,all,3,0.7593730263157895,0.7301688048909202,0.5397368421052631
ch_p99_own,all,4,0.8287000000000001,0.8022964485955852,0.39868421052631575
ch_p99_own,all,5,0.8677513157894737,0.8431912990905841,0.33578947368421047
ch_p99_own,all,all,0.7460011842105262,0.7238384888190191,0.5587894736842105
ch_grid_knn,common,1,0.4727066666666666,0.4915173611152723,0.8889999999999999
ch_grid_knn,common,2,0.48174999999999996,0.4996389467505064,0.8516666666666666
ch_grid_knn,common,3,0.5027950000000001,0.5284643712437452,0.8056666666666666
ch_grid_knn,common,4,0.5430033333333334,0.5848606360436036,0.7296666666666666
ch_grid_knn,common,5,0.5509983333333334,0.6095354115323869,0.6980000000000002
ch_grid_knn,common,all,0.5102506666666666,0.542803345337103,0.7948
ch_grid_knn,extra,1,0.46432187500000005,0.46749282452360946,0.9375
ch_grid_knn,extra,2,0.511596875,0.49507930200185046,0.87625
ch_grid_knn,extra,3,0.612378125,0.5865490703977366,0.7962500000000001
ch_grid_knn,extra,4,0.7026625,0.6976716525418187,0.6325000000000001
ch_grid_knn,extra,5,0.736975,0.7496592989337845,0.53875
ch_grid_knn,extra,all,0.605586875,0.5992904296797599,0.75625
ch_grid_knn,all,1,0.470941447368421,0.4864595639380801,0.8992105263157893
ch_grid_knn,all,2,0.4880335526315789,0.49867902154026295,0.856842105263158
ch_grid_knn,all,3,0.5258651315789473,0.5406927289603751,0.8036842105263158
ch_grid_knn,all,4,0.5766157894736842,0.6086103237274383,0.7092105263157895
ch_grid_knn,all,5,0.5901513157894737,0.6390351773011023,0.6644736842105263
ch_grid_knn,all,all,0.5303214473684211,0.5546953630934518,0.786684210526316
ch_grid_own,common,1,0.5679500000000001,0.5741346070015682,0.7639999999999999
ch_grid_own,common,2,0.6171083333333333,0.6225216045606189,0.6643333333333333
ch_grid_own,common,3,0.6471866666666666,0.6520425311269448,0.6316666666666667
ch_grid_own,common,4,0.6873383333333334,0.6913892376187758,0.571
ch_grid_own,common,5,0.7118416666666666,0.7158265055596942,0.529
ch_grid_own,common,all,0.6462849999999999,0.6511828971735202,0.6320000000000001
ch_grid_own,extra,1,0.540409375,0.5357980355539055,0.8975
ch_grid_own,extra,2,0.703221875,0.6664723335284716,0.69375
ch_grid_own,extra,3,0.824165625,0.7877482143817747,0.44625
ch_grid_own,extra,4,0.8829,0.8533181408963402,0.31999999999999995
ch_grid_own,extra,5,0.91810625,0.8918122122842354,0.23875
ch_grid_own,extra,all,0.7737606250000002,0.7470297873289455,0.5192500000000001
ch_grid_own,all,1,0.5621519736842104,0.566063749854692,0.7921052631578948
ch_grid_own,all,2,0.6352375,0.6317743896064826,0.6705263157894736
ch_grid_own,all,3,0.6844453947368421,0.6806121486542773,0.5926315789473684
ch_grid_own,all,4,0.7285092105263157,0.7254795330456316,0.5181578947368422
ch_grid_own,all,5,0.7552657894736842,0.7528761280280186,0.4678947368421053
ch_grid_own,all,all,0.6731219736842107,0.6713611898378203,0.6082631578947368
