subset,quantity,point,low,high
all,two_axis:auroc_common,0.9168970714666667,0.9140580264133331,0.9198662900533334
all,two_axis:aupr_common,0.8889913271930724,0.883338347202275,0.8951752280768436
all,two_axis:fpr95_common,0.22633866666666666,0.2206676,0.23266346666666665
all,two_axis:auroc_extra,0.8584439240000001,0.855605856175,0.8612527768249999
all,two_axis:aupr_extra,0.8337977936658385,0.8289626105573844,0.8392002631824466
all,two_axis:fpr95_extra,0.36049000000000003,0.35494,0.366
all,peak_share:auroc_common,0.8982525370666665,0.8950151129199998,0.9015184181066668
all,peak_share:aupr_common,0.8622457554039603,0.8563503051786765,0.8686673176901208
all,peak_share:fpr95_common,0.25026933333333334,0.2442772,0.2557713333333333
all,peak_share:auroc_extra,0.8606136440000002,0.8576876286249999,0.8635761010250002
all,peak_share:aupr_extra,0.831350691945308,0.8264297288641582,0.8368558498119256
all,peak_share:fpr95_extra,0.34207,0.33622,0.34811050000000004
all,level:auroc_common,0.8405549045333334,0.8369852222133334,0.8440486300266665
all,level:aupr_common,0.7937004203042973,0.7884355244256799,0.7992432950252014
all,level:fpr95_common,0.36108,0.35518113333333334,0.36689086666666665
all,level:auroc_extra,0.8660873280000001,0.86296576165,0.869221574425
all,level:aupr_extra,0.8314045653581627,0.8258049179769098,0.8372669223803983
all,level:fpr95_extra,0.32666,0.32096975000000005,0.33279450000000005
all,global_level:auroc_common,0.7997875141333334,0.7962400106533334,0.80322850888
all,global_level:aupr_common,0.757084934831048,0.7522883349344095,0.7620587597419489
all,global_level:fpr95_common,0.43929866666666667,0.4338915999999999,0.4452378666666666
all,global_level:auroc_extra,0.8295944740000001,0.8266138269750001,0.83245631315
all,global_level:aupr_extra,0.7971083966179858,0.7920898238095351,0.8020713836570611
all,global_level:fpr95_extra,0.39727999999999997,0.39128975,0.4029005
all,means_knn:auroc_common,0.8009967621333332,0.7973636023733334,0.8046840190133334
all,means_knn:aupr_common,0.7532102697304108,0.7484006179078232,0.7583806101580348
all,means_knn:fpr95_common,0.4398133333333334,0.43398933333333334,0.4456488000000001
all,means_knn:auroc_extra,0.8429908240000001,0.8394929642000001,0.8465985451499999
all,means_knn:aupr_extra,0.7996417916777878,0.7937049256991102,0.8056290537664229
all,means_knn:fpr95_extra,0.38053000000000003,0.37451,0.387783
all,means_own:auroc_common,0.7816526613333333,0.77798140052,0.7850565019466667
all,means_own:aupr_common,0.7398957654480693,0.7351143139306353,0.7450872677294553
all,means_own:fpr95_common,0.47788266666666657,0.47242120000000004,0.48355706666666665
all,means_own:auroc_extra,0.808417278,0.8052879192250001,0.811434723675
all,means_own:aupr_extra,0.7726843111091299,0.7676848287737166,0.7781807373071575
all,means_own:fpr95_extra,0.44159000000000004,0.4360374999999999,0.44782275
all,saod_top3:auroc_common,0.6863390872,0.6824334087266666,0.69015254386
all,saod_top3:aupr_common,0.6435504753143462,0.6377892013515085,0.6493491411585305
all,saod_top3:fpr95_common,0.7292453333333334,0.722432,0.7355094
all,saod_top3:auroc_extra,0.624913958,0.621563058725,0.6280415412749999
all,saod_top3:aupr_extra,0.5904849623577686,0.586217334005979,0.5948600525135669
all,saod_top3:fpr95_extra,0.81951,0.8141385000000001,0.8246605
all,saod_min:auroc_common,0.7307104029333333,0.7271796411600001,0.7341208218466667
all,saod_min:aupr_common,0.7168512448975405,0.7105741765104611,0.7234696027861035
all,saod_min:fpr95_common,0.7141413333333333,0.7069474,0.7215261333333334
all,saod_min:auroc_extra,0.663621766,0.6602791192749998,0.6670028576500001
all,saod_min:aupr_extra,0.6515540254378159,0.6464001962374976,0.6571029880681903
all,saod_min:fpr95_extra,0.8106500000000001,0.803629,0.81674075
all,contrastive:auroc_common,0.5684937546666666,0.5620862634845712,0.5738558993271611
all,contrastive:aupr_common,0.5323774546008788,0.5272434552559768,0.538720189502513
all,contrastive:fpr95_common,0.8690373333333332,0.8641936635114009,0.874932814533904
all,contrastive:auroc_extra,0.55371847,0.5495353145431422,0.5575420596817753
all,contrastive:aupr_extra,0.5301905190626963,0.5271991106064554,0.5348013129576085
all,contrastive:fpr95_extra,0.89458,0.8896843036985788,0.8990765381892606
all,knn:auroc_common,0.5939978848,0.5899405315733333,0.5981680811533333
all,knn:aupr_common,0.5607268405136017,0.55740086031023,0.565000856091202
all,knn:fpr95_common,0.8469946666666668,0.8420556,0.8517042
all,knn:auroc_extra,0.6217731019999999,0.6186357543,0.62530709985
all,knn:aupr_extra,0.5899275312406669,0.5866783671734223,0.5937632716587601
all,knn:fpr95_extra,0.8015800000000001,0.79600975,0.80726175
all,discopatch:auroc_common,0.7635258386666668,0.7598431049533333,0.7673149912666666
all,discopatch:aupr_common,0.7285004855938898,0.7240326722744842,0.7336192439318122
all,discopatch:fpr95_common,0.5670453333333334,0.5584424000000001,0.5755897999999999
all,discopatch:auroc_extra,0.751073736,0.7474312598999999,0.754903367175
all,discopatch:aupr_extra,0.7172314361094859,0.7124221975233294,0.7225611016027946
all,discopatch:fpr95_extra,0.58006,0.5719964999999999,0.58825125
all,hashemi:auroc_common,0.4280150282666666,0.42372664351333333,0.4322378058200001
all,hashemi:aupr_common,0.44525183063983176,0.4431512685982285,0.4477688656814809
all,hashemi:fpr95_common,0.9586746666666665,0.9551917333333335,0.9622321333333334
all,hashemi:auroc_extra,0.4374702920000001,0.43405520359999994,0.44073869767500007
all,hashemi:aupr_extra,0.45094727715216126,0.44921595664265274,0.4529993669035416
all,hashemi:fpr95_extra,0.95418,0.951209,0.9574909999999998
all,hashemi_enc:auroc_common,0.34603118853333337,0.3428119698,0.34931667296666663
all,hashemi_enc:aupr_common,0.41334212238490037,0.41214468747811883,0.41496651442430654
all,hashemi_enc:fpr95_common,0.9735866666666666,0.9719677333333333,0.9754588
all,hashemi_enc:auroc_extra,0.400897552,0.3979209597,0.4037458277749999
all,hashemi_enc:aupr_extra,0.4421284017735815,0.4406152367247893,0.4439595329168359
all,hashemi_enc:fpr95_extra,0.9576399999999999,0.9553995000000001,0.9599802500000001
all,cdf:auroc_common,0.8205699599999999,0.8166709286666667,0.8244471441333334
all,cdf:aupr_common,0.7752433423384358,0.7697451749568174,0.7809493973396991
all,cdf:fpr95_common,0.4133866666666667,0.40676246666666666,0.4203233333333333
all,cdf:auroc_extra,0.80733964,0.8043425431000001,0.8105363004
all,cdf:aupr_extra,0.7698993118879269,0.7652830430538718,0.775006568203209
all,cdf:fpr95_extra,0.42855999999999994,0.422819,0.4341522500000001
all,cdf_sum:auroc_common,0.7770569893333333,0.7730502644933335,0.7812096368066667
all,cdf_sum:aupr_common,0.7344500768480607,0.7290803503813111,0.7402620324966706
all,cdf_sum:fpr95_common,0.5124,0.5052796666666667,0.5194352000000001
all,cdf_sum:auroc_extra,0.7541805320000001,0.7508405674749999,0.7576256884499999
all,cdf_sum:aupr_extra,0.7168259625426141,0.7123650660271089,0.7218664934214942
all,cdf_sum:fpr95_extra,0.53707,0.530849,0.5435804999999999
all,two_axis - peak_share:auroc_common,0.018644534400000135,0.016026344573333205,0.02115796614666669
all,two_axis - peak_share:auroc_extra,-0.0021697200000000416,-0.004591190849999885,0.00039908074999985054
all,two_axis - peak_share:aupr_common,0.026745571789112077,0.021249106897430797,0.03156957393094434
all,two_axis - peak_share:aupr_extra,0.002447101720530531,-0.002173843163443334,0.006742571796744442
all,two_axis - peak_share:fpr95_common,-0.023930666666666683,-0.029203066666666576,-0.01838033333333328
all,two_axis - peak_share:fpr95_extra,0.018420000000000047,0.013497749999999904,0.02433099999999991
all,two_axis - level:auroc_common,0.07634216693333329,0.07330398010666662,0.07909183312000007
all,two_axis - level:auroc_extra,-0.007643403999999965,-0.010138086150000131,-0.005394328749999885
all,two_axis - level:aupr_common,0.09529090688877506,0.09110725495639646,0.09902858121180769
all,two_axis - level:aupr_extra,0.0023932283076758543,-0.0010325072673941394,0.005442713589171457
all,two_axis - level:fpr95_common,-0.13474133333333335,-0.14062186666666662,-0.12848513333333325
all,two_axis - level:fpr95_extra,0.03383000000000003,0.02871874999999997,0.039400999999999936
all,two_axis - global_level:auroc_common,0.11710955733333328,0.11377339029333348,0.12037191673333357
all,two_axis - global_level:auroc_extra,0.028849450000000054,0.026108983399999997,0.031435392950000064
all,two_axis - global_level:aupr_common,0.1319063923620244,0.12715585141534755,0.13625515561899276
all,two_axis - global_level:aupr_extra,0.03668939704785268,0.03256424748333927,0.04023268467673865
all,two_axis - global_level:fpr95_common,-0.21296,-0.21982226666666668,-0.20651073333333336
all,two_axis - global_level:fpr95_extra,-0.036789999999999934,-0.042471750000000065,-0.030438000000000024
all,two_axis - means_knn:auroc_common,0.1159003093333335,0.11247817622666659,0.11928841114666701
all,two_axis - means_knn:auroc_extra,0.015453099999999997,0.012623597849999965,0.018447181150000172
all,two_axis - means_knn:aupr_common,0.13578105746266156,0.13116983606087146,0.14037631498878975
all,two_axis - means_knn:aupr_extra,0.03415600198805069,0.029900824097233165,0.03839663467582149
all,two_axis - means_knn:fpr95_common,-0.21347466666666673,-0.21985346666666658,-0.20706333333333335
all,two_axis - means_knn:fpr95_extra,-0.020040000000000002,-0.026919999999999944,-0.01402774999999999
all,two_axis - means_own:auroc_common,0.13524441013333333,0.1318920865066666,0.1387262577199999
all,two_axis - means_own:auroc_extra,0.050026646000000174,0.047125773200000054,0.05293759985000007
all,two_axis - means_own:aupr_common,0.14909556174500305,0.14407039190633383,0.15384389057064002
all,two_axis - means_own:aupr_extra,0.061113482556708565,0.056676594958217856,0.06515295620350302
all,two_axis - means_own:fpr95_common,-0.2515439999999999,-0.2584482,-0.24495139999999996
all,two_axis - means_own:fpr95_extra,-0.0811,-0.08784175000000008,-0.07484825000000003
all,two_axis - saod_top3:auroc_common,0.23055798426666663,0.22621425977999993,0.23525500931333326
all,two_axis - saod_top3:auroc_extra,0.2335299660000001,0.22946037705,0.23776195410000012
all,two_axis - saod_top3:aupr_common,0.24544085187872622,0.23732500694018485,0.2536044038764379
all,two_axis - saod_top3:aupr_extra,0.2433128313080699,0.2370510065127887,0.24975794598538686
all,two_axis - saod_top3:fpr95_common,-0.5029066666666667,-0.5113980666666667,-0.49384973333333326
all,two_axis - saod_top3:fpr95_extra,-0.45901999999999993,-0.4667602499999998,-0.4516597500000001
all,two_axis - saod_min:auroc_common,0.18618666853333332,0.18189525825999986,0.19090316318666653
all,two_axis - saod_min:auroc_extra,0.19482215800000013,0.190686097775,0.19927353062499992
all,two_axis - saod_min:aupr_common,0.1721400822955319,0.16312434717581079,0.18096052199662235
all,two_axis - saod_min:aupr_extra,0.18224376822802257,0.17493244177924436,0.18939211138752512
all,two_axis - saod_min:fpr95_common,-0.4878026666666666,-0.4961495333333332,-0.47823686666666676
all,two_axis - saod_min:fpr95_extra,-0.45016000000000006,-0.45796250000000016,-0.44158849999999994
all,two_axis - contrastive:auroc_common,0.34840331680000003,0.3422827575186664,0.3559904138430096
all,two_axis - contrastive:auroc_extra,0.3047254540000002,0.29973563496779054,0.3102608565034439
all,two_axis - contrastive:aupr_common,0.35661387259219357,0.3482373316257634,0.3649503238647231
all,two_axis - contrastive:aupr_extra,0.3036072746031422,0.2970102910615113,0.3096011620538203
all,two_axis - contrastive:fpr95_common,-0.6426986666666665,-0.651024239793542,-0.634671471882672
all,two_axis - contrastive:fpr95_extra,-0.53409,-0.5412998280386815,-0.5264541038381689
all,two_axis - knn:auroc_common,0.3228991866666666,0.31834588602666686,0.32753030217999995
all,two_axis - knn:auroc_extra,0.23667082200000022,0.2329412815999999,0.24038518354999985
all,two_axis - knn:aupr_common,0.3282644866794707,0.3217362484546994,0.3345252095052187
all,two_axis - knn:aupr_extra,0.24387026242517162,0.2385702421029657,0.2493042107091719
all,two_axis - knn:fpr95_common,-0.6206560000000001,-0.6282633333333333,-0.6132422666666666
all,two_axis - knn:fpr95_extra,-0.44109000000000004,-0.44839350000000006,-0.43367825
all,two_axis - discopatch:auroc_common,0.15337123279999987,0.14934318735999988,0.15757419167999998
all,two_axis - discopatch:auroc_extra,0.10737018800000009,0.10339760549999999,0.11150044502499996
all,two_axis - discopatch:aupr_common,0.1604908415991826,0.15359738298717876,0.1673872526198054
all,two_axis - discopatch:aupr_extra,0.11656635755635258,0.11014362946990898,0.12304697759716972
all,two_axis - discopatch:fpr95_common,-0.3407066666666667,-0.35002459999999996,-0.3308727333333334
all,two_axis - discopatch:fpr95_extra,-0.21957,-0.22874000000000005,-0.21050849999999988
all,two_axis - hashemi:auroc_common,0.48888204320000006,0.4836376369933335,0.4943162561399999
all,two_axis - hashemi:auroc_extra,0.42097363200000004,0.4160844691250001,0.42555657942499997
all,two_axis - hashemi:aupr_common,0.44373949655324063,0.43719125371682666,0.45049661194264373
all,two_axis - hashemi:aupr_extra,0.38285051651367724,0.37741924845306435,0.3885700222136073
all,two_axis - hashemi:fpr95_common,-0.7323359999999998,-0.7390707333333333,-0.7250784666666669
all,two_axis - hashemi:fpr95_extra,-0.59369,-0.5998025,-0.58732
all,two_axis - hashemi_enc:auroc_common,0.5708658829333333,0.5663297596066665,0.5754194176133333
all,two_axis - hashemi_enc:auroc_extra,0.45754637200000015,0.45332547674999996,0.4616280574749999
all,two_axis - hashemi_enc:aupr_common,0.475649204808172,0.46917336393860315,0.4819521151308037
all,two_axis - hashemi_enc:aupr_extra,0.391669391892257,0.3862855356973914,0.3970152408983116
all,two_axis - hashemi_enc:fpr95_common,-0.7472479999999999,-0.7530693999999998,-0.7409698666666666
all,two_axis - hashemi_enc:fpr95_extra,-0.5971499999999998,-0.6029802500000001,-0.59127975
all,two_axis - cdf:auroc_common,0.09632711146666673,0.09282445752000001,0.09983406394666654
all,two_axis - cdf:auroc_extra,0.05110428400000011,0.04790110840000027,0.05414063645000008
all,two_axis - cdf:aupr_common,0.11374798485463655,0.10783349605843585,0.11949541345352815
all,two_axis - cdf:aupr_extra,0.06389848177791158,0.05848003903993787,0.06890919963560664
all,two_axis - cdf:fpr95_common,-0.18704800000000002,-0.194502,-0.17961053333333332
all,two_axis - cdf:fpr95_extra,-0.06806999999999991,-0.07441249999999987,-0.061357249999999974
all,two_axis - cdf_sum:auroc_common,0.13984008213333332,0.13568772721999986,0.14386414836666675
all,two_axis - cdf_sum:auroc_extra,0.10426339200000001,0.10060967002499994,0.10761230737500019
all,two_axis - cdf_sum:aupr_common,0.15454125034501165,0.1481134533557287,0.16103945869741995
all,two_axis - cdf_sum:aupr_extra,0.1169718311232244,0.11154866110836122,0.1224785789582054
all,two_axis - cdf_sum:fpr95_common,-0.2860613333333333,-0.29417119999999997,-0.2778308
all,two_axis - cdf_sum:fpr95_extra,-0.17658000000000001,-0.18342399999999998,-0.16861974999999998
all,level - peak_share:auroc_common,-0.057697632533333154,-0.06023232435999996,-0.05505141322666685
all,level - peak_share:auroc_extra,0.005473683999999923,0.0033954932999998495,0.007724373300000039
all,level - peak_share:aupr_common,-0.06854533509966299,-0.07345595102291977,-0.0637960112245957
all,level - peak_share:aupr_extra,5.387341285467695e-05,-0.004250197176661525,0.004645620943662765
all,level - peak_share:fpr95_common,0.11081066666666667,0.10619726666666662,0.11550300000000001
all,level - peak_share:fpr95_extra,-0.01540999999999998,-0.019651,-0.010799749999999922
all,level - global_level:auroc_common,0.04076739039999999,0.038329269853333306,0.04346494810666665
all,level - global_level:auroc_extra,0.03649285400000002,0.034604192749999915,0.03850722709999997
all,level - global_level:aupr_common,0.03661548547324933,0.033677744046090856,0.03961755267354635
all,level - global_level:aupr_extra,0.034296168740176824,0.03155649057084088,0.03709748519653698
all,level - global_level:fpr95_common,-0.07821866666666666,-0.08354980000000004,-0.07329533333333337
all,level - global_level:fpr95_extra,-0.07061999999999996,-0.07527999999999996,-0.06572849999999995
all,level - means_knn:auroc_common,0.03955814240000022,0.037427114773333325,0.041744811493333235
all,level - means_knn:auroc_extra,0.023096503999999962,0.02129048329999985,0.024887801599999877
all,level - means_knn:aupr_common,0.040490150573886496,0.03793503810748215,0.043092418164981466
all,level - means_knn:aupr_extra,0.031762773680374834,0.029255318633369057,0.0344950585626389
all,level - means_knn:fpr95_common,-0.07873333333333338,-0.08280039999999993,-0.07452799999999993
all,level - means_knn:fpr95_extra,-0.05387000000000003,-0.05899100000000009,-0.04965774999999998
all,level - means_own:auroc_common,0.05890224320000004,0.05639896346666672,0.06158213609333325
all,level - means_own:auroc_extra,0.05767005000000014,0.055582594299999975,0.05980636200000005
all,level - means_own:aupr_common,0.053804654856227985,0.05047047982422746,0.05720246612937908
all,level - means_own:aupr_extra,0.05872025424903271,0.05548977472977867,0.06222768774720322
all,level - means_own:fpr95_common,-0.11680266666666655,-0.12175726666666663,-0.11131406666666663
all,level - means_own:fpr95_extra,-0.11493000000000003,-0.12035050000000001,-0.11013900000000007
all,level - saod_top3:auroc_common,0.15421581733333334,0.14928441368666664,0.15927765693999993
all,level - saod_top3:auroc_extra,0.24117337000000005,0.23697685215000003,0.24567890877500004
all,level - saod_top3:aupr_common,0.15014994498995116,0.1428140185897908,0.15816544526891016
all,level - saod_top3:aupr_extra,0.24091960300039406,0.234213923794195,0.24805320246378795
all,level - saod_top3:fpr95_common,-0.3681653333333334,-0.3765981333333334,-0.35908039999999997
all,level - saod_top3:fpr95_extra,-0.49284999999999995,-0.5006304999999999,-0.48486975
all,level - saod_min:auroc_common,0.10984450160000003,0.10507295599333337,0.1145674124933331
all,level - saod_min:auroc_extra,0.2024655620000001,0.19805739569999978,0.2068639915250001
all,level - saod_min:aupr_common,0.07684917540675684,0.0688724010235492,0.08497673712729076
all,level - saod_min:aupr_extra,0.17985053992034672,0.17232999934203724,0.18736756876854502
all,level - saod_min:fpr95_common,-0.3530613333333333,-0.3616736666666665,-0.34403433333333333
all,level - saod_min:fpr95_extra,-0.4839900000000001,-0.4916425000000001,-0.47549900000000006
all,level - contrastive:auroc_common,0.27206114986666674,0.265935400458515,0.2800912860736502
all,level - contrastive:auroc_extra,0.31236885800000014,0.3077148555100099,0.3181918313790059
all,level - contrastive:aupr_common,0.2613229657034185,0.2537335079617821,0.26957305347253013
all,level - contrastive:aupr_extra,0.30121404629546633,0.2940348462086155,0.30795121606717635
all,level - contrastive:fpr95_common,-0.5079573333333331,-0.516770028186918,-0.5006587292835051
all,level - contrastive:fpr95_extra,-0.56792,-0.5757357333483566,-0.5600225085959044
all,level - knn:auroc_common,0.24655701973333333,0.24197174204666658,0.25105641415999996
all,level - knn:auroc_extra,0.2443142260000002,0.24039010822500007,0.24809446512500008
all,level - knn:aupr_common,0.23297357979069566,0.2274206596475346,0.23852955184720945
all,level - knn:aupr_extra,0.24147703411749577,0.23583443829319836,0.24718872324469007
all,level - knn:fpr95_common,-0.4859146666666668,-0.49249446666666674,-0.47906620000000016
all,level - knn:fpr95_extra,-0.47492000000000006,-0.4822802500000001,-0.4676997499999999
all,level - discopatch:auroc_common,0.07702906586666658,0.07233117511333319,0.0815248635266668
all,level - discopatch:auroc_extra,0.11501359200000005,0.11081529017500007,0.1194227103250002
all,level - discopatch:aupr_common,0.06519993471040753,0.0585011136254205,0.07174510934804208
all,level - discopatch:aupr_extra,0.11417312924867673,0.10699828006818668,0.12144062947889034
all,level - discopatch:fpr95_common,-0.2059653333333334,-0.21526700000000004,-0.19671713333333335
all,level - discopatch:fpr95_extra,-0.2534,-0.2627205000000001,-0.24402949999999987
all,level - hashemi:auroc_common,0.41253987626666677,0.4068837761733333,0.41851331234000005
all,level - hashemi:auroc_extra,0.428617036,0.4237319315,0.43385660367499995
all,level - hashemi:aupr_common,0.34844858966446557,0.3426462820436213,0.3547706325433486
all,level - hashemi:aupr_extra,0.3804572882060014,0.37446567771102246,0.3866268051425623
all,level - hashemi:fpr95_common,-0.5975946666666665,-0.6049077999999999,-0.5899917333333333
all,level - hashemi:fpr95_extra,-0.6275200000000001,-0.6345605000000002,-0.620419
all,level - hashemi_enc:auroc_common,0.494523716,0.4893647118733334,0.4997603253733333
all,level - hashemi_enc:auroc_extra,0.4651897760000001,0.4603811669249999,0.46996147489999995
all,level - hashemi_enc:aupr_common,0.38035829791939696,0.37454361492998495,0.3861354339232212
all,level - hashemi_enc:aupr_extra,0.38927616358458117,0.38323319545500917,0.3953285673262152
all,level - hashemi_enc:fpr95_common,-0.6125066666666665,-0.6184455333333335,-0.6059386
all,level - hashemi_enc:fpr95_extra,-0.6309799999999999,-0.6368645,-0.6245469999999999
all,level - cdf:auroc_common,0.019984944533333437,0.016664716160000058,0.02361984913333325
all,level - cdf:auroc_extra,0.058747688000000076,0.056039361299999965,0.06163144464999999
all,level - cdf:aupr_common,0.01845707796586149,0.013314754721599495,0.023746847394408386
all,level - cdf:aupr_extra,0.06150525347023572,0.05633316305475625,0.06639898228907319
all,level - cdf:fpr95_common,-0.05230666666666667,-0.05903373333333336,-0.045632866666666765
all,level - cdf:fpr95_extra,-0.10189999999999994,-0.10770050000000002,-0.09577874999999993
all,level - cdf_sum:auroc_common,0.06349791520000003,0.059573434786666726,0.06752517075333317
all,level - cdf_sum:auroc_extra,0.11190679599999998,0.10862086654999979,0.11522561992499998
all,level - cdf_sum:aupr_common,0.05925034345623659,0.053603462241521585,0.06488526633012551
all,level - cdf_sum:aupr_extra,0.11457860281554855,0.1089288370464846,0.12020918560733161
all,level - cdf_sum:fpr95_common,-0.15131999999999995,-0.15915493333333325,-0.14351186666666674
all,level - cdf_sum:fpr95_extra,-0.21041000000000004,-0.21744349999999985,-0.20357674999999997
untouched,two_axis:auroc_common,0.9163643317467061,0.9124163366336634,0.9201590333554807
untouched,two_axis:aupr_common,0.8867137244619929,0.8789504093535909,0.895126846061308
untouched,two_axis:fpr95_common,0.22684268426842683,0.21893476347634766,0.23479537953795385
untouched,two_axis:auroc_extra,0.8578043792002964,0.8542512026326394,0.861592782910717
untouched,two_axis:aupr_extra,0.8319509571756294,0.8256910411838866,0.8387202797653213
untouched,two_axis:fpr95_extra,0.36184818481848186,0.3542900165016502,0.3693898514851484
untouched,peak_share:auroc_common,0.8992427234802688,0.8951496054489938,0.9030782356486473
untouched,peak_share:aupr_common,0.8627325826463705,0.8557831918307193,0.8702529907231863
untouched,peak_share:fpr95_common,0.2493509350935094,0.24203256325632563,0.2566673267326733
untouched,peak_share:auroc_extra,0.8612867393174962,0.8574918102391922,0.8649326269074926
untouched,peak_share:aupr_extra,0.8315992285492536,0.8257448917493546,0.8381517626380927
untouched,peak_share:fpr95_extra,0.3432343234323433,0.3359389438943894,0.3507281353135313
untouched,level:auroc_common,0.8400510117018303,0.8353957162878004,0.8445608991130136
untouched,level:aupr_common,0.7927187402415774,0.785718568179144,0.8000674167997158
untouched,level:fpr95_common,0.3625170517051705,0.355326402640264,0.36960253025302525
untouched,level:auroc_extra,0.8654784362099575,0.8613975464006797,0.8694713507798799
untouched,level:aupr_extra,0.829863857959152,0.8226274720938975,0.8375450795981026
untouched,level:fpr95_extra,0.3278217821782179,0.3202970297029703,0.3354962871287128
untouched,global_level:auroc_common,0.7994119138646538,0.7947918165975013,0.8037685999920124
untouched,global_level:aupr_common,0.7561071644420677,0.750016765979835,0.7627969402567912
untouched,global_level:fpr95_common,0.43908030803080306,0.43187898789879,0.44576611661166116
untouched,global_level:auroc_extra,0.8289916157457331,0.8252975563397924,0.8326499748118374
untouched,global_level:aupr_extra,0.7958612228862798,0.7892995581358953,0.8029682928066686
untouched,global_level:fpr95_extra,0.39891089108910893,0.3916984323432343,0.4056943069306931
untouched,means_knn:auroc_common,0.8013860398581111,0.7966462825721515,0.8061923190173804
untouched,means_knn:aupr_common,0.7536032314109975,0.7474251269178364,0.7604876736176049
untouched,means_knn:fpr95_common,0.44095929592959304,0.4335573157315731,0.4483346534653465
untouched,means_knn:auroc_extra,0.8434951938263133,0.8387553358058579,0.8479820039429687
untouched,means_knn:aupr_extra,0.7996927050838891,0.7923075849569576,0.8076749760093217
untouched,means_knn:fpr95_extra,0.381039603960396,0.37179661716171614,0.38945709570957093
untouched,means_own:auroc_common,0.7822723683589481,0.7774057844002222,0.7866468802622838
untouched,means_own:aupr_common,0.739677023228496,0.733552849117192,0.7469306204268975
untouched,means_own:fpr95_common,0.47568316831683166,0.4688478547854786,0.4827195819581958
untouched,means_own:auroc_extra,0.8083790886514395,0.8043040787123267,0.812344690743827
untouched,means_own:aupr_extra,0.7719321795411193,0.7654056130443979,0.7795769476444976
untouched,means_own:fpr95_extra,0.441056105610561,0.4337458745874588,0.44849958745874585
untouched,saod_top3:auroc_common,0.682929891404982,0.6778887878457813,0.6879564755815516
untouched,saod_top3:aupr_common,0.6377015554741693,0.6305315010256493,0.6457519996415505
untouched,saod_top3:fpr95_common,0.7308470847084707,0.7227147414741475,0.7392182618261828
untouched,saod_top3:auroc_extra,0.6223305340435032,0.6182858495626791,0.6264561189534795
untouched,saod_top3:aupr_extra,0.5868068972035309,0.5816371095500749,0.5928591878219763
untouched,saod_top3:fpr95_extra,0.8214521452145214,0.8143370462046206,0.8281580033003302
untouched,saod_min:auroc_common,0.7313955080656581,0.7266205749617866,0.7363525856760594
untouched,saod_min:aupr_common,0.7157438501508397,0.7078558935156215,0.7246107774343538
untouched,saod_min:fpr95_common,0.7158591859185919,0.7069743674367437,0.7256372937293729
untouched,saod_min:auroc_extra,0.6644328469975711,0.660174298067183,0.6690148853189776
untouched,saod_min:aupr_extra,0.6512139707338057,0.6445060598532713,0.6586336629907502
untouched,saod_min:fpr95_extra,0.8124752475247524,0.803217409240924,0.8212380363036303
untouched,contrastive:auroc_common,0.5692427757627248,0.5624115359030712,0.5778872110661956
untouched,contrastive:aupr_common,0.5334944318913311,0.5288989584613579,0.5436485195171006
untouched,contrastive:fpr95_common,0.8708162816281628,0.8642620093069129,0.8770082643971222
untouched,contrastive:auroc_extra,0.5543693564901044,0.5496885376141228,0.5598770586302514
untouched,contrastive:aupr_extra,0.5310234199221091,0.5282317548595891,0.5382448257158747
untouched,contrastive:fpr95_extra,0.8967656765676567,0.8906264700182468,0.9021025684265769
untouched,knn:auroc_common,0.5951993152450558,0.5901179686813566,0.6003651666503284
untouched,knn:aupr_common,0.5622363099275601,0.5577189295385453,0.5677408908253488
untouched,knn:fpr95_common,0.8474763476347634,0.8407800880088008,0.8532603960396039
untouched,knn:auroc_extra,0.6225968178501018,0.6186671449694475,0.6265264251053818
untouched,knn:aupr_extra,0.5909934067610545,0.5867858543140418,0.5961613269538
untouched,knn:fpr95_extra,0.8044554455445544,0.7962541254125413,0.8110078382838285
untouched,discopatch:auroc_common,0.7614004763512654,0.7566692758879848,0.7660660409654825
untouched,discopatch:aupr_common,0.7248769002918346,0.7189463990298584,0.7314287718556368
untouched,discopatch:fpr95_common,0.5715115511551155,0.5599996699669969,0.5832716171617163
untouched,discopatch:auroc_extra,0.7482793162979664,0.7437563867649141,0.7530190765611213
untouched,discopatch:aupr_extra,0.7127974424108532,0.7064555845415497,0.7198349873497103
untouched,discopatch:fpr95_extra,0.5846534653465347,0.5737062706270627,0.5952000825082507
untouched,hashemi:auroc_common,0.42964874322415736,0.42462355791189677,0.4347580024471094
untouched,hashemi:aupr_common,0.44638340926830505,0.44378948192615625,0.44949236162628287
untouched,hashemi:fpr95_common,0.9559339933993398,0.9511448844884488,0.9600013201320131
untouched,hashemi:auroc_extra,0.43838502216558295,0.4340818404241414,0.4428246185014541
untouched,hashemi:aupr_extra,0.4516682942163158,0.449664811095041,0.45433103566636707
untouched,hashemi:fpr95_extra,0.9520627062706272,0.9478217821782178,0.9557429867986799
untouched,hashemi_enc:auroc_common,0.3466323141885146,0.34242579514717153,0.3505851553043093
untouched,hashemi_enc:aupr_common,0.4139642651102738,0.412500618927519,0.41595976825700437
untouched,hashemi_enc:fpr95_common,0.9746974697469745,0.9725456545654566,0.9767016501650163
untouched,hashemi_enc:auroc_extra,0.4014642872703112,0.3974779101858205,0.40520215413249244
untouched,hashemi_enc:aupr_extra,0.4428481036513253,0.4408040546300388,0.44535210726692853
untouched,hashemi_enc:fpr95_extra,0.9583498349834982,0.9554933993399342,0.9607764026402638
untouched,cdf:auroc_common,0.8216238044926605,0.8166029016036919,0.8263910926670225
untouched,cdf:aupr_common,0.7766033410505353,0.7698485673987145,0.7843567317901922
untouched,cdf:fpr95_common,0.4123652365236523,0.40478657865786577,0.4207953795379538
untouched,cdf:auroc_extra,0.8077256505353507,0.8037860667254845,0.8115344517558192
untouched,cdf:aupr_extra,0.7707815368806203,0.7651048721417535,0.7775564952364948
untouched,cdf:fpr95_extra,0.4288118811881188,0.4214022277227723,0.43541295379537953
untouched,cdf_sum:auroc_common,0.7794041731565895,0.7743477939708163,0.7845914606774209
untouched,cdf_sum:aupr_common,0.737138231640283,0.7305411857802192,0.7448715765325478
untouched,cdf_sum:fpr95_common,0.5100902090209022,0.5011718371837185,0.5185261826182617
untouched,cdf_sum:auroc_extra,0.7556298020891197,0.7512066321112308,0.7599164403816621
untouched,cdf_sum:aupr_extra,0.7188043065876173,0.7130488883176413,0.7257177069772216
untouched,cdf_sum:fpr95_extra,0.5356435643564356,0.5276068481848185,0.5429723597359737
untouched,two_axis - peak_share:auroc_common,0.01712160826643727,0.013874879296510259,0.02056294869420951
untouched,two_axis - peak_share:auroc_extra,-0.003482360117199823,-0.006596539418793368,-4.66902754630185e-05
untouched,two_axis - peak_share:aupr_common,0.023981141815622387,0.017571427064924008,0.030849639329344713
untouched,two_axis - peak_share:aupr_extra,0.0003517286263757802,-0.005140492537392932,0.006330517235466715
untouched,two_axis - peak_share:fpr95_common,-0.022508250825082565,-0.029100330033003385,-0.015808140814081478
untouched,two_axis - peak_share:fpr95_extra,0.018613861386138575,0.010970297029703015,0.02511674917491753
untouched,two_axis - level:auroc_common,0.07631332004487579,0.07284328686003906,0.07998163585995571
untouched,two_axis - level:auroc_extra,-0.007674057009661062,-0.010635226257774438,-0.0044948481358035395
untouched,two_axis - level:aupr_common,0.09399498422041552,0.08930560708430299,0.09883645468421003
untouched,two_axis - level:aupr_extra,0.0020870992164774282,-0.0022148149782561326,0.006071535955291393
untouched,two_axis - level:fpr95_common,-0.1356743674367437,-0.1433504950495049,-0.1277508250825082
untouched,two_axis - level:fpr95_extra,0.034026402640263964,0.027112211221122118,0.04038036303630364
untouched,two_axis - global_level:auroc_common,0.11695241788205224,0.11286720081909142,0.12105736837710179
untouched,two_axis - global_level:auroc_extra,0.028812763454563295,0.02533141304229428,0.03204345243930339
untouched,two_axis - global_level:aupr_common,0.1306065600199252,0.12495988962101247,0.13613945010269413
untouched,two_axis - global_level:aupr_extra,0.036089734289349584,0.03130483997812937,0.040642456327344464
untouched,two_axis - global_level:fpr95_common,-0.21223762376237623,-0.2201718371837184,-0.2035994499449945
untouched,two_axis - global_level:fpr95_extra,-0.03706270627062708,-0.04375371287128715,-0.029124174917491738
untouched,two_axis - means_knn:auroc_common,0.11497829188859499,0.11101297955538128,0.11947628431490052
untouched,two_axis - means_knn:auroc_extra,0.014309185373983069,0.010596506197649482,0.01831838300166648
untouched,two_axis - means_knn:aupr_common,0.13311049305099543,0.12742909806623462,0.13902328797187838
untouched,two_axis - means_knn:aupr_extra,0.03225825209174027,0.02705330424803489,0.03750476186264783
untouched,two_axis - means_knn:fpr95_common,-0.21411661166116622,-0.22217205720572059,-0.20581287128712875
untouched,two_axis - means_knn:fpr95_extra,-0.019191419141914134,-0.02724504950495048,-0.010586221122112174
untouched,two_axis - means_own:auroc_common,0.13409196338775797,0.12985230275172752,0.13846785246181376
untouched,two_axis - means_own:auroc_extra,0.049425290548856915,0.04589150736855844,0.052934239426417964
untouched,two_axis - means_own:aupr_common,0.14703670123349688,0.14124041347069224,0.15301439955520482
untouched,two_axis - means_own:aupr_extra,0.060018777634510134,0.05486123743871372,0.06515616905633492
untouched,two_axis - means_own:fpr95_common,-0.24884048404840484,-0.2570442244224422,-0.2398397139713972
untouched,two_axis - means_own:fpr95_extra,-0.07920792079207917,-0.08738778877887775,-0.07166419141914185
untouched,two_axis - saod_top3:auroc_common,0.23343444034172411,0.22733513304795822,0.23972741862635122
untouched,two_axis - saod_top3:auroc_extra,0.23547384515679315,0.2299545301931184,0.2408682269031359
untouched,two_axis - saod_top3:aupr_common,0.24901216898782363,0.23782561121167384,0.25959761180943147
untouched,two_axis - saod_top3:aupr_extra,0.24514405997209854,0.23661979336118705,0.2534091000811689
untouched,two_axis - saod_top3:fpr95_common,-0.5040044004400439,-0.5146987898789879,-0.4929421342134213
untouched,two_axis - saod_top3:fpr95_extra,-0.4596039603960395,-0.4693910891089108,-0.4494550330033003
untouched,two_axis - saod_min:auroc_common,0.18496882368104794,0.17885375809198087,0.1907072993751519
untouched,two_axis - saod_min:auroc_extra,0.1933715322027253,0.18767414979740557,0.1989525017972094
untouched,two_axis - saod_min:aupr_common,0.17096987431115318,0.15907574590014822,0.182159989576893
untouched,two_axis - saod_min:aupr_extra,0.18073698644182368,0.17094073171343857,0.1899022247554185
untouched,two_axis - saod_min:fpr95_common,-0.4890165016501651,-0.5014272827282727,-0.47728690869086904
untouched,two_axis - saod_min:fpr95_extra,-0.45062706270627056,-0.46195008250825076,-0.43856270627062693
untouched,two_axis - contrastive:auroc_common,0.3471215559839813,0.33795324404873417,0.35497398614911063
untouched,two_axis - contrastive:auroc_extra,0.30343502271019196,0.29658213049367294,0.3094333006393414
untouched,two_axis - contrastive:aupr_common,0.35321929257066187,0.3394263526337381,0.3616762613117704
untouched,two_axis - contrastive:aupr_extra,0.3009275372535203,0.2907711435165147,0.30735665193977496
untouched,two_axis - contrastive:fpr95_common,-0.643973597359736,-0.6539156255960417,-0.6332867857893054
untouched,two_axis - contrastive:fpr95_extra,-0.5349174917491748,-0.5440734811311939,-0.5251183576919464
untouched,two_axis - knn:auroc_common,0.3211650165016503,0.31542936277126044,0.32711932011022876
untouched,two_axis - knn:auroc_extra,0.2352075613501946,0.230694370513784,0.2402893973493885
untouched,two_axis - knn:aupr_common,0.3244774145344328,0.3157494108400394,0.3333734397050935
untouched,two_axis - knn:aupr_extra,0.2409575504145749,0.2340897125378439,0.24862057014189376
untouched,two_axis - knn:fpr95_common,-0.6206336633663366,-0.6303059405940595,-0.6107673267326732
untouched,two_axis - knn:fpr95_extra,-0.44260726072607254,-0.45084612211221126,-0.43191006600660076
untouched,two_axis - discopatch:auroc_common,0.15496385539544066,0.14974856660748578,0.16040867360498418
untouched,two_axis - discopatch:auroc_extra,0.10952506290233,0.10476660362818456,0.1144553575902144
untouched,two_axis - discopatch:aupr_common,0.16183682417015832,0.1522752799133936,0.17082131602349132
untouched,two_axis - discopatch:aupr_extra,0.1191535147647762,0.11045590056123854,0.12745383791583442
untouched,two_axis - discopatch:fpr95_common,-0.34466886688668874,-0.35689856985698576,-0.3320825082508251
untouched,two_axis - discopatch:fpr95_extra,-0.22280528052805287,-0.23450618811881196,-0.2111023102310232
untouched,two_axis - hashemi:auroc_common,0.4867155885225487,0.48019293146641384,0.4933695546188281
untouched,two_axis - hashemi:auroc_extra,0.41941935703471345,0.413753959851431,0.42560785509862886
untouched,two_axis - hashemi:aupr_common,0.44033031519368787,0.43176545328802846,0.44898481470233015
untouched,two_axis - hashemi:aupr_extra,0.38028266295931357,0.3732590291477252,0.3874560382370058
untouched,two_axis - hashemi:fpr95_common,-0.729091309130913,-0.7378905390539052,-0.7192341034103413
untouched,two_axis - hashemi:fpr95_extra,-0.5902145214521453,-0.5988473597359736,-0.5817487623762375
untouched,two_axis - hashemi_enc:auroc_common,0.5697320175581915,0.5638767185315893,0.5753463742298324
untouched,two_axis - hashemi_enc:auroc_extra,0.4563400919299852,0.4511614095567973,0.4619184111851778
untouched,two_axis - hashemi_enc:aupr_common,0.47274945935171914,0.4643889938613702,0.48112020764158614
untouched,two_axis - hashemi_enc:aupr_extra,0.38910285352430407,0.38236615573232835,0.3960052451584386
untouched,two_axis - hashemi_enc:fpr95_common,-0.7478547854785477,-0.7560498349834985,-0.7394675467546755
untouched,two_axis - hashemi_enc:fpr95_extra,-0.5965016501650164,-0.6037644389438943,-0.5889933993399341
untouched,two_axis - cdf:auroc_common,0.09474052725404558,0.09043508824479807,0.09936103925904134
untouched,two_axis - cdf:auroc_extra,0.05007872866494567,0.046420075373874214,0.054138647899443296
untouched,two_axis - cdf:aupr_common,0.11011038341145762,0.10291135932623713,0.11779303308131076
untouched,two_axis - cdf:aupr_extra,0.06116942029500905,0.05509072671391574,0.06813318649639308
untouched,two_axis - cdf:fpr95_common,-0.1855225522552255,-0.19409163916391628,-0.17632057205720572
untouched,two_axis - cdf:fpr95_extra,-0.06696369636963695,-0.07388201320132011,-0.058926980198019764
untouched,two_axis - cdf_sum:auroc_common,0.13696015859011657,0.13209926713793507,0.14202628184600644
untouched,two_axis - cdf_sum:auroc_extra,0.10217457711117672,0.09798451288817012,0.10650499828448204
untouched,two_axis - cdf_sum:aupr_common,0.1495754928217099,0.14142011141668132,0.15799034592633643
untouched,two_axis - cdf_sum:aupr_extra,0.1131466505880121,0.10612724371934226,0.12013787402855103
untouched,two_axis - cdf_sum:fpr95_common,-0.2832475247524754,-0.2927348734873486,-0.2726694169416943
untouched,two_axis - cdf_sum:fpr95_extra,-0.1737953795379537,-0.1822285478547856,-0.16496493399339934
untouched,level - peak_share:auroc_common,-0.059191711778438516,-0.0625599284383886,-0.05567917001601162
untouched,level - peak_share:auroc_extra,0.0041916968924612386,0.001352238751102955,0.007124448311167916
untouched,level - peak_share:aupr_common,-0.07001384240479314,-0.0757994055371058,-0.06400624261533336
untouched,level - peak_share:aupr_extra,-0.001735370590101648,-0.0077376483883725726,0.00444243130814804
untouched,level - peak_share:fpr95_common,0.11316611661166112,0.10725863586358622,0.11938107810781073
untouched,level - peak_share:fpr95_extra,-0.01541254125412539,-0.0214698844884489,-0.009453382838283838
untouched,level - global_level:auroc_common,0.04063909783717645,0.03737778376847578,0.0439037621583942
untouched,level - global_level:auroc_extra,0.03648682046422436,0.03391761265235443,0.03908321324706744
untouched,level - global_level:aupr_common,0.03661157579950969,0.0325979514835424,0.04078203214579145
untouched,level - global_level:aupr_extra,0.034002635072872156,0.03000962387191654,0.038068605848245625
untouched,level - global_level:fpr95_common,-0.07656325632563254,-0.0820259625962596,-0.07014642464246428
untouched,level - global_level:fpr95_extra,-0.07108910891089104,-0.07662128712871293,-0.06427351485148511
untouched,level - means_knn:auroc_common,0.0386649718437192,0.0357818975990008,0.04139520577140227
untouched,level - means_knn:auroc_extra,0.02198324238364413,0.01959225103203371,0.024190065788757032
untouched,level - means_knn:aupr_common,0.039115508830579904,0.03556029487598192,0.04243321588776714
untouched,level - means_knn:aupr_extra,0.03017115287526284,0.026661596395063613,0.03359305227583053
untouched,level - means_knn:fpr95_common,-0.07844224422442253,-0.08428173817381725,-0.07306259625962591
untouched,level - means_knn:fpr95_extra,-0.0532178217821781,-0.05873349834983494,-0.04656683168316834
untouched,level - means_own:auroc_common,0.057778643342882186,0.054466126160470724,0.061211237278843346
untouched,level - means_own:auroc_extra,0.05709934755851798,0.05441376131425018,0.06000253447374434
untouched,level - means_own:aupr_common,0.05304171701308136,0.048962726932338316,0.057432051080527055
untouched,level - means_own:aupr_extra,0.057931678418032706,0.053896615896579854,0.06225471883506071
untouched,level - means_own:fpr95_common,-0.11316611661166115,-0.11918393839383937,-0.10660935093509348
untouched,level - means_own:fpr95_extra,-0.11323432343234313,-0.12003754125412539,-0.10645214521452145
untouched,level - saod_top3:auroc_common,0.15712112029684833,0.15097957269984438,0.16350220965990986
untouched,level - saod_top3:auroc_extra,0.2431479021664542,0.23774419977888875,0.24889233047685963
untouched,level - saod_top3:aupr_common,0.1550171847674081,0.14495472417999938,0.16472305413027272
untouched,level - saod_top3:aupr_extra,0.2430569607556211,0.23416919281214732,0.2517707651702679
untouched,level - saod_top3:fpr95_common,-0.3683300330033002,-0.3792095709570958,-0.35810286028602867
untouched,level - saod_top3:fpr95_extra,-0.4936303630363035,-0.503862211221122,-0.48354702970297037
untouched,level - saod_min:auroc_common,0.10865550363617216,0.10238728065875907,0.1150489127064521
untouched,level - saod_min:auroc_extra,0.20104558921238636,0.1951787248526835,0.20704690988900873
untouched,level - saod_min:aupr_common,0.07697489009073766,0.06637627730477899,0.0875652069822462
untouched,level - saod_min:aupr_extra,0.17864988722534625,0.16841977503160072,0.1882861032650557
untouched,level - saod_min:fpr95_common,-0.35334213421342137,-0.36478437843784367,-0.34188228822882294
untouched,level - saod_min:fpr95_extra,-0.48465346534653453,-0.4961563531353135,-0.4723242574257424
untouched,level - contrastive:auroc_common,0.2708082359391055,0.2608961455149519,0.27903930275819605
untouched,level - contrastive:auroc_extra,0.311109079719853,0.3041864560712489,0.31708929228911903
untouched,level - contrastive:aupr_common,0.25922430835024635,0.24607449998461894,0.26718254894963933
untouched,level - contrastive:aupr_extra,0.29884043803704285,0.28768329866063014,0.30576646978727506
untouched,level - contrastive:fpr95_common,-0.5082992299229923,-0.518374009971192,-0.49807478333528055
untouched,level - contrastive:fpr95_extra,-0.5689438943894388,-0.5780841831479141,-0.5593636554099647
untouched,level - knn:auroc_common,0.24485169645677451,0.23908329604577624,0.25051571407305745
untouched,level - knn:auroc_extra,0.24288161835985567,0.23808020795891463,0.24753215459541014
untouched,level - knn:aupr_common,0.23048243031401727,0.22351868501094785,0.23802090417378213
untouched,level - knn:aupr_extra,0.23887045119809747,0.23186852958823992,0.2468054874643766
untouched,level - knn:fpr95_common,-0.4849592959295929,-0.4937016501650165,-0.4754572057205721
untouched,level - knn:fpr95_extra,-0.4766336633663365,-0.4849344059405939,-0.4664847359735973
untouched,level - discopatch:auroc_common,0.07865053535056488,0.07255912016614195,0.08435454635892632
untouched,level - discopatch:auroc_extra,0.11719911991199106,0.11179586941367414,0.12258837627574637
untouched,level - discopatch:aupr_common,0.0678418399497428,0.05861929598163912,0.07670720898822979
untouched,level - discopatch:aupr_extra,0.11706641554829877,0.1074918416037356,0.1264726893346031
untouched,level - discopatch:fpr95_common,-0.20899449944994503,-0.22181760176017604,-0.19660451045104504
untouched,level - discopatch:fpr95_extra,-0.25683168316831684,-0.2698238448844885,-0.24427103960396035
untouched,level - hashemi:auroc_common,0.4104022684776729,0.4033749337392485,0.4176319003583527
untouched,level - hashemi:auroc_extra,0.4270934140443745,0.42112459474289005,0.43348529528695434
untouched,level - hashemi:aupr_common,0.34633533097327235,0.3386288561291559,0.35420220355382254
untouched,level - hashemi:aupr_extra,0.37819556374283614,0.37032549797085235,0.3858857563927515
untouched,level - hashemi:fpr95_common,-0.5934169416941693,-0.6023238723872386,-0.584121892189219
untouched,level - hashemi:fpr95_extra,-0.6242409240924093,-0.6328890264026399,-0.6152945544554458
untouched,level - hashemi_enc:auroc_common,0.4934186975133157,0.4870314926641179,0.49997726762445216
untouched,level - hashemi_enc:auroc_extra,0.46401414893964626,0.4583660437021425,0.47000045937762086
untouched,level - hashemi_enc:aupr_common,0.3787544751313036,0.37128033289919565,0.3863763180195634
untouched,level - hashemi_enc:aupr_extra,0.38701575430782664,0.3788658129288297,0.3948099700108682
untouched,level - hashemi_enc:fpr95_common,-0.612180418041804,-0.6202314631463147,-0.6047079207920795
untouched,level - hashemi_enc:fpr95_extra,-0.6305280528052803,-0.6382891914191419,-0.6222425742574257
untouched,level - cdf:auroc_common,0.018427207209169794,0.01388580099264058,0.022834168727103782
untouched,level - cdf:auroc_extra,0.05775278567460673,0.05386659069372278,0.06129831579692623
untouched,level - cdf:aupr_common,0.0161153991910421,0.009132467270248811,0.022936377037630386
untouched,level - cdf:aupr_extra,0.05908232107853162,0.05220303889902013,0.06618922925289199
untouched,level - cdf:fpr95_common,-0.0498481848184818,-0.05759988998899882,-0.04127854785478544
untouched,level - cdf:fpr95_extra,-0.10099009900990091,-0.10765676567656768,-0.09310024752475249
untouched,level - cdf_sum:auroc_common,0.06064683854524078,0.055460287716890454,0.06558977908846983
untouched,level - cdf_sum:auroc_extra,0.10984863412083778,0.10540273454944503,0.11406176886252974
untouched,level - cdf_sum:aupr_common,0.055580508601294376,0.047965300879234674,0.06300098143717432
untouched,level - cdf_sum:aupr_extra,0.11105955137153467,0.10339482328462232,0.11835650830443895
untouched,level - cdf_sum:fpr95_common,-0.14757315731573167,-0.15638723872387233,-0.13750264026402648
untouched,level - cdf_sum:fpr95_extra,-0.20782178217821767,-0.21538077557755772,-0.19816749174917486
held_out,two_axis:auroc_common,0.9167217633101852,0.9138510532841434,0.9195858899739584
held_out,two_axis:aupr_common,0.8883404717619675,0.8821427419689214,0.894675529958929
held_out,two_axis:fpr95_common,0.22613055555555556,0.2202553472222223,0.23232250000000002
held_out,two_axis:auroc_extra,0.8583268522135417,0.8556986075575087,0.8610057407226562
held_out,two_axis:aupr_extra,0.8333071127525684,0.8284790150757697,0.8385648362607233
held_out,two_axis:fpr95_extra,0.3601041666666666,0.35501848958333326,0.36582369791666663
held_out,peak_share:auroc_common,0.8983313524305555,0.8948579528790509,0.9014417264322916
held_out,peak_share:aupr_common,0.8619225719568412,0.856143010736374,0.8678769875793438
held_out,peak_share:fpr95_common,0.25006388888888886,0.24432763888888892,0.2560047222222222
held_out,peak_share:auroc_extra,0.8607157042100694,0.8576151813151043,0.8634666483289932
held_out,peak_share:aupr_extra,0.8311106608701151,0.8262187065015831,0.8358634137205299
held_out,peak_share:fpr95_extra,0.3417916666666667,0.3366455729166667,0.34737838541666666
held_out,level:auroc_common,0.8405262824074075,0.8367502654079862,0.8441232534866898
held_out,level:aupr_common,0.7933532339196671,0.7879848208341371,0.799058975400451
held_out,level:fpr95_common,0.36046111111111107,0.35425347222222225,0.36668659722222213
held_out,level:auroc_extra,0.8659491265190973,0.8627814272460937,0.869035666531033
held_out,level:aupr_extra,0.8309109850941898,0.8255369916180453,0.8368691471630066
held_out,level:fpr95_extra,0.3266979166666667,0.3208013020833333,0.3331255208333333
held_out,global_level:auroc_common,0.7993341753472223,0.795879110720486,0.8028385197193286
held_out,global_level:aupr_common,0.7563496272415281,0.7518027751999148,0.7615357649818801
held_out,global_level:fpr95_common,0.4396305555555556,0.4339396527777778,0.44533923611111115
held_out,global_level:auroc_extra,0.8293005805121527,0.8262517141927085,0.8321742593044705
held_out,global_level:aupr_extra,0.7964916573310531,0.7915493761618541,0.8017953049607459
held_out,global_level:fpr95_extra,0.3973333333333333,0.3918221354166667,0.4027963541666666
held_out,means_knn:auroc_common,0.801105109375,0.7971906483217592,0.8051719925781249
held_out,means_knn:aupr_common,0.7530910507159775,0.7482196430963153,0.7584171372084181
held_out,means_knn:fpr95_common,0.4395805555555556,0.43373548611111107,0.4455072222222222
held_out,means_knn:auroc_extra,0.8428426356336806,0.8389367489420573,0.846651222249349
held_out,means_knn:aupr_extra,0.7992593858681897,0.7933636177997686,0.8052928475115548
held_out,means_knn:fpr95_extra,0.38095833333333334,0.37409270833333336,0.3884692708333334
held_out,means_own:auroc_common,0.7811508732638889,0.7776423171296296,0.7846953075231482
held_out,means_own:aupr_common,0.7390039059280993,0.7341801788058603,0.7442077833087608
held_out,means_own:fpr95_common,0.47811944444444443,0.47234416666666673,0.48380999999999996
held_out,means_own:auroc_extra,0.8080294259982639,0.804769146484375,0.8111263072102863
held_out,means_own:aupr_extra,0.7718537843889617,0.7668792316080864,0.7771890346572724
held_out,means_own:fpr95_extra,0.4421249999999999,0.43637343749999996,0.44843776041666666
held_out,saod_top3:auroc_common,0.6865632549189814,0.6823308510489005,0.6909293151403357
held_out,saod_top3:aupr_common,0.6433412058011175,0.63734950769675,0.6499895338382932
held_out,saod_top3:fpr95_common,0.7275611111111111,0.7203343750000001,0.7342134722222221
held_out,saod_top3:auroc_extra,0.6250765017361111,0.6214182182617186,0.6286158830566405
held_out,saod_top3:aupr_extra,0.5903693219131708,0.5857759495655527,0.5951634153574504
held_out,saod_top3:fpr95_extra,0.8188541666666668,0.8128950520833333,0.82446875
held_out,saod_min:auroc_common,0.7303245723379629,0.7262469513310186,0.7341677765407987
held_out,saod_min:aupr_common,0.7156355019916584,0.7089732239731552,0.7225000405982812
held_out,saod_min:fpr95_common,0.7143111111111111,0.7067847916666667,0.7219179861111111
held_out,saod_min:auroc_extra,0.6634824359809028,0.6598933649902343,0.6668724008517793
held_out,saod_min:aupr_extra,0.650685188815035,0.6452002500784527,0.6562802392283188
held_out,saod_min:fpr95_extra,0.8108333333333334,0.8035205729166667,0.8173765625
held_out,contrastive:auroc_common,0.5675213020833334,0.5615902429085389,0.5741316642055637
held_out,contrastive:aupr_common,0.5315699097460872,0.5271644706700821,0.539341070569125
held_out,contrastive:fpr95_common,0.8696666666666667,0.8650216691726496,0.8748262399368409
held_out,contrastive:auroc_extra,0.5532365180121527,0.5493556548645394,0.5576122323168355
held_out,contrastive:aupr_extra,0.5297347652362239,0.5272056523792965,0.5351176533815656
held_out,contrastive:fpr95_extra,0.8953854166666666,0.8903135717362918,0.899740226915605
held_out,knn:auroc_common,0.5940457847222222,0.5900795483868635,0.5984096858145255
held_out,knn:aupr_common,0.5607219645357389,0.5570641893581965,0.5653576238734338
held_out,knn:fpr95_common,0.8469944444444445,0.8415108333333334,0.8517305555555555
held_out,knn:auroc_extra,0.6215025813802083,0.6181819353569878,0.6249379030219183
held_out,knn:aupr_extra,0.58958820567944,0.5864091058487108,0.593947526094605
held_out,knn:fpr95_extra,0.8023541666666667,0.7962161458333332,0.8079494791666667
held_out,discopatch:auroc_common,0.7636941377314815,0.7598524596643517,0.7670728459346065
held_out,discopatch:aupr_common,0.7285832765140224,0.7239935404743715,0.7335278199192742
held_out,discopatch:fpr95_common,0.5672194444444444,0.5586241666666666,0.5767341666666667
held_out,discopatch:auroc_extra,0.7512529513888888,0.747421868218316,0.754711808268229
held_out,discopatch:aupr_extra,0.7172404227057217,0.712323628853962,0.7223985726420411
held_out,discopatch:fpr95_extra,0.5803020833333334,0.5714877604166669,0.5890002604166666
held_out,hashemi:auroc_common,0.42769151678240735,0.42377387095630786,0.4319348781394676
held_out,hashemi:aupr_common,0.4451802986308853,0.4431910174612259,0.4475246940850667
held_out,hashemi:fpr95_common,0.9587527777777778,0.9552664583333335,0.9625222916666666
held_out,hashemi:auroc_extra,0.4373227625868056,0.4339033970269098,0.4407990754123264
held_out,hashemi:aupr_extra,0.4509801636346193,0.44936919484525145,0.4529643083347102
held_out,hashemi:fpr95_extra,0.95446875,0.95151015625,0.9576463541666669
held_out,hashemi_enc:auroc_common,0.3459135925925926,0.3425557612702546,0.34919394316406244
held_out,hashemi_enc:aupr_common,0.41340319497122846,0.41206337915610336,0.41499827608911377
held_out,hashemi_enc:fpr95_common,0.9739499999999999,0.972254861111111,0.9757836805555558
held_out,hashemi_enc:auroc_extra,0.4011470171440973,0.3980334221462673,0.4041454111328125
held_out,hashemi_enc:aupr_extra,0.442264795429019,0.44082247677384956,0.4442120906782635
held_out,hashemi_enc:fpr95_extra,0.9578333333333333,0.9556354166666667,0.9599486979166665
held_out,cdf:auroc_common,0.8203792378472221,0.8167338979166667,0.8241893208912036
held_out,cdf:aupr_common,0.7749883895145884,0.769917084261325,0.7808734750791728
held_out,cdf:fpr95_common,0.4137694444444444,0.40737326388888895,0.41998534722222214
held_out,cdf:auroc_extra,0.8073378721788196,0.8043272655978733,0.8103463323567708
held_out,cdf:aupr_extra,0.7698802315830238,0.7655193766557641,0.7749126259607543
held_out,cdf:fpr95_extra,0.42844791666666665,0.4227794270833333,0.4339690104166667
held_out,cdf_sum:auroc_common,0.7767506044560185,0.7728912157190393,0.7806852172815394
held_out,cdf_sum:aupr_common,0.7341478461975309,0.729232849327491,0.740201472243556
held_out,cdf_sum:fpr95_common,0.5127194444444445,0.5059566666666666,0.5193235416666666
held_out,cdf_sum:auroc_extra,0.7540248925781249,0.7507652542317709,0.7574100890570749
held_out,cdf_sum:aupr_extra,0.7166821817677138,0.7124255581284246,0.72178325771371
held_out,cdf_sum:fpr95_extra,0.53721875,0.5313119791666666,0.5434169270833333
held_out,two_axis - peak_share:auroc_common,0.01839041087962967,0.01568392233796325,0.021300785228588078
held_out,two_axis - peak_share:auroc_extra,-0.002388851996527719,-0.005180328124999994,0.0005820410698784499
held_out,two_axis - peak_share:aupr_common,0.02641789980512632,0.021207705197171373,0.031929031216159816
held_out,two_axis - peak_share:aupr_extra,0.002196451882453321,-0.002097420901255789,0.006861182674529669
held_out,two_axis - peak_share:fpr95_common,-0.023933333333333306,-0.029608958333333373,-0.018088750000000042
held_out,two_axis - peak_share:fpr95_extra,0.0183124999999999,0.012663541666666714,0.02390911458333335
held_out,two_axis - level:auroc_common,0.07619548090277772,0.07331971177662035,0.07903214670138888
held_out,two_axis - level:auroc_extra,-0.007622274305555621,-0.010108447482638847,-0.00519567377387164
held_out,two_axis - level:aupr_common,0.09498723784230045,0.09096319751955445,0.09886628857882257
held_out,two_axis - level:aupr_extra,0.0023961276583785995,-0.0010566447951483508,0.005417543403909107
held_out,two_axis - level:fpr95_common,-0.1343305555555555,-0.14033930555555546,-0.1280551388888889
held_out,two_axis - level:fpr95_extra,0.033406249999999915,0.02791562499999998,0.03869817708333339
held_out,two_axis - global_level:auroc_common,0.11738758796296289,0.11409653450520835,0.1205934960358795
held_out,two_axis - global_level:auroc_extra,0.02902627170138894,0.02634651399739575,0.03161138264973952
held_out,two_axis - global_level:aupr_common,0.1319908445204394,0.12740161489682733,0.13668892858900672
held_out,two_axis - global_level:aupr_extra,0.03681545542151532,0.03318431656460488,0.04052982104067331
held_out,two_axis - global_level:fpr95_common,-0.21350000000000002,-0.21978902777777773,-0.20683430555555554
held_out,two_axis - global_level:fpr95_extra,-0.0372291666666667,-0.04280286458333335,-0.031166406250000007
held_out,two_axis - means_knn:auroc_common,0.11561665393518517,0.11222203155381974,0.11909176025752309
held_out,two_axis - means_knn:auroc_extra,0.015484216579861099,0.012495802408854279,0.018488989040798664
held_out,two_axis - means_knn:aupr_common,0.13524942104599003,0.13059235905162575,0.14000223268975426
held_out,two_axis - means_knn:aupr_extra,0.03404772688437874,0.02962993609042879,0.03832475733008255
held_out,two_axis - means_knn:fpr95_common,-0.21345000000000003,-0.219629375,-0.20671374999999995
held_out,two_axis - means_knn:fpr95_extra,-0.02085416666666673,-0.027803645833333286,-0.01462135416666667
held_out,two_axis - means_own:auroc_common,0.1355708900462963,0.13221004500868067,0.13882545578703673
held_out,two_axis - means_own:auroc_extra,0.050297426215277774,0.04726517708333333,0.05316164002821154
held_out,two_axis - means_own:aupr_common,0.14933656583386823,0.1444025085364699,0.1543777375054589
held_out,two_axis - means_own:aupr_extra,0.06145332836360673,0.05713151055253697,0.06544525108247223
held_out,two_axis - means_own:fpr95_common,-0.2519888888888889,-0.2583232638888889,-0.24535798611111098
held_out,two_axis - means_own:fpr95_extra,-0.08202083333333327,-0.08827083333333335,-0.07588385416666665
held_out,two_axis - saod_top3:auroc_common,0.23015850839120378,0.22575936318721052,0.2350699085648148
held_out,two_axis - saod_top3:auroc_extra,0.2332503504774306,0.22886649123806427,0.23759014141167545
held_out,two_axis - saod_top3:aupr_common,0.24499926596084998,0.23714530878923584,0.25331632653808195
held_out,two_axis - saod_top3:aupr_extra,0.2429377908393976,0.23646095373214687,0.24943464886543645
held_out,two_axis - saod_top3:fpr95_common,-0.5014305555555556,-0.5100518750000002,-0.49250243055555565
held_out,two_axis - saod_top3:fpr95_extra,-0.45875000000000016,-0.4663445312500001,-0.45083333333333325
held_out,two_axis - saod_min:auroc_common,0.1863971909722223,0.1819937827907984,0.19104824063223402
held_out,two_axis - saod_min:auroc_extra,0.19484441623263882,0.19047887331814248,0.19929782354058162
held_out,two_axis - saod_min:aupr_common,0.17270496977030914,0.1645173324641654,0.18161607355307938
held_out,two_axis - saod_min:aupr_extra,0.1826219239375334,0.17541754775177165,0.1895177312075099
held_out,two_axis - saod_min:fpr95_common,-0.48818055555555556,-0.497650625,-0.4791610416666667
held_out,two_axis - saod_min:fpr95_extra,-0.4507291666666668,-0.45901145833333346,-0.4416143229166666
held_out,two_axis - contrastive:auroc_common,0.3492004612268518,0.34193637819575234,0.35586509235555813
held_out,two_axis - contrastive:auroc_extra,0.305090334201389,0.29973015151727284,0.3097849649109655
held_out,two_axis - contrastive:aupr_common,0.3567705620158803,0.3471913322470436,0.3636408857051575
held_out,two_axis - contrastive:aupr_extra,0.30357234751634454,0.2962071367835266,0.30858100138290195
held_out,two_axis - contrastive:fpr95_common,-0.6435361111111111,-0.6518405074130477,-0.6353134697675966
held_out,two_axis - contrastive:fpr95_extra,-0.5352812499999999,-0.5421892637986597,-0.5278818850852187
held_out,two_axis - knn:auroc_common,0.32267597858796293,0.3179232821397571,0.3273875788917822
held_out,two_axis - knn:auroc_extra,0.23682427083333335,0.23289246733940988,0.24064391536458324
held_out,two_axis - knn:aupr_common,0.32761850722622865,0.3209517340838093,0.33414951730987075
held_out,two_axis - knn:aupr_extra,0.24371890707312838,0.23772704771979586,0.24946676216363492
held_out,two_axis - knn:fpr95_common,-0.6208638888888889,-0.6278834722222221,-0.6132215972222222
held_out,two_axis - knn:fpr95_extra,-0.4422500000000001,-0.44854453124999993,-0.43423776041666656
held_out,two_axis - discopatch:auroc_common,0.15302762557870364,0.14926868099681692,0.15711130583043967
held_out,two_axis - discopatch:auroc_extra,0.10707390082465285,0.10362146025933155,0.11126875143771704
held_out,two_axis - discopatch:aupr_common,0.15975719524794507,0.1528343824592652,0.16697703781590748
held_out,two_axis - discopatch:aupr_extra,0.11606669004684667,0.10971715029472437,0.12268128631394093
held_out,two_axis - discopatch:fpr95_common,-0.34108888888888883,-0.35075284722222216,-0.3313196527777778
held_out,two_axis - discopatch:fpr95_extra,-0.22019791666666683,-0.22932500000000014,-0.21039348958333334
held_out,two_axis - hashemi:auroc_common,0.4890302465277778,0.4839475365957754,0.4938750555844908
held_out,two_axis - hashemi:auroc_extra,0.4210040896267361,0.4162264328342015,0.4252915110677082
held_out,two_axis - hashemi:aupr_common,0.4431601731310822,0.43633869701348094,0.449741414202323
held_out,two_axis - hashemi:aupr_extra,0.3823269491179491,0.3767208924096223,0.3876576575899583
held_out,two_axis - hashemi:fpr95_common,-0.7326222222222223,-0.7396148611111109,-0.725580347222222
held_out,two_axis - hashemi:fpr95_extra,-0.5943645833333333,-0.6001596354166666,-0.5881130208333333
held_out,two_axis - hashemi_enc:auroc_common,0.5708081707175926,0.5663704616247106,0.5752903822916667
held_out,two_axis - hashemi_enc:auroc_extra,0.4571798350694444,0.4530269937337239,0.4613540519748263
held_out,two_axis - hashemi_enc:aupr_common,0.47493727679073905,0.4684158696074764,0.4812849786582278
held_out,two_axis - hashemi_enc:aupr_extra,0.39104231732354944,0.3856078048699164,0.3963541902087423
held_out,two_axis - hashemi_enc:fpr95_common,-0.7478194444444444,-0.7537787499999998,-0.7415872222222225
held_out,two_axis - hashemi_enc:fpr95_extra,-0.5977291666666666,-0.6029591145833335,-0.5916768229166668
held_out,two_axis - cdf:auroc_common,0.09634252546296307,0.09285407311921297,0.09977621478587972
held_out,two_axis - cdf:auroc_extra,0.050988980034722076,0.04775235606553808,0.05420153287760423
held_out,two_axis - cdf:aupr_common,0.11335208224737914,0.10776997670283311,0.11917681155684852
held_out,two_axis - cdf:aupr_extra,0.06342688116954465,0.058190235043930026,0.06868826802555676
held_out,two_axis - cdf:fpr95_common,-0.18763888888888886,-0.1945922916666667,-0.1803748611111112
held_out,two_axis - cdf:fpr95_extra,-0.06834375000000004,-0.07441692708333324,-0.06194713541666666
held_out,two_axis - cdf_sum:auroc_common,0.13997115885416667,0.13578151630497687,0.14387841726707198
held_out,two_axis - cdf_sum:auroc_extra,0.10430195963541677,0.10072448529730921,0.10773635530598966
held_out,two_axis - cdf_sum:aupr_common,0.15419262556443658,0.14776097688590797,0.1604926765593265
held_out,two_axis - cdf_sum:aupr_extra,0.1166249309848546,0.11102476901041071,0.12217948647332753
held_out,two_axis - cdf_sum:fpr95_common,-0.28658888888888895,-0.29454208333333326,-0.27912715277777794
held_out,two_axis - cdf_sum:fpr95_extra,-0.17711458333333335,-0.1838796874999999,-0.17007083333333337
held_out,level - peak_share:auroc_common,-0.05780507002314805,-0.060501478124999925,-0.05506504059606503
held_out,level - peak_share:auroc_extra,0.005233422309027902,0.0030594696180555243,0.007501962565104217
held_out,level - peak_share:aupr_common,-0.06856933803717413,-0.07326880280707737,-0.0637563536664693
held_out,level - peak_share:aupr_extra,-0.00019967577592527874,-0.004820332426508844,0.004506201341035675
held_out,level - peak_share:fpr95_common,0.1103972222222222,0.10561680555555554,0.11522930555555556
held_out,level - peak_share:fpr95_extra,-0.015093750000000017,-0.019907552083333294,-0.010248177083333372
held_out,level - global_level:auroc_common,0.04119210706018517,0.038568903964120445,0.04376429165219907
held_out,level - global_level:auroc_extra,0.03664854600694456,0.03469591726345498,0.03869188292100698
held_out,level - global_level:aupr_common,0.037003606678138956,0.03394236771786128,0.04015782593883974
held_out,level - global_level:aupr_extra,0.03441932776313672,0.03142214883451206,0.037463857473822755
held_out,level - global_level:fpr95_common,-0.07916944444444451,-0.08385298611111117,-0.07411347222222209
held_out,level - global_level:fpr95_extra,-0.07063541666666662,-0.07526197916666666,-0.06511171875000009
held_out,level - means_knn:auroc_common,0.03942117303240744,0.03714832936921278,0.0416160726562499
held_out,level - means_knn:auroc_extra,0.02310649088541672,0.021151301757812456,0.025059987792968842
held_out,level - means_knn:aupr_common,0.04026218320368957,0.03763897297832915,0.043014847924447
held_out,level - means_knn:aupr_extra,0.03165159922600014,0.028836848577907963,0.03442191864697194
held_out,level - means_knn:fpr95_common,-0.07911944444444452,-0.08358715277777769,-0.07425541666666663
held_out,level - means_knn:fpr95_extra,-0.054260416666666644,-0.0591161458333333,-0.04932812499999996
held_out,level - means_own:auroc_common,0.059375409143518576,0.05657179592013875,0.06196472447916675
held_out,level - means_own:auroc_extra,0.057919700520833395,0.0556407686631945,0.059990847656249804
held_out,level - means_own:aupr_common,0.054349327991567775,0.05081242581162802,0.05764583688584132
held_out,level - means_own:aupr_extra,0.05905720070522813,0.055660929364948285,0.062413364287802
held_out,level - means_own:fpr95_common,-0.11765833333333336,-0.12245159722222217,-0.11275409722222228
held_out,level - means_own:fpr95_extra,-0.11542708333333318,-0.12088906250000002,-0.10996744791666667
held_out,level - saod_top3:auroc_common,0.15396302748842605,0.14899287594039357,0.15922771843171288
held_out,level - saod_top3:auroc_extra,0.2408726247829862,0.2367129155544705,0.2454069885253905
held_out,level - saod_top3:aupr_common,0.15001202811854952,0.14271400706922258,0.157468420325798
held_out,level - saod_top3:aupr_extra,0.240541663181019,0.23364272938744937,0.2473482829070207
held_out,level - saod_top3:fpr95_common,-0.36710000000000004,-0.37536868055555556,-0.35871069444444437
held_out,level - saod_top3:fpr95_extra,-0.4921562500000001,-0.5002723958333333,-0.48392656250000005
held_out,level - saod_min:auroc_common,0.11020171006944457,0.10535460975839114,0.11559938587239593
held_out,level - saod_min:auroc_extra,0.20246669053819444,0.19806148421223976,0.20712004814995655
held_out,level - saod_min:aupr_common,0.07771773192800868,0.06968403500062728,0.0858988993792387
held_out,level - saod_min:aupr_extra,0.1802257962791548,0.17251215955892152,0.18764464676592021
held_out,level - saod_min:fpr95_common,-0.35385000000000005,-0.3627727777777777,-0.3448555555555556
held_out,level - saod_min:fpr95_extra,-0.4841354166666667,-0.49247135416666654,-0.47500598958333334
held_out,level - contrastive:auroc_common,0.27300498032407405,0.2655777280448144,0.28004252955945486
held_out,level - contrastive:auroc_extra,0.3127126085069446,0.30732512232189074,0.31772155000013097
held_out,level - contrastive:aupr_common,0.26178332417357986,0.2527827653474284,0.26848364311183565
held_out,level - contrastive:aupr_extra,0.30117621985796594,0.29383709678899456,0.30687747552692596
held_out,level - contrastive:fpr95_common,-0.5092055555555557,-0.5180566955580926,-0.5018151502610989
held_out,level - contrastive:fpr95_extra,-0.5686874999999999,-0.576314337845925,-0.560588939166459
held_out,level - knn:auroc_common,0.2464804976851852,0.2416031695818866,0.25118564934172466
held_out,level - knn:auroc_extra,0.24444654513888897,0.2403860979817709,0.24823335365125856
held_out,level - knn:aupr_common,0.2326312693839282,0.22655819424549054,0.23818316747154997
held_out,level - knn:aupr_extra,0.24132277941474978,0.23539465809571083,0.24699384239189345
held_out,level - knn:fpr95_common,-0.48653333333333343,-0.4934174305555554,-0.4788754861111112
held_out,level - knn:fpr95_extra,-0.47565625,-0.48275104166666655,-0.46762942708333344
held_out,level - discopatch:auroc_common,0.07683214467592592,0.07230292917390051,0.08174319973234961
held_out,level - discopatch:auroc_extra,0.11469617513020847,0.11052211615668402,0.1193693946397568
held_out,level - discopatch:aupr_common,0.06476995740564462,0.05813822638392391,0.07150323975196614
held_out,level - discopatch:aupr_extra,0.11367056238846807,0.10673893326471781,0.12093074165992612
held_out,level - discopatch:fpr95_common,-0.20675833333333332,-0.2169474305555558,-0.19750534722222216
held_out,level - discopatch:fpr95_extra,-0.25360416666666674,-0.2637924479166667,-0.24382239583333346
held_out,level - hashemi:auroc_common,0.4128347656250001,0.4071013891637732,0.41894095462239594
held_out,level - hashemi:auroc_extra,0.4286263639322917,0.42399696690538186,0.43351690294053813
held_out,level - hashemi:aupr_common,0.34817293528878174,0.34195357222079903,0.35428859966909243
held_out,level - hashemi:aupr_extra,0.3799308214595705,0.37381249609332595,0.3859690879235964
held_out,level - hashemi:fpr95_common,-0.5982916666666667,-0.6061757638888888,-0.590783263888889
held_out,level - hashemi:fpr95_extra,-0.6277708333333333,-0.6351695312499998,-0.6203013020833331
held_out,level - hashemi_enc:auroc_common,0.4946126898148149,0.4891534396846065,0.5000452237123841
held_out,level - hashemi_enc:auroc_extra,0.464802109375,0.4601235082736545,0.46963192629665806
held_out,level - hashemi_enc:aupr_common,0.3799500389484386,0.37402520245533283,0.38577699278679134
held_out,level - hashemi_enc:aupr_extra,0.38864618966517084,0.3824515643422843,0.3947201181425791
held_out,level - hashemi_enc:fpr95_common,-0.6134888888888888,-0.6198370833333333,-0.6070804861111112
held_out,level - hashemi_enc:fpr95_extra,-0.6311354166666666,-0.6373132812499999,-0.6244888020833332
held_out,level - cdf:auroc_common,0.020147044560185345,0.016700318504050883,0.023667225622106526
held_out,level - cdf:auroc_extra,0.058611254340277696,0.055550825412326206,0.06178073996310774
held_out,level - cdf:aupr_common,0.018364844405078684,0.013227410518853363,0.02410647702749092
held_out,level - cdf:aupr_extra,0.06103075351116605,0.05574813798907193,0.06670792360466424
held_out,level - cdf:fpr95_common,-0.053308333333333346,-0.05974923611111123,-0.046706388888888964
held_out,level - cdf:fpr95_extra,-0.10174999999999995,-0.10728645833333333,-0.09525885416666663
held_out,level - cdf_sum:auroc_common,0.06377567795138894,0.05958395527343757,0.06797786626157415
held_out,level - cdf_sum:auroc_extra,0.1119242339409724,0.10849713579644082,0.1155977124023436
held_out,level - cdf_sum:aupr_common,0.05920538772213613,0.05342683895085944,0.06551723881573245
held_out,level - cdf_sum:aupr_extra,0.114228803326476,0.10829953816575881,0.12043798743680055
held_out,level - cdf_sum:fpr95_common,-0.15225833333333344,-0.15906152777777785,-0.14439597222222209
held_out,level - cdf_sum:fpr95_extra,-0.21052083333333327,-0.2174505208333334,-0.2035416666666668
