family,severity,map,mean_two_axis,mean_peak_share,mean_level,mean_global_level,mean_means_knn,mean_means_own,mean_saod_top3,mean_saod_min,mean_contrastive,mean_knn,mean_discopatch,mean_hashemi,mean_cdf,mean_cdf_sum,mean_niqe,mean_niqe_default,mean_arniqa,mean_arniqa_proto,mean_clipiqa
clean,0,0.5453268466801258,0.5284057192908778,0.09359655961860372,-0.0608966858469611,-0.16819970622733685,0.42229175223718385,-0.1223009780354108,0.25661809367624416,0.09443726575002075,-0.4044353508218501,0.38416504859924316,0.649247970333257,0.04561827604166667,-0.16528823695145953,17.400294191277027,2.7783744864811104,3.891430747930489,-0.6633867192626,0.07352231537103653,-0.8292762573242187
gaussian_noise,1,0.4999660541263379,2.2197482472677468,4.448825794659251,4.082284725321559,2.822451824023836,7.776365393487778,2.9450074048014647,0.2799264032047242,0.10877932779565454,-0.38345182425562657,0.3985944390296936,0.9807109492287567,0.04397333854166667,4.410787345512654,20.4075811170578,4.2077133985826425,9.50981702697465,-0.3704117549300194,0.45729585320949556,-0.597687289428711
gaussian_noise,2,0.4585132925361925,3.073622811429013,6.056729791158694,8.25028699460169,6.274319438133285,12.778327404474567,6.454888485425186,0.30111827694016197,0.12529296275898813,-0.3592358645324061,0.4167032241821289,0.9972633459805081,0.043179950520833336,8.327341813081059,23.263650945425034,4.9780887581657485,11.390217500452723,-0.2583720570743084,0.5414028359293938,-0.5978896728515625
gaussian_noise,3,0.36486831688654553,5.0733973739444105,7.045467952720312,14.152081494233657,11.298346204021144,18.67607173735465,11.621152078936444,0.352217138138165,0.17143785144984722,-0.2996053343118793,0.4591163992881775,0.9998564057947992,0.04215585937500001,14.00612670659371,27.548483234500885,6.101273540225366,13.921597080211958,-0.14673351598381995,0.5757196204423904,-0.636142578125
gaussian_noise,4,0.2303362207875579,7.680531210981641,7.243779943062554,21.425758859485562,17.61356995034209,27.896133374643018,18.35568272595862,0.44681363311385114,0.27110231040641664,-0.19448308543994697,0.535428524017334,0.9999999397802576,0.04130681510416667,20.968395792685502,33.00750617141723,7.7010627819926984,17.624167116943358,-0.07075635784864426,0.5893101795077323,-0.733862109375
gaussian_noise,5,0.07732185329726309,11.912769039828605,6.779908315431913,33.23209160730578,27.66385636298432,48.38569944416904,29.395957581836115,0.5981776234067977,0.45935533056259154,-0.01296434722295591,0.6486914157867432,0.999999999960429,0.04081911458333334,30.6303528534077,41.042314626693724,9.896581705116425,21.97036347327428,-0.0423643989443779,0.597893422794342,-0.8253609375
shot_noise,1,0.49822912957380816,2.1871230669795563,4.040077036542821,4.4197081939786935,3.0983184942338475,7.797439433620108,3.221722617253291,0.2781422204583883,0.10743596511781216,-0.39123411254516843,0.39858242869377136,0.9802564169395737,0.04411783072916667,4.573985920069342,20.567867142820358,3.979998940717429,8.797168197070128,-0.3367824620902538,0.45585822689533234,-0.630584033203125
shot_noise,2,0.4496761440819259,3.326254569482258,5.326062162664064,9.078396451609928,6.995856640724244,13.10757166675189,7.174204324517332,0.3037808983437717,0.12659235547631978,-0.36596717242908006,0.41862669587135315,0.9968686788731804,0.04323630208333333,8.998033567984088,23.809830258941652,4.711915477082774,10.626977482592164,-0.23896318222284316,0.5375671347856522,-0.6529723937988281
shot_noise,3,0.3710702076720639,5.258018120796932,5.927735432368117,14.657115031939824,11.781743953156608,18.567020113755593,12.08218200969179,0.34746419939137996,0.16627757239341737,-0.316701064794772,0.4563949704170227,0.9992580342133591,0.042343166666666675,14.425859083169478,27.9182995344162,5.557730076636976,12.458674400084073,-0.14160272251963615,0.5684925616264344,-0.7182831298828125
shot_noise,4,0.21005117987145552,9.08821826243457,5.723127103054504,25.35266996570264,20.95362155545454,33.485977868648014,21.778815802852865,0.45782817579011115,0.2833268646426499,-0.18907234729987468,0.5497391819953918,0.999849031201387,0.04139815364583334,23.87780449567772,35.330283545017245,7.150600757281989,15.462469200362257,-0.06632887511849403,0.588976521718502,-0.780844384765625
shot_noise,5,0.09622269650952184,13.307373985725707,4.9926420234783855,37.12250861808676,30.90842838638235,52.210459268286776,32.464046607671285,0.5641597398559252,0.4138706925280392,-0.04595175101291785,0.6403313279151917,0.9999772486919032,0.04117270572916667,32.337233607302444,42.22819793925285,8.66031963948792,18.141155345394335,-0.06126526244878769,0.5983061190962792,-0.788270556640625
impulse_noise,1,0.4649024898368763,2.9171592585289776,4.883740444871444,7.7345678253982175,5.975562790506172,10.3900125544373,6.125890244555579,0.3007062067860116,0.12562559988349675,-0.35639140949386466,0.421693354845047,0.9950829606044593,0.04358885677083334,6.64810006989299,22.054338977885248,9.06847589746764,13.019613936249154,-0.2631039121568203,0.505661114346981,-0.8029916259765625
impulse_noise,2,0.41463379753324414,4.434929470778827,6.295386057119891,12.366625481726704,9.820080935904297,15.900711699053998,10.050014471194734,0.3283530784947176,0.14814919983893632,-0.3286256421465821,0.44094419479370117,0.99982566383259,0.042799125,11.462982445386087,25.619332928419112,10.657890698726067,14.941007053185592,-0.18060066608190536,0.5629850070476532,-0.7756339599609375
impulse_noise,3,0.35897200044703237,5.767036908113304,6.87546379417162,16.0878380326504,12.952086694790301,19.834382178969577,13.279778850101499,0.35760072389766573,0.17590272168666124,-0.2947206786302053,0.4643253982067108,0.9999975321219866,0.042194867187500006,15.195090681148743,28.44328929772377,11.087381728439974,15.690328172468085,-0.12932935393452644,0.5781881389379502,-0.7634560791015625
impulse_noise,4,0.21841551607024395,8.712586463266195,7.074377458477913,24.304800211924547,19.999815019679232,31.563333289119818,20.789573368646735,0.4567415543583533,0.28038798601366577,-0.1916392830782925,0.5405390858650208,0.999999999614044,0.04122307812500001,22.971711446917684,34.528788251304626,10.035088497482892,15.988135393299821,-0.06828561040759086,0.5934041730880737,-0.770138720703125
impulse_noise,5,0.08210084893471101,12.454292334725237,6.581390112960606,34.742735495668605,28.881515384105256,50.28132673610922,30.55181979443656,0.590078299783791,0.4473472852341831,-0.03694501044383958,0.6384041905403137,0.9999999999083935,0.040727734375,31.378738841006783,41.51880958299637,8.003448524770011,15.220799455124912,-0.050142043322324754,0.6001733484864235,-0.8025899658203125
defocus_blur,1,0.49078871176636774,2.00862887775932,3.352275058801468,4.700028719285834,2.890036310117039,3.762215007037901,3.09890463986764,0.28884298210876685,0.11332707713358105,-0.40789416518287563,0.4148749113082886,0.8441863919116748,0.04550625520833333,4.409200681127207,20.784177690291404,7.4040025030644845,6.934717573621479,-0.2704316654264927,0.5308523843169213,-0.44651900482177737
defocus_blur,2,0.45377981144054286,2.4421304505390036,4.864530876956589,6.150378019999159,4.074336027261052,4.911235876566547,4.363665192543928,0.3100696644471337,0.1263344776455313,-0.4082354482672729,0.4285338819026947,0.9103435803027573,0.04458825520833334,5.898597407331763,21.8678001909256,8.433366449007279,8.180294481039407,-0.19027274146676063,0.566187620472908,-0.4363579833984375
defocus_blur,3,0.37875889537098295,3.012511606097372,7.069443597008704,7.874669703120651,5.571334582134201,6.480235179534394,6.017392700580542,0.3541394910751532,0.15828093892559408,-0.39785305008572347,0.454021692276001,0.9601213661949146,0.04311559895833334,7.7231783222348,23.229983064174654,9.066351037246672,9.533449362880246,-0.12025180984139443,0.5491910404920578,-0.3296140319824219
defocus_blur,4,0.311826120449342,3.4002582713921585,8.747824634535863,8.970194520970107,6.590026593686751,7.902731795071049,7.204813185227182,0.3986516174687693,0.19402371908314525,-0.3778344302276474,0.48309561610221863,0.9750790021501194,0.042526544270833334,8.969280339238312,24.20527271518707,9.657452592727655,10.618226701416924,-0.08998027858138084,0.5282701213002204,-0.2552328155517578
defocus_blur,5,0.2517674062977145,3.7324838326050913,10.24813127400849,9.880280752049629,7.4577474258669145,9.151701108652242,8.254895851712057,0.4456549264934535,0.23958745350316166,-0.3473796552050414,0.5141957998275757,0.9822376664769791,0.042240375000000004,9.977181785787128,25.04482232398987,10.079315493498632,11.443589881028194,-0.09602511197924614,0.506786156797409,-0.20552606811523438
glass_blur,1,0.46638077480475715,1.4097153965753257,1.3295977625706759,2.511621507752937,1.2192559448019749,2.125050783434198,1.4688301929478138,0.29273685755978024,0.11679290180876852,-0.38194772931727483,0.42206788063049316,0.8644993255345509,0.04648839062500001,2.037606841532931,19.16798516676426,5.347171156278257,5.002382796476613,-0.38849815312623975,0.39371669019460676,-0.32764373779296874
glass_blur,2,0.4197402148251375,1.772709912850292,2.2824400750710505,3.9006489020326,2.3151967561822495,3.274864766106605,2.6754784386498764,0.3246690611145149,0.13944399596005677,-0.36924662806542496,0.4489792585372925,0.9436201423951132,0.046192880208333335,3.467170988906988,20.282314461255073,6.465727399010576,6.054472162971101,-0.3041119781434536,0.4794863860607147,-0.33020205078125
glass_blur,3,0.2493755589852588,1.8725751535217758,2.440205219900588,4.303936802317537,2.777364428063948,4.065570104033546,3.5480145365079925,0.43325021797356505,0.2419030829295516,-0.29193805638296855,0.5358529090881348,0.9875962462467164,0.04585847135416667,4.173819824498617,21.188815493130683,6.33110902980019,6.083261363245025,-0.2761835755944252,0.47220063445568083,-0.45287643432617186
glass_blur,4,0.22349642923773763,2.1319219259188396,3.155693871589838,5.237986080229041,3.552340448036682,4.702938169325303,4.45874234536439,0.46059087423135836,0.26804561282210054,-0.27563308364117695,0.5521939396858215,0.9921720922585177,0.045462700520833337,5.0583448058878,21.928285771179198,6.614701639092861,6.453384126891873,-0.253313792347908,0.4764285414814949,-0.4469858215332031
glass_blur,5,0.18151441120831804,2.727005599786811,5.466310953132845,7.185060394204061,5.1727532207497315,6.553150047243404,6.256436871810029,0.4992294805150479,0.31326523921526966,-0.2441622189615096,0.5752300024032593,0.9948666309035387,0.0463519375,7.213486285707475,23.572939478302,8.065538288359372,7.9930724004841815,-0.21448740661740304,0.5179845539808273,-0.456421240234375
motion_blur,1,0.4852746657796788,1.2385722851749077,1.1487306242107669,1.9393687551217416,0.900047026914937,2.3528419339851387,1.0108600282081979,0.2800308549554397,0.1073077770717442,-0.4111388340124182,0.3992280662059784,0.7533536167710555,0.04473340885416667,1.9577615851208372,18.89145267921686,5.195091900733183,5.8312983037468955,-0.37203470490574836,0.3366323919892311,-0.35267568054199216
motion_blur,2,0.42851707134691763,1.606080852734901,2.01711748794708,3.300314675885938,1.8991193499542587,3.4370279041623144,2.071735236085822,0.30246004837664464,0.12118865447044373,-0.41023580530838455,0.41184985637664795,0.8486457416794521,0.04325088020833334,3.3086700532216766,19.886772236073018,5.689754723069328,6.455237378484625,-0.25546903688907624,0.41297022742033007,-0.22889540100097655
motion_blur,3,0.34863122319880757,1.9903508699444274,3.0276238734034444,4.688384793334018,3.0080790351097586,4.556600221500967,3.3107634183697154,0.34647453222895663,0.15153642360903322,-0.3930238343435859,0.4374568462371826,0.9223424163992928,0.042064416666666674,4.673257133508247,20.929771625995635,6.080907424603266,7.080312567629645,-0.18551667277812958,0.44115958125591276,-0.1565624053955078
motion_blur,4,0.26227957973084726,2.3385105768561605,4.084234929112873,5.854418659657088,4.01192454380331,5.701116598237795,4.525942244852709,0.40468911225373544,0.20227382643967867,-0.35515151164730835,0.4764499366283417,0.9593824948266878,0.04138098177083334,5.917311775449787,21.945019805312157,6.3657136174591376,7.600590375850041,-0.1510126984655857,0.4477858802318573,-0.1224302734375
motion_blur,5,0.2111824923646296,2.5404629881396024,4.7450366018815755,6.535725724354287,4.613524207421117,6.3856857909206255,5.31039249177548,0.45008098915740846,0.24617449299916624,-0.3202656907430379,0.5059799551963806,0.973407648773513,0.041395601562499995,6.676511172588705,22.621991675305367,6.496953557734335,7.863724080787707,-0.14395778902769088,0.4459233935236931,-0.11279698181152344
zoom_blur,1,0.24888658167359734,1.875150416387536,2.449284595711514,4.4065942405663145,2.8562315600271,2.5090600222735353,3.2786576807771204,0.39343959119009475,0.18643186484351754,-0.37014252693473365,0.46720293164253235,0.927881466595397,0.04017012760416667,3.7589290152928325,20.53547697663307,4.523237064385066,4.9384020297128925,-0.37220579523444175,0.2649327495098114,-0.2841454650878906
zoom_blur,2,0.1756396719148772,2.0950134584183355,3.116477114507947,5.177558136535777,3.5561430813856956,3.223045128659642,4.167937618987043,0.44781064131520687,0.23627984283305706,-0.3396006801872474,0.5021476149559021,0.9538661641033963,0.03981222916666667,4.664901167671421,21.324862841868402,4.7584808608767775,5.240416634133479,-0.347391567504406,0.2872746538639069,-0.24073435974121093
zoom_blur,3,0.12647801596004996,2.1006840340147006,3.186390796762102,4.940826806022437,3.3888171035464576,3.160319337239568,4.151928116818157,0.49595454851773885,0.28801404764354227,-0.28501649400582973,0.5382599830627441,0.9683920215788093,0.04013247395833333,4.462291129850843,21.349352915596963,4.354185293897557,4.928629550503152,-0.4019032349288464,0.23121291735172272,-0.35004311065673827
zoom_blur,4,0.09173255916147395,2.2298066724351724,3.6305828342001596,5.3829976143105185,3.803193507374427,3.6087110724743274,4.707908444868017,0.5348119242747625,0.33312205997407435,-0.2573127612919023,0.5632200837135315,0.9749538709028591,0.04012940885416667,5.063076690069479,21.92339357943535,4.484013472680775,5.092512867462898,-0.3912044128537178,0.24399037201404572,-0.31817206115722657
zoom_blur,5,0.07211229134096188,2.2310073639048573,3.687037349321296,5.195420818039608,3.6602059912682643,3.638407443394825,4.650310077273701,0.5656230187418559,0.37245954783856866,-0.21275177212585678,0.5801648497581482,0.979205801587355,0.040871658854166666,4.940189464253359,21.981078524541854,4.053547354745546,4.590854540422443,-0.4395537588596344,0.2180305366039276,-0.4065209442138672
snow,1,0.4682137270450725,1.3929167802034674,1.6397191109298976,0.9257265560863532,0.43209445922038703,3.6741137871511236,0.5964146827358029,0.29963204175209,0.12803714139238,-0.356328267320938,0.42110931873321533,0.9484129442670023,0.043976283854166666,2.349497197971945,19.220048394238948,4.451858376611352,5.6900042364999885,-0.39995487072467806,0.1663960963487625,-0.7085472351074219
snow,2,0.3961157552496825,1.8956965459900303,3.9043771317545746,2.8521246773399156,1.8477204541306775,8.497748807932506,2.1157788295991673,0.34196015353538095,0.1619828563399613,-0.3329187973460409,0.44264209270477295,0.9876237166628933,0.04302930208333333,6.221362058299254,22.1027812592268,5.46623787759888,7.165910254418984,-0.267273337739706,0.236484991812706,-0.501423110961914
snow,3,0.37964287586366874,1.6463257099069113,2.818359110823262,2.143362470929503,1.461097405589165,6.974527474567549,1.80937451814842,0.35268908302920565,0.17853504981920124,-0.3000916371589108,0.46229931712150574,0.9886308431049412,0.042634651041666666,5.075120216227101,21.31986827533245,4.902515751365389,6.215437656872807,-0.24470355016589165,0.24972237697839736,-0.5038725067138672
snow,4,0.31780424999624696,1.730543375234856,3.326389390779921,2.753332809095899,1.9880151643174127,8.837613463846033,2.50074954630586,0.39387445052874587,0.2204126002781093,-0.26085907963997773,0.48989617824554443,0.9956078943996599,0.04172043229166667,6.533998319019848,22.488370108056067,5.34860782360514,6.688318583607943,-0.18525448093414307,0.28708643766641617,-0.3604379524230957
snow,5,0.3233903173080925,1.7941993898213051,4.172694037603789,2.762533310612183,1.6305973881468228,10.199712190000222,2.0725465303814046,0.38747686176411805,0.21040342726111413,-0.2847314532595952,0.47847646474838257,0.992081318143394,0.04224970312500001,7.397068509166626,23.056028623509405,6.262778479308566,8.232170163554818,-0.17395214542150497,0.2902572993397713,-0.37661053161621094
frost,1,0.4983190815108711,1.0391097879827862,0.8967120257514747,0.052918415889660876,-0.4182635473598106,3.1851991222031377,-0.2958433309797473,0.2856080824842056,0.11552562360540032,-0.38302120966215414,0.4027778208255768,0.8611587531416255,0.04457396614583334,2.1564037050510065,19.187897872126104,2.741461647772333,3.325140131957311,-0.40972833147645,0.15378596291542054,-0.6522354949951172
frost,2,0.43879106585123545,1.50387510203145,2.1833252214498367,0.23520732776651684,-0.5385458669515171,4.936210470457264,-0.31494947057875117,0.32398440073169765,0.1464076234035194,-0.35814230659612056,0.43094539642333984,0.9536435458972843,0.043314515625,3.466977419083896,20.193485875344276,3.067595988559775,3.220907814115649,-0.366624440908432,0.17589653166532515,-0.6216512176513672
frost,3,0.39411811988768786,1.7472398327803538,2.9855311577784818,0.44863025944916207,-0.48465165236021357,6.2826201445881305,-0.15348760031634975,0.3579288434284429,0.1778429372318089,-0.32990990337671766,0.4542350172996521,0.9783480375113431,0.04259645572916667,4.424154586453641,20.955719954514503,3.3333461000241593,3.3051007343997116,-0.35044543558955193,0.19004259840250015,-0.5935406158447266
frost,4,0.38226862142109513,1.8020809324755176,3.100239124095832,0.34737995824469897,-0.6100816862794496,6.038580946688473,-0.24915964749262456,0.36432431236555174,0.1853233561232686,-0.3245745505286087,0.45915135741233826,0.9823386769973631,0.042539059895833335,4.280750717753048,20.86948074657917,3.364187661458929,3.267123772678347,-0.3641501251399517,0.1832917636036873,-0.6160371124267578
frost,5,0.351140160359185,1.9365504020262931,3.567395979332476,0.5233954731893303,-0.5368216004721232,6.842362285052662,-0.08944765646130717,0.38731832348965106,0.20884962814524768,-0.3054326113549532,0.4762575328350067,0.9885734014049442,0.042100885416666664,4.828582699945701,21.32142804853916,3.517685710816737,3.3149029613634213,-0.35998950934410096,0.19073194925785064,-0.6004983337402344
fog,1,0.5324361805396889,1.9943782703971715,1.5566459994974227,5.147233728605342,3.1536108493555477,0.5398485132833549,3.2449426526412135,0.2692054712510358,0.09969334598258138,-0.4060853347919052,0.39184290170669556,0.7732337559784175,0.04554749479166667,3.6482411047082417,20.282491231155394,3.3083386565697337,4.36705028340223,-0.3450765137374401,0.2722722664952278,-0.7589934753417968
fog,2,0.5256439584438178,2.3530694970488106,2.1857402021816568,6.323737502745236,4.084867085084863,0.8791321419746205,4.19052242101253,0.2744433705225587,0.10314057236984372,-0.4050164588004189,0.3949875831604004,0.82985256819329,0.045358072916666665,4.761216210959862,21.109758724021912,3.490009540073341,4.538082353097029,-0.3180392062664032,0.30378163661956786,-0.7338812622070312
fog,3,0.5174258313259028,2.5912875054511924,2.6641205890602317,7.074598240483762,4.706050835670429,1.097491979260405,4.826288840496719,0.2811642607824256,0.10661279282942414,-0.40415583134596866,0.40019363164901733,0.8952233519549929,0.04512697916666667,5.498799861368972,21.664631395578386,3.716393814238478,4.751191391761169,-0.31650796270370485,0.31123615890741346,-0.7164235824584961
fog,4,0.5113109748186532,2.499850375039871,2.4400159923060825,6.796565987488483,4.455196630453408,0.903511074092453,4.596591158509534,0.2848089398005357,0.11008869264796377,-0.39905651045317936,0.404664009809494,0.9177474087539244,0.0448905390625,5.221949017581077,21.499264933419227,3.7524160909408266,4.752263420749256,-0.32343238397240637,0.29332289041280746,-0.7352953338623047
fog,5,0.49241463037689703,2.6056384002120407,2.784446561267318,7.112495767740637,4.67255658666114,1.1065400556275975,4.873248655373032,0.29905473222211004,0.12065059328973293,-0.3915529299264165,0.4178886115550995,0.9678236921869924,0.04421905729166667,5.5710744029496535,21.817910195970537,3.8433619181767558,4.776825761516706,-0.3039646252155304,0.28944005035161974,-0.747070230102539
brightness,1,0.5415557783852122,0.5919111848587555,0.1949915563267457,0.06092193099594808,-0.05582020658708766,1.328340247119345,-0.0109816539691292,0.25668520300077896,0.09454649608433247,-0.3999536315133546,0.3847108483314514,0.6412308105361437,0.045841169270833336,0.408949710202133,17.82705773921013,2.7105833662375924,3.8693061001684907,-0.6111899394571781,0.08695959981679917,-0.7670235214233398
brightness,2,0.5329711942002244,0.7007702750470658,0.47332464678599045,0.4197125440947719,0.220094019158603,2.818236327172886,0.27176610302741067,0.2604403020604203,0.09739674579575658,-0.3927752397687201,0.386811763048172,0.6497320373487311,0.04585806770833334,1.5786876127932394,18.70125689241886,2.669685872257269,3.862257955848983,-0.5256686294913292,0.10977953917980195,-0.7114334548950195
brightness,3,0.5222488255338938,0.81526825154844,0.8540074427005373,0.9285471626170383,0.6002090551096113,4.691539724718365,0.6639787237037762,0.2662722686943908,0.10082277519181371,-0.3879060385598539,0.3897739052772522,0.6680046922737091,0.04567348697916667,3.005263920463267,19.76828563593626,2.66364665280065,3.885340901513516,-0.4363325645506382,0.13811178241968156,-0.6761271446228028
brightness,4,0.5060618154428099,0.9511717680484244,1.3212438701873168,1.5673570485686537,1.0717421988038984,7.006646550915859,1.1556134256639514,0.2741524265896529,0.10590331816226244,-0.3821584460588183,0.39414501190185547,0.6927537404477299,0.045463750000000004,4.606502080158344,20.960961788511277,2.679254440919605,3.918949265611788,-0.3435583009123802,0.17282152622938157,-0.6446667785644531
brightness,5,0.48746840010675513,1.0997998997859089,1.836121282595175,2.240006000858075,1.5612447588678504,9.443386090698034,1.673862125528526,0.2843232262276113,0.11388580797165632,-0.375121766127344,0.4004475474357605,0.7148326254609643,0.04517913541666667,6.151411009857609,22.110526395511627,2.735506976269824,3.984213688043598,-0.26003049713373183,0.20961333273649216,-0.6159772018432618
contrast,1,0.5341398189308691,2.0962210481638524,2.128398221454807,5.471799012972156,3.442098082563406,2.746485668894493,3.5551115506936983,0.2672125260584056,0.0988316195331514,-0.4091180321058551,0.39085653424263,0.715013143428185,0.04570584895833334,5.060920581921497,21.337621852850916,3.247371079679304,4.326613070581456,-0.350197318482399,0.2661831972002983,-0.7646658782958984
contrast,2,0.5256493205170619,2.717839204190333,3.4297393119790547,7.441333542216229,5.039502315498219,4.1048485326267965,5.180065703436028,0.2741643538335959,0.1030987436555326,-0.4095023241606812,0.3948315978050232,0.7491710917452461,0.04547625,7.165672265662781,22.8920287368536,3.507565587263169,4.586378584810643,-0.29304468945264817,0.32463404837846754,-0.7256449020385742
contrast,3,0.5082943156057401,3.5338734206013833,5.6901874174827105,9.816705170044214,7.032635867490375,6.320654203781872,7.225335860963424,0.2877843375172466,0.1120394706428051,-0.40506823583952367,0.4039398431777954,0.8043119191114889,0.045070265625,9.86732414505407,24.85781389079094,3.9831380036653776,5.093693916832669,-0.24263643047809602,0.3884822538733482,-0.6518206298828125
contrast,4,0.44892321155730297,4.773492256206963,11.006642418406587,13.285560730741004,10.060842069390302,11.077343834633055,10.427010823896932,0.3327452508475631,0.1467506178352982,-0.3832064622096104,0.4400086998939514,0.8997817001665499,0.044062703125000005,14.00970863921797,27.83444548549652,5.123154570656187,6.465756831657241,-0.2031930473268032,0.45587189004421236,-0.47463725051879885
contrast,5,0.29624527881024787,5.8831071708671505,18.38573138534512,16.244413932252098,12.988463151788888,16.685371581718304,13.943033938850625,0.45106183392318583,0.2640830595165491,-0.2929068384032044,0.5397245287895203,0.9557126772456183,0.04295772395833333,17.8875497586573,30.89265554909706,6.9224127339963655,8.918416207769996,-0.1950959859549999,0.48675346635580063,-0.28742061614990233
elastic_transform,1,0.4926768120332935,0.6166664859402586,-0.08273273450777065,-0.14292230168835682,-0.39856024847983806,0.23368258954247617,-0.2722048065293361,0.2789318625288705,0.10912152370214462,-0.3803947946594294,0.40383756160736084,0.801594782983403,0.04498182031250001,-0.3140745692185627,17.309669586861133,2.9425682659942325,3.2039815029421708,-0.6854984508931636,0.0794299977183342,-0.787622802734375
elastic_transform,2,0.45729351810874425,0.5936354637998176,-0.13086850670702013,-0.1915017385621031,-0.43600794593221726,0.2606350220093998,-0.2618878088425451,0.2975616607543081,0.1250637704797089,-0.37159797109466525,0.4157423973083496,0.8432100249580732,0.04413687760416667,-0.33035331927770656,17.32559885895252,2.8897767555707445,3.2055281258363597,-0.6814014217197895,0.0775790582895279,-0.8107399230957031
elastic_transform,3,0.3980801070682705,0.5615897724925992,-0.1946184397220661,-0.22708741352787146,-0.47635608552577596,0.3638950823926257,-0.19482390485310708,0.3325236557894697,0.1565173944875598,-0.3502859763744561,0.4359683692455292,0.885405244690304,0.04285718229166667,-0.3103888164758992,17.41751397087574,2.820963056555276,3.2301087864410487,-0.6752782274901867,0.07625015810728072,-0.8417063354492188
elastic_transform,4,0.3430140641042219,0.540712172831695,-0.22693839573167435,-0.22749816412978613,-0.4993565777205213,0.4989740853400087,-0.10336081664908342,0.36455839174576105,0.18621894046515228,-0.33558046695296956,0.4531993269920349,0.9082691063542332,0.04173922916666667,-0.25459896728143794,17.557052373659612,2.7853190954186897,3.2923911634730842,-0.6694135284304619,0.07603572622537613,-0.85646845703125
elastic_transform,5,0.27943578903763067,0.5176477670638363,-0.2658685114937736,-0.2267104579310611,-0.5180841674793853,0.7478513578705129,0.06669839779870254,0.4131891068238765,0.23790996095985173,-0.3083778240492777,0.47693175077438354,0.9290390649426128,0.040128247395833344,-0.13363827182245255,17.82386505689621,2.7553417883186513,3.4116255595002096,-0.6618032787561416,0.07660730741024017,-0.8675099365234376
pixelate,1,0.5194821562214783,0.7732200712844015,0.021164145990945963,0.19811298562234192,-0.2756734948528195,0.2947175040407379,-0.20429071580442962,0.2707460157909741,0.10362672039046883,-0.3784865385185612,0.3908187448978424,0.7131758287863906,0.04564909895833333,-0.22005453786437656,17.342270658147335,4.7706029791790945,5.980466999129513,-0.4708953455150127,0.28221223405599594,-0.5455430389404297
pixelate,2,0.5090551699536944,0.8208714829810752,0.08972873393829281,0.3728047093874757,-0.19549732271860867,0.44389173863785464,-0.11475376781634528,0.27589595080552004,0.10723547155931593,-0.37392297006552555,0.39457154273986816,0.7224160177907363,0.0458264140625,-0.06624257077167181,17.453977044808866,4.833063316114938,6.262202347549096,-0.4608855424642563,0.31150910540819166,-0.40447365264892576
pixelate,3,0.4220383478618774,0.9473712511399337,0.24149600336790045,0.8856043543822074,0.052183397697261276,1.118626006748385,0.26743755343127423,0.3324569012325257,0.15361316981315612,-0.3168011895415104,0.43465298414230347,0.8318015567362596,0.04556604947916667,0.48863035631732554,17.915823620581627,5.690546284445576,7.770339223192133,-0.31754988419413566,0.40399233837127685,-0.32087353515625
pixelate,4,0.2631625997546095,1.148504047865839,0.7305958671460754,1.6411032563836885,0.5911086466746345,2.6027312078557734,1.3113988111588466,0.4763504508420825,0.30059709054082634,-0.2084963883778,0.5362279415130615,0.90824312406664,0.044635526041666665,1.836288678088579,19.334967587912082,7.632618706433939,11.65163514359737,-0.1720501771569252,0.5303025910019875,-0.20819985656738282
pixelate,5,0.1576105711578814,1.1965554789685218,1.0381296125046937,1.7105209394010017,0.8192505819987392,3.78288809088948,2.1379339727579243,0.6003748204987496,0.4509133238650858,-0.10322853095097623,0.6296432614326477,0.9373982921643484,0.04335644270833334,2.8662701643434763,20.761589147865774,7.2155008007033015,9.835957506199586,-0.18479436708688737,0.622121278166771,-0.14739988555908204
jpeg_compression,1,0.5026099955488254,0.6529305002487449,-0.042897315341455376,-0.09762295753069514,-0.43699830054475425,0.6061118303377572,-0.3689749177624844,0.28413069646793104,0.1122467737570405,-0.3800857495735262,0.3981344699859619,0.8384025923728493,0.04295125,-0.01993470292249198,17.48557776556015,4.584830713656492,4.9771484030149775,-0.6285543563485145,0.3267897598624229,-0.71734677734375
jpeg_compression,2,0.47487864620979603,0.7047499531115868,-0.011345988326155437,-0.1192461472922382,-0.5275659438529332,0.7842479501901525,-0.45893627909927726,0.29966584133580326,0.12467483000978828,-0.3592010949561971,0.4100657105445862,0.8628321689510019,0.042179421875000005,-0.006580286946688949,17.471736866152288,5.300538212728946,5.749274372072521,-0.5395825769066811,0.3619831656932831,-0.628200634765625
jpeg_compression,3,0.45342800166023295,0.7365987348740236,0.02101064662144518,-0.10336409649711707,-0.5501598078742586,0.9067653843302472,-0.47128649312480847,0.313030162640661,0.13641322194561362,-0.33957702259683054,0.42122969031333923,0.8747781226231095,0.04172889322916667,0.02117282093019578,17.477162662005423,5.699225247578451,6.170825492835722,-0.4713276402652264,0.3836219812631607,-0.55347431640625
jpeg_compression,4,0.37827125697190495,0.7723778439988358,0.1335684643466097,0.025408708752863503,-0.48509683177776786,1.4097329217643373,-0.29329308231146783,0.3631673131071031,0.18596049915254115,-0.2712268292244689,0.4613453149795532,0.8823274865434845,0.04103859114583334,0.2000515649021102,17.6017734741807,6.864257239696711,7.49105869852325,-0.2980364191651344,0.4415617819666863,-0.39367044372558596
jpeg_compression,5,0.2788760794701718,0.7717536386744372,0.36006800168477965,0.3155142354921901,-0.23617133018577696,2.0542616012834967,0.2532887715341772,0.4402343809261918,0.2682466388463974,-0.18297756042253055,0.5148231387138367,0.8594089078611771,0.04144401822916667,0.5823812431080924,17.99081330499649,8.114076625887698,8.934281856671191,-0.17135196357965468,0.49273428332805635,-0.27853018493652343
speckle_noise,1,0.5100776049871711,1.833310907628816,2.887598564348588,3.066043881747027,2.016323375962453,5.880811882714081,2.1219999860337833,0.2731595846610765,0.10396786052957177,-0.39663060310559606,0.3948136270046234,0.956078152394372,0.04447444270833334,3.112339136460847,19.567173921227454,3.4557360222331552,7.220377004263013,-0.3616020191013813,0.3887862358093262,-0.6743415740966797
speckle_noise,2,0.487555134568633,2.2620447171309346,3.526256727051384,5.27567670145391,3.8338087501501157,8.409280200838914,3.956619744192992,0.2838772359998276,0.11103629093766212,-0.3873990508005696,0.40266183018684387,0.982314224287467,0.04402204427083334,5.1426004218518235,21.01829495074749,3.7502518357267554,8.01534767335054,-0.29620012440085414,0.4512396112799644,-0.6789949096679687
speckle_noise,3,0.40053243017071716,4.273814064294264,4.123507307461084,11.86656339845743,9.480192877215886,15.232027892937095,9.704494374763685,0.3294239237178117,0.1489923190779984,-0.3447026109221238,0.43734267354011536,0.9984060294918958,0.04284959635416667,11.49089754751258,25.74798540043831,4.517849017482224,9.910532526154752,-0.16733157554268838,0.5266870290637017,-0.7684871704101562
speckle_noise,4,0.33890994707673,5.829737486120965,3.9596142761039737,16.247796414826684,13.246981090641723,19.985723038532267,13.594600868037192,0.365713820552205,0.1815221845049411,-0.3121133586328232,0.4665530323982239,0.9994764350255552,0.042157882812500005,15.531854748586403,28.842496260690687,4.982597651083881,10.93671116114498,-0.11931506898999214,0.5432145116686821,-0.8111850830078124
speckle_noise,5,0.2523535954672478,8.224236892520587,3.4220223484658994,22.940217283999466,18.987721086402725,28.996192848620947,19.600661378626462,0.4255816377299528,0.2443219920709729,-0.2523383446715994,0.5132808685302734,0.9998733544588405,0.041515333333333335,21.00124824448389,33.10152326908111,5.671390507867139,12.274974334392072,-0.08741143921613694,0.5560632995963096,-0.8344281982421875
gaussian_blur,1,0.5295640936538853,1.338591005788662,1.366852465948917,2.3426920394022845,1.0964408781878123,2.1146365223575847,1.254044989710018,0.26797929395002623,0.10167907823473216,-0.3824972280200557,0.4085013270378113,0.7201535929124426,0.04986110677083334,2.133118495696193,19.155485137581824,5.78583340091843,5.406110850974961,-0.44177653464078903,0.40611003326177597,-0.6009629089355468
gaussian_blur,2,0.473937209333003,2.348138530184973,4.543601391043175,5.837177271517363,3.781186583934859,4.7628805781533,4.055950220468863,0.299708297496289,0.12076259142383933,-0.3895616304965545,0.43225738406181335,0.8978127869939911,0.04819119270833334,5.729410359410336,21.75289887509346,8.292585947382525,7.82134020343266,-0.2270342046558857,0.5781370246291161,-0.5043096221923828
gaussian_blur,3,0.4135907507470092,3.0075417092214294,7.042014313427996,7.891259818722075,5.509304664424547,6.622387893141416,5.913798503318199,0.33561896747176845,0.1452981999568641,-0.38291159958004134,0.45232704281806946,0.9618916473794911,0.0466217265625,7.841558005890589,23.26587282242775,9.462473488148639,9.64496351460216,-0.1539001075208187,0.5983182338237762,-0.3948880676269531
gaussian_blur,4,0.3536896914447505,3.466208682806701,8.908890089336861,9.216612561169141,6.695500687938829,8.107144375603102,7.239183547945649,0.3728897753607482,0.17487194395326078,-0.3684388945043307,0.4755746126174927,0.9787969551726105,0.045422304687500005,9.215386722865613,24.290090743017196,10.05964187058729,10.728608881254564,-0.11061070312261581,0.5937671174049377,-0.28932669677734374
gaussian_blur,5,0.24566924577219418,4.071855071715678,11.628686967468166,10.888295046278522,8.269532803072908,10.520265407215991,9.130044177569818,0.4530687665278712,0.25405664318874477,-0.3158934219268081,0.5337487459182739,0.9874544183348466,0.04426141145833334,10.964442914890757,25.736834753274916,10.861464464999543,12.22764483722885,-0.08036124444007874,0.5602169314146042,-0.17183834228515624
spatter,1,0.5421532913250443,0.5211269632450586,-0.25949098353630984,-0.2904270460247667,-0.44850383991831916,0.29007028832969056,-0.4479903345699039,0.26061720416309936,0.09615224266126753,-0.3996213577625884,0.39094874262809753,0.6796147489164124,0.04530138802083334,-0.4369963384938194,17.178814210104942,2.7767608444587077,3.87276022934878,-0.6534522484540939,0.07329249310493469,-0.8240372222900391
spatter,2,0.5007881835951722,1.0508884626328514,0.009516894083747226,0.3934514655095041,0.21628662935523,1.5477512626753929,0.27236107106084,0.2860300860320528,0.11572866875603795,-0.3615821296710587,0.42441436648368835,0.890481675519756,0.04354840625,0.19806515473214145,17.56275653502941,3.406801805442439,4.640840136352298,-0.5904292824983597,0.08469384213685989,-0.8491507019042969
spatter,3,0.46433375612256733,1.7571396265603985,2.1359894518718194,2.632436346893715,1.967652405940595,3.7830831195284524,2.1327537608536087,0.3065691705786933,0.1322118437036872,-0.3539989028946883,0.42789921164512634,0.9744529935038281,0.0430902578125,2.232134975201257,19.051820108509062,4.204977125912405,5.571189076652936,-0.5518420750319958,0.09695901931524277,-0.8406597534179687
spatter,4,0.4061517192501364,2.230101597879348,0.5181667128587476,5.766160810837491,5.212203787917988,5.342587392489211,5.6755358894634345,0.3405129197973758,0.16534002544954418,-0.23000428792232125,0.5019556283950806,0.9898700949604019,0.04625913802083333,4.5278504623729345,21.020514467954637,3.4710332580783687,5.301366634620742,-0.5689549467086792,0.07419798656702041,-0.8283211181640625
spatter,5,0.3334072529149925,2.874663875774431,1.1000736582652788,7.738090925927614,6.872937790013914,6.892132033531825,7.384167259279871,0.3871435181307296,0.20966749348938465,-0.23363148618629448,0.5069037079811096,0.9987532417572212,0.04197094791666667,6.5212014045622855,22.4686231402874,4.2136563745874405,6.219336394756933,-0.5522791631877423,0.07915358105897903,-0.779442041015625
saturate,1,0.5288488492579935,0.6819690923317038,0.1411460535340064,0.3962848043424548,-0.07377351574623281,-0.14267371449788008,-0.02506516608213673,0.2646936399047573,0.09850585800260306,-0.40800610598152187,0.38795989751815796,0.8452665518461421,0.04509816927083334,-0.1431948988606873,17.38941472439766,2.681384874570694,3.8070781628262513,-0.362646378916502,0.14552650666236877,-0.8547944488525391
saturate,2,0.5084516798620349,0.7780813010241912,0.2545358455031746,0.7792122191040591,0.11198511235906765,0.1779443557253114,0.15643722766671958,0.27269857967408995,0.1040146400347352,-0.39555870642823654,0.3919084072113037,0.9465800207859214,0.04461390885416666,0.2677952007597937,17.650298186028003,2.6465922294806163,3.7710917309301424,-0.3214160588502884,0.18101089973449708,-0.890875146484375
saturate,3,0.5363475226250537,0.6455912550919054,0.6461391810646472,0.5983113635078887,0.43288352984073847,3.2879485677862985,0.4800718801944965,0.2619884145601342,0.0975980362303555,-0.39493336039881266,0.3866618871688843,0.6132314376609288,0.04552689322916667,1.5164318308285132,18.622622767698765,2.6218433543657182,3.726459056033424,-0.5435727977991104,0.10741583808660507,-0.7703109878540039
saturate,4,0.5047705402386853,1.1928270226160078,2.0234815411294274,2.598383050297341,1.928333514884054,8.8065878481413,1.988583149668494,0.2785678122845789,0.10824874745830894,-0.3808952286590139,0.3977999985218048,0.6989233202685866,0.04463252604166666,4.925083771603603,21.090838424682616,2.4673945728338476,3.60478365649016,-0.2768174850463867,0.225674569606781,-0.7271473388671875
saturate,5,0.4631815129709737,2.0521661293852493,5.268703159238852,5.49127715234444,4.304886863509723,13.674873986168208,4.367971269866868,0.2987787980865687,0.12355120321437717,-0.3616207580031624,0.41537782549858093,0.7885168746738576,0.0436255,8.265170247657103,23.508471323132515,2.565977450102714,3.8503207110887843,-0.1626319532454014,0.30551761835813523,-0.7016828674316407
