method,pool,aurc,aurc_oracle
saod_top3,all,0.638102602827266,0.4485135992524441
saod_top3,severity 1,0.5812177653639431,0.3517588079856345
saod_top3,severity 2,0.6093181701159439,0.3888801224811994
saod_top3,severity 3,0.6388383082115701,0.4407138140086895
saod_top3,severity 4,0.6741053407060674,0.503105235924253
saod_top3,severity 5,0.7094340604339376,0.5691045560744786
saod_top3,gaussian_noise,0.6380636839326204,0.4564050872082864
saod_top3,shot_noise,0.6376950933274403,0.449765052354098
saod_top3,impulse_noise,0.6557008831153628,0.4777559035073626
saod_top3,defocus_blur,0.6364693054259067,0.4448680036914645
saod_top3,glass_blur,0.6554705396163566,0.4921691689960578
saod_top3,motion_blur,0.6453547690991276,0.45856326803765
saod_top3,zoom_blur,0.738166875057631,0.6006734689728983
saod_top3,snow,0.6357490707369028,0.4355160733517989
saod_top3,frost,0.6052607150739744,0.39154078863264946
saod_top3,fog,0.5583325115851565,0.3217866067180442
saod_top3,brightness,0.5585877505141149,0.32424789865939907
saod_top3,contrast,0.580548705357703,0.3584630238678558
saod_top3,elastic_transform,0.6249789116620404,0.42527853670330595
saod_top3,pixelate,0.6499245046598553,0.4934801345486113
saod_top3,jpeg_compression,0.6309774216687548,0.43858397057248516
saod_top3,speckle_noise,0.6179874774589984,0.40679183991362383
saod_top3,gaussian_blur,0.6191867443704697,0.4267161031754158
saod_top3,spatter,0.5988057705218088,0.39116925068826897
saod_top3,saturate,0.5587278838397393,0.32326936599938694
saod_min,all,0.5600783070323228,0.4485135992524441
saod_min,severity 1,0.4904035354410703,0.3517588079856345
saod_min,severity 2,0.5209894803343909,0.3888801224811994
saod_min,severity 3,0.557918227210618,0.4407138140086895
saod_min,severity 4,0.6032108144147331,0.503105235924253
saod_min,severity 5,0.6513295711798045,0.5691045560744786
saod_min,gaussian_noise,0.5603851470907839,0.4564050872082864
saod_min,shot_noise,0.5577462881480093,0.449765052354098
saod_min,impulse_noise,0.58102623510684,0.4777559035073626
saod_min,defocus_blur,0.5557217620815378,0.4448680036914645
saod_min,glass_blur,0.5853814595088169,0.4921691689960578
saod_min,motion_blur,0.5651117379369979,0.45856326803765
saod_min,zoom_blur,0.6771776915767498,0.6006734689728983
saod_min,snow,0.5515970635531076,0.4355160733517989
saod_min,frost,0.5178895657716849,0.39154078863264946
saod_min,fog,0.464932913503121,0.3217866067180442
saod_min,brightness,0.4669047650666194,0.32424789865939907
saod_min,contrast,0.4919919135496242,0.3584630238678558
saod_min,elastic_transform,0.5492854716806315,0.42527853670330595
saod_min,pixelate,0.5863287029324197,0.4934801345486113
saod_min,jpeg_compression,0.5517771253143644,0.43858397057248516
saod_min,speckle_noise,0.5335670124709726,0.40679183991362383
saod_min,gaussian_blur,0.5391084379306603,0.4267161031754158
saod_min,spatter,0.5158997245184604,0.39116925068826897
saod_min,saturate,0.4663198512848556,0.32326936599938694
contrastive,all,0.5402493344271634,0.4485135992524441
contrastive,severity 1,0.4299762259245837,0.3517588079856345
contrastive,severity 2,0.47240040166900776,0.3888801224811994
contrastive,severity 3,0.5308183884596137,0.4407138140086895
contrastive,severity 4,0.599618536675452,0.503105235924253
contrastive,severity 5,0.6684373299880864,0.5691045560744786
contrastive,gaussian_noise,0.5387035136798692,0.4564050872082864
contrastive,shot_noise,0.5342754812559342,0.449765052354098
contrastive,impulse_noise,0.5632780977370385,0.4777559035073626
contrastive,defocus_blur,0.5309173136053125,0.4448680036914645
contrastive,glass_blur,0.5909171421145326,0.4921691689960578
contrastive,motion_blur,0.5409041317131954,0.45856326803765
contrastive,zoom_blur,0.6894080188860133,0.6006734689728983
contrastive,snow,0.5211749395876637,0.4355160733517989
contrastive,frost,0.4736032335391901,0.39154078863264946
contrastive,fog,0.39214726191469157,0.3217866067180442
contrastive,brightness,0.3966185361303417,0.32424789865939907
contrastive,contrast,0.43455305762173646,0.3584630238678558
contrastive,elastic_transform,0.5309977716349359,0.42527853670330595
contrastive,pixelate,0.6147240471862732,0.4934801345486113
contrastive,jpeg_compression,0.525053781555438,0.43858397057248516
contrastive,speckle_noise,0.492432149888039,0.40679183991362383
contrastive,gaussian_blur,0.5113342531593784,0.4267161031754158
contrastive,spatter,0.485643104793965,0.39116925068826897
contrastive,saturate,0.3973296385410666,0.32326936599938694
knn,all,0.6380517048113784,0.4485135992524441
knn,severity 1,0.5447214052455374,0.3517588079856345
knn,severity 2,0.5835593111465674,0.3888801224811994
knn,severity 3,0.634072984397646,0.4407138140086895
knn,severity 4,0.6892784557037073,0.503105235924253
knn,severity 5,0.7448080222131265,0.5691045560744786
knn,gaussian_noise,0.6367853858356272,0.4564050872082864
knn,shot_noise,0.6262271250310258,0.449765052354098
knn,impulse_noise,0.6740630534804728,0.4777559035073626
knn,defocus_blur,0.6376737432932907,0.4448680036914645
knn,glass_blur,0.6965809669969806,0.4921691689960578
knn,motion_blur,0.6466699040799972,0.45856326803765
knn,zoom_blur,0.7751712609371204,0.6006734689728983
knn,snow,0.6161395997284582,0.4355160733517989
knn,frost,0.5737157608741076,0.39154078863264946
knn,fog,0.5106362582518598,0.3217866067180442
knn,brightness,0.5103792316132549,0.32424789865939907
knn,contrast,0.5660996067209261,0.3584630238678558
knn,elastic_transform,0.5913826562574409,0.42527853670330595
knn,pixelate,0.6627746004487312,0.4934801345486113
knn,jpeg_compression,0.6000302564090148,0.43858397057248516
knn,speckle_noise,0.5929578998738076,0.40679183991362383
knn,gaussian_blur,0.6145793205040609,0.4267161031754158
knn,spatter,0.552443734934442,0.39116925068826897
knn,saturate,0.511945487884969,0.32326936599938694
discopatch,all,0.665263998411231,0.4485135992524441
discopatch,severity 1,0.5959167104114267,0.3517588079856345
discopatch,severity 2,0.6265947377633406,0.3888801224811994
discopatch,severity 3,0.6613651123274694,0.4407138140086895
discopatch,severity 4,0.7031217486027564,0.503105235924253
discopatch,severity 5,0.7486575763759785,0.5691045560744786
discopatch,gaussian_noise,0.6218974412812499,0.4564050872082864
discopatch,shot_noise,0.6248343495665143,0.449765052354098
discopatch,impulse_noise,0.6396775162183805,0.4777559035073626
discopatch,defocus_blur,0.6520155774830011,0.4448680036914645
discopatch,glass_blur,0.6706390826679169,0.4921691689960578
discopatch,motion_blur,0.663757182644461,0.45856326803765
discopatch,zoom_blur,0.7539155044085499,0.6006734689728983
discopatch,snow,0.6497774951953297,0.4355160733517989
discopatch,frost,0.6115213266375468,0.39154078863264946
discopatch,fog,0.5723275725837824,0.3217866067180442
discopatch,brightness,0.5720451915740569,0.32424789865939907
discopatch,contrast,0.5953810423605688,0.3584630238678558
discopatch,elastic_transform,0.6729278615966763,0.42527853670330595
discopatch,pixelate,0.703211101914597,0.4934801345486113
discopatch,jpeg_compression,0.6775503165810917,0.43858397057248516
discopatch,speckle_noise,0.6093206604058273,0.40679183991362383
discopatch,gaussian_blur,0.6323923764403351,0.4267161031754158
discopatch,spatter,0.6076429521158854,0.39116925068826897
discopatch,saturate,0.5703312629254078,0.32326936599938694
hashemi,all,0.6263702244629078,0.4485135992524441
hashemi,severity 1,0.5052535478452757,0.3517588079856345
hashemi,severity 2,0.5537839348098736,0.3888801224811994
hashemi,severity 3,0.6139970064670572,0.4407138140086895
hashemi,severity 4,0.6806656499977823,0.503105235924253
hashemi,severity 5,0.7414663268532126,0.5691045560744786
hashemi,gaussian_noise,0.6319161897501355,0.4564050872082864
hashemi,shot_noise,0.6231574554684638,0.449765052354098
hashemi,impulse_noise,0.6370883160463079,0.4777559035073626
hashemi,defocus_blur,0.6361365473185686,0.4448680036914645
hashemi,glass_blur,0.6947656082155819,0.4921691689960578
hashemi,motion_blur,0.650655559468961,0.45856326803765
hashemi,zoom_blur,0.7689439593620948,0.6006734689728983
hashemi,snow,0.5892470867908749,0.4355160733517989
hashemi,frost,0.5567375604294158,0.39154078863264946
hashemi,fog,0.4663339127847353,0.3217866067180442
hashemi,brightness,0.46097954134386543,0.32424789865939907
hashemi,contrast,0.5388692344185689,0.3584630238678558
hashemi,elastic_transform,0.5619314763110018,0.42527853670330595
hashemi,pixelate,0.7178275105501262,0.4934801345486113
hashemi,jpeg_compression,0.5939962719058791,0.43858397057248516
hashemi,speckle_noise,0.5765199222337902,0.40679183991362383
hashemi,gaussian_blur,0.6175247611909266,0.4267161031754158
hashemi,spatter,0.5460211363254063,0.39116925068826897
hashemi,saturate,0.4627783247451405,0.32326936599938694
hashemi_enc,all,0.7032145645624921,0.4485135992524441
hashemi_enc,severity 1,0.5249028218648029,0.3517588079856345
hashemi_enc,severity 2,0.5857087163618202,0.3888801224811994
hashemi_enc,severity 3,0.6623700369869032,0.4407138140086895
hashemi_enc,severity 4,0.7556339135776123,0.503105235924253
hashemi_enc,severity 5,0.8393887058931959,0.5691045560744786
hashemi_enc,gaussian_noise,0.7716948401945318,0.4564050872082864
hashemi_enc,shot_noise,0.7444130897852246,0.449765052354098
hashemi_enc,impulse_noise,0.7809381372104375,0.4777559035073626
hashemi_enc,defocus_blur,0.6849016356914153,0.4448680036914645
hashemi_enc,glass_blur,0.7593446823586014,0.4921691689960578
hashemi_enc,motion_blur,0.6865432027234283,0.45856326803765
hashemi_enc,zoom_blur,0.8219892539686556,0.6006734689728983
hashemi_enc,snow,0.6429714198553074,0.4355160733517989
hashemi_enc,frost,0.6035373677249887,0.39154078863264946
hashemi_enc,fog,0.4884339993316581,0.3217866067180442
hashemi_enc,brightness,0.4770549753692543,0.32424789865939907
hashemi_enc,contrast,0.5591098185646192,0.3584630238678558
hashemi_enc,elastic_transform,0.6121214268505609,0.42527853670330595
hashemi_enc,pixelate,0.800168235835898,0.4934801345486113
hashemi_enc,jpeg_compression,0.6145846418026131,0.43858397057248516
hashemi_enc,speckle_noise,0.638367539926012,0.40679183991362383
hashemi_enc,gaussian_blur,0.6848612826819563,0.4267161031754158
hashemi_enc,spatter,0.5549060654521075,0.39116925068826897
hashemi_enc,saturate,0.47305474322822133,0.32326936599938694
cdf,all,0.6583928407868668,0.4485135992524441
cdf,severity 1,0.6025304386300184,0.3517588079856345
cdf,severity 2,0.6311944725548588,0.3888801224811994
cdf,severity 3,0.6662857103026734,0.4407138140086895
cdf,severity 4,0.6992550943225031,0.503105235924253
cdf,severity 5,0.7327038020018677,0.5691045560744786
cdf,gaussian_noise,0.6186891058253116,0.4564050872082864
cdf,shot_noise,0.6178801533493493,0.449765052354098
cdf,impulse_noise,0.636251504633756,0.4777559035073626
cdf,defocus_blur,0.6308326472546392,0.4448680036914645
cdf,glass_blur,0.66614883836282,0.4921691689960578
cdf,motion_blur,0.6447574412758735,0.45856326803765
cdf,zoom_blur,0.7634948943756372,0.6006734689728983
cdf,snow,0.640120678354887,0.4355160733517989
cdf,frost,0.6355767348949064,0.39154078863264946
cdf,fog,0.581933786427848,0.3217866067180442
cdf,brightness,0.5801195819901761,0.32424789865939907
cdf,contrast,0.5822644432489108,0.3584630238678558
cdf,elastic_transform,0.6673344119213243,0.42527853670330595
cdf,pixelate,0.6625597169824385,0.4934801345486113
cdf,jpeg_compression,0.6357945524928554,0.43858397057248516
cdf,speckle_noise,0.6080151363315693,0.40679183991362383
cdf,gaussian_blur,0.6116749336043024,0.4267161031754158
cdf,spatter,0.5926220122307242,0.39116925068826897
cdf,saturate,0.5786644904367669,0.32326936599938694
cdf_sum,all,0.655525784221359,0.4485135992524441
cdf_sum,severity 1,0.603826336615005,0.3517588079856345
cdf_sum,severity 2,0.6319605252103362,0.3888801224811994
cdf_sum,severity 3,0.6640292634120449,0.4407138140086895
cdf_sum,severity 4,0.6945948406831631,0.503105235924253
cdf_sum,severity 5,0.7271122173610081,0.5691045560744786
cdf_sum,gaussian_noise,0.6227919420175434,0.4564050872082864
cdf_sum,shot_noise,0.6218151936956445,0.449765052354098
cdf_sum,impulse_noise,0.6383712443132408,0.4777559035073626
cdf_sum,defocus_blur,0.6373409631669056,0.4448680036914645
cdf_sum,glass_blur,0.6682224275295878,0.4921691689960578
cdf_sum,motion_blur,0.6506700102829515,0.45856326803765
cdf_sum,zoom_blur,0.7618739841297433,0.6006734689728983
cdf_sum,snow,0.6452619366014163,0.4355160733517989
cdf_sum,frost,0.6311964357580122,0.39154078863264946
cdf_sum,fog,0.5795978473174729,0.3217866067180442
cdf_sum,brightness,0.5784960792918719,0.32424789865939907
cdf_sum,contrast,0.5834664600055149,0.3584630238678558
cdf_sum,elastic_transform,0.6586188624527798,0.42527853670330595
cdf_sum,pixelate,0.6663708222651314,0.4934801345486113
cdf_sum,jpeg_compression,0.6415332438689179,0.43858397057248516
cdf_sum,speckle_noise,0.6125399787515741,0.40679183991362383
cdf_sum,gaussian_blur,0.6170230405275141,0.4267161031754158
cdf_sum,spatter,0.5967018028956999,0.39116925068826897
cdf_sum,saturate,0.5777941963844949,0.32326936599938694
