family,severity,map,mean_lrp,images_undefined_lrp,mean_saod_top3,mean_saod_min,mean_contrastive,mean_knn,mean_discopatch
clean,0,0.4790545764060369,0.5335278155833394,32,0.21888898326208195,0.08450540473461152,-0.14951093658556788,0.3495967388153076,0.649247970333257
gaussian_noise,1,0.40476693637552974,0.5930537497221489,36,0.24985865728457765,0.10928307460844516,-0.09547552784590829,0.3430468738079071,0.9807109492287567
gaussian_noise,2,0.3480666964163758,0.6471336934485606,34,0.27124075320040186,0.13040654377043248,-0.04924763525915765,0.34323716163635254,0.9972633459805081
gaussian_noise,3,0.25957871466951354,0.7195311003488516,31,0.31186797309741376,0.17242412522137165,0.018179301342996584,0.3454894721508026,0.9998564057947992
gaussian_noise,4,0.15233719625227832,0.8169776913179735,29,0.38049089699983596,0.2511501020014286,0.09337103844792967,0.3495052456855774,0.9999999397802576
gaussian_noise,5,0.04574502149853378,0.933472583608855,25,0.5012541575695078,0.3965325709670782,0.12020205866524944,0.3584437072277069,0.999999999960429
shot_noise,1,0.4050974320401806,0.5888546204095307,38,0.24819685943151512,0.10752317082956434,-0.10884668165196992,0.34379497170448303,0.9802564169395737
shot_noise,2,0.34486772425715967,0.6442158882140493,35,0.2722832517027855,0.12944656015634537,-0.06425349843176925,0.34412506222724915,0.9968686788731804
shot_noise,3,0.2705180708032322,0.7077369267884428,32,0.3067670612288018,0.16463015005886555,-0.010524558913391706,0.34716445207595825,0.9992580342133591
shot_noise,4,0.14433175837799567,0.822889705535639,26,0.38213126320764423,0.2516394941598177,0.0700763183980342,0.3562226891517639,0.999849031201387
shot_noise,5,0.07130393780050029,0.8993429268784272,28,0.4540745735630393,0.3365521002560854,0.10327707251805716,0.3660169541835785,0.9999772486919032
impulse_noise,1,0.3363829469565909,0.6520836305984283,23,0.27969716240391135,0.13394959982186555,-0.08874004805241299,0.39041954278945923,0.9950829606044593
impulse_noise,2,0.295048871928785,0.6893006520060817,30,0.3000541903818647,0.15476244269013406,-0.04964776994684839,0.3667090833187103,0.99982566383259
impulse_noise,3,0.25215802167853496,0.7266733902575168,34,0.32010903049061695,0.17775734311938285,-0.006772398646816457,0.35638663172721863,0.9999975321219866
impulse_noise,4,0.14257641456527925,0.8264357610475851,31,0.3856651276536286,0.2571843853235245,0.08531473411469669,0.35208818316459656,0.999999999614044
impulse_noise,5,0.049570097009836674,0.9248675520330906,29,0.49249509075085324,0.38601348495781423,0.12548142693707454,0.3588915765285492,0.9999999999083935
defocus_blur,1,0.3830671053415892,0.60341197897031,31,0.259903994341443,0.11762794455438852,-0.12636470924362297,0.35793179273605347,0.8441863919116748
defocus_blur,2,0.32655289763064044,0.6448453663813483,30,0.2852465638243904,0.13951571165919305,-0.1048622173319432,0.36393260955810547,0.9103435803027573
defocus_blur,3,0.23130619952446346,0.7278252487848151,30,0.33465238119487956,0.18817542565464973,-0.05531995730298047,0.37408292293548584,0.9601213661949146
defocus_blur,4,0.15787323442351084,0.7989458430880787,34,0.3884991876853009,0.24762025526762008,-0.005650907923802056,0.38424137234687805,0.9750790021501194
defocus_blur,5,0.10538170399747573,0.8499692797032842,34,0.4397905473731458,0.30793100426495074,0.02889891939345488,0.39108970761299133,0.9822376664769791
glass_blur,1,0.3645767919703758,0.6121307582071828,28,0.2666212208919227,0.12076459099948406,-0.129473172108578,0.3491542935371399,0.8644993255345509
glass_blur,2,0.2918584423083208,0.671171742756291,29,0.3069204228532811,0.15702637006640435,-0.1016304890980234,0.3552568256855011,0.9436201423951132
glass_blur,3,0.10914034098995505,0.8475801162742876,28,0.4314354395923516,0.29395714496970177,-0.07279027982198968,0.3604820966720581,0.9875962462467164
glass_blur,4,0.08374291274241769,0.876402574773622,32,0.4658506419959168,0.3354421929270029,-0.06773754625498861,0.3604966104030609,0.9921720922585177
glass_blur,5,0.057976920392596124,0.9073299135165714,28,0.48966947695165874,0.36593582011014225,-0.0527139919525835,0.370532363653183,0.9948666309035387
motion_blur,1,0.39417496010129316,0.5945257812978629,33,0.24374790254806475,0.10332403633892537,-0.13996319700968082,0.35718125104904175,0.7533536167710555
motion_blur,2,0.31720758758466666,0.6569702898601611,30,0.2742020336687565,0.13009615327119828,-0.10073484581905957,0.3648774027824402,0.8486457416794521
motion_blur,3,0.21508552947605009,0.7402861427604116,30,0.32702074469998477,0.18011230460107328,-0.029140375084809017,0.37607109546661377,0.9223424163992928
motion_blur,4,0.12691944420794288,0.8294423715894051,27,0.3957255347266793,0.2534677713751793,0.04820972527744535,0.3882032036781311,0.9593824948266878
motion_blur,5,0.08792572942945626,0.8704267362516728,30,0.4417230943443875,0.30605400752723216,0.09391532318695674,0.3936365842819214,0.973407648773513
zoom_blur,1,0.17432554871062786,0.783613124335205,32,0.33493653519774474,0.17902172614336015,-0.054002472453203686,0.36692389845848083,0.927881466595397
zoom_blur,2,0.11026746718208624,0.846630742051063,27,0.38408040841817853,0.22731959467232227,-0.020876537869457246,0.3701744079589844,0.9538661641033963
zoom_blur,3,0.08417424828504391,0.8791010102821415,34,0.408357452545315,0.2574874701589346,-0.003702224334931802,0.3612605631351471,0.9683920215788093
zoom_blur,4,0.059076128025647816,0.9092733292137792,31,0.43838905737375217,0.2934829639792442,0.0118712972058342,0.3621900677680969,0.9749538709028591
zoom_blur,5,0.04868122219948051,0.9238913731400263,25,0.45125291030481457,0.3084620467811823,0.011295999908875937,0.35767093300819397,0.979205801587355
snow,1,0.36401289460936276,0.6298359891551454,32,0.2635264329430958,0.1258154027298093,-0.059873179413796856,0.39305123686790466,0.9484129442670023
snow,2,0.27117102402391163,0.7028329209992674,34,0.3074979895668725,0.1661119928777218,-0.03733710079909931,0.37533140182495117,0.9876237166628933
snow,3,0.265820313851234,0.7072447546307872,35,0.30903142793253063,0.1704697873547673,0.02794240777540121,0.3983343839645386,0.9886308431049412
snow,4,0.20296870953973004,0.7652269703410743,35,0.3421300228099028,0.20897247854471207,0.09117172665719042,0.4072672128677368,0.9956078943996599
snow,5,0.19576091120569836,0.7658683362038199,36,0.34940986144120495,0.21405525406599044,0.013510193408301193,0.3767467141151428,0.992081318143394
frost,1,0.41644717433066214,0.5836843104260844,33,0.24604158123508096,0.10604051993340254,-0.12201242234679871,0.34878307580947876,0.8611587531416255
frost,2,0.3532127958409133,0.6397712547515703,34,0.27917536764095224,0.13543512147963047,-0.10187980556875707,0.35407567024230957,0.9536435458972843
frost,3,0.30601879532872184,0.6816719887518712,36,0.3037601809551318,0.16188887903094293,-0.07547503889662852,0.35778775811195374,0.9783480375113431
frost,4,0.2982140746994113,0.683556174578316,35,0.3109937253698707,0.1676318824455142,-0.0805137081923434,0.3590252697467804,0.9823386769973631
frost,5,0.2658756294048141,0.7149618976838669,31,0.32701502215017875,0.1868064067006111,-0.0598068425015143,0.36076852679252625,0.9885734014049442
fog,1,0.4591984157689613,0.548051233899102,30,0.22985044986518724,0.09054615595042706,-0.1599510195247483,0.33899766206741333,0.7732337559784175
fog,2,0.4518050612970666,0.5539890573128428,28,0.23427816863941653,0.09359089524298907,-0.1590554857176993,0.3383665084838867,0.82985256819329
fog,3,0.4429899630737116,0.562523150421575,30,0.23871708023920654,0.09630513689219952,-0.15864773381373543,0.33860039710998535,0.8952233519549929
fog,4,0.4359957203327191,0.5664897179637515,33,0.24034011560094853,0.09785116907507181,-0.15787923353116234,0.34200015664100647,0.9177474087539244
fog,5,0.4169174710782304,0.5825667324093676,30,0.2511426662971576,0.10550753626674414,-0.15796765408028138,0.35195156931877136,0.9678236921869924
brightness,1,0.4734531867338517,0.5390165450229112,32,0.2197499744862318,0.08542131145745516,-0.140811489655168,0.34724193811416626,0.6412308105361437
brightness,2,0.46154051629792486,0.548485469333511,31,0.22390898430397116,0.08850942204743624,-0.13136247334178605,0.3471194803714752,0.6497320373487311
brightness,3,0.4456673844085863,0.5609289815974242,30,0.22966647109935684,0.09262899648547172,-0.12222231959306662,0.3491058051586151,0.6680046922737091
brightness,4,0.42513460427727917,0.576328086468784,28,0.23801839909752207,0.0989716400012374,-0.11317623859425144,0.3529900014400482,0.6927537404477299
brightness,5,0.4003125985231122,0.5964362852722065,27,0.24844791730418803,0.10788287395685911,-0.10410735892651068,0.35769888758659363,0.7148326254609643
contrast,1,0.4592107394805488,0.5480008289111234,30,0.2305356960314016,0.09104477017819881,-0.1635400856569055,0.3410583436489105,0.715013143428185
contrast,2,0.4467531259376583,0.5585841163468742,31,0.23747507709388932,0.09564482460469008,-0.16342022425571368,0.34005972743034363,0.7491710917452461
contrast,3,0.4225349454815341,0.578704764341457,33,0.2516721026885013,0.10583172327503562,-0.15471684176225423,0.33964526653289795,0.8043119191114889
contrast,4,0.35088086614981334,0.6424976333705584,37,0.2962112240431209,0.14620934680253267,-0.11253697237374981,0.33917680382728577,0.8997817001665499
contrast,5,0.2188477073935084,0.7683629335241076,38,0.39492522101414695,0.25343426396250723,-0.028700945444823402,0.32999569177627563,0.9557126772456183
elastic_transform,1,0.39414988026023823,0.6028197148522785,22,0.2445685598852734,0.10730356219559908,-0.13213167043837729,0.36838558316230774,0.801594782983403
elastic_transform,2,0.3370236598757169,0.6428197750416839,22,0.2614763594643523,0.12073773878663778,-0.1338286585877013,0.38191595673561096,0.8432100249580732
elastic_transform,3,0.2656928792080337,0.7058704632616826,15,0.2867943285087744,0.13631246319413184,-0.1444301682863545,0.40418940782546997,0.885405244690304
elastic_transform,4,0.21071799733169982,0.7567915548654848,14,0.3085299336458246,0.14878862646222116,-0.15753402619286083,0.4233797788619995,0.9082691063542332
elastic_transform,5,0.15470348624605695,0.8078794848384188,14,0.3348687432035804,0.1581940010726452,-0.17591033675602138,0.45047256350517273,0.9290390649426128
pixelate,1,0.38660735007641983,0.6023886372339872,30,0.259849903058509,0.11457852227538824,-0.09731960406898986,0.3546242117881775,0.7131758287863906
pixelate,2,0.33685050511984826,0.650687063120224,35,0.28933861397777993,0.1392579564869404,-0.08722155567058698,0.36185580492019653,0.7224160177907363
pixelate,3,0.17184723433481416,0.8151559070543104,30,0.41357400197461247,0.26535801637023687,-0.07325980468875169,0.3931042551994324,0.8318015567362596
pixelate,4,0.07790593609728429,0.923198477835907,34,0.5301906627794107,0.405507140609622,-0.09905039973046775,0.4204094111919403,0.90824312406664
pixelate,5,0.036986645050772975,0.9663217095647028,31,0.5829011351265013,0.45449440648555756,-0.16743057943311715,0.444110244512558,0.9373982921643484
jpeg_compression,1,0.38982449060561214,0.6031180009602002,29,0.2611724615251025,0.11776243918836117,-0.07650975911946614,0.3651779890060425,0.8384025923728493
jpeg_compression,2,0.342825018678461,0.6480258954991017,29,0.28565982817386587,0.1423124106273055,-0.03601929514053709,0.3824462890625,0.8628321689510019
jpeg_compression,3,0.3006043177878159,0.6841582172075996,30,0.3064414383138219,0.16278580137193202,-0.013446804943505225,0.39543354511260986,0.8747781226231095
jpeg_compression,4,0.19866041724689326,0.783555285694316,31,0.3751858526912828,0.23794664122760295,0.04053248693941775,0.4311746060848236,0.8823274865434845
jpeg_compression,5,0.10809066906125209,0.8797975231980337,29,0.461572024277101,0.33500039933919906,0.05763791162756049,0.4648827016353607,0.8594089078611771
speckle_noise,1,0.41919841770625005,0.5815278626117683,31,0.24128068664396807,0.10085546844899654,-0.12903666755582813,0.34467270970344543,0.956078152394372
speckle_noise,2,0.3900627000669476,0.6038548249233442,33,0.2525157053716481,0.11021760426163674,-0.11122017457822143,0.3444652557373047,0.982314224287467
speckle_noise,3,0.3021589363752885,0.6784577845573802,29,0.2874021817326546,0.1447343032300472,-0.059949620708484516,0.3476264774799347,0.9984060294918958
speckle_noise,4,0.24699937227268456,0.7253000964828064,30,0.31416472510173915,0.17193024248480795,-0.03128506835557444,0.35180342197418213,0.9994764350255552
speckle_noise,5,0.18462980848428362,0.787100262248595,28,0.3505057054586709,0.21312438924014568,0.0011742975417815779,0.35836219787597656,0.9998733544588405
gaussian_blur,1,0.4445432241909372,0.5590048220873652,32,0.23863587244289616,0.09963255539014935,-0.14654512580627058,0.35368043184280396,0.7201535929124426
gaussian_blur,2,0.3518538521162473,0.6257373775824007,33,0.2774398650820057,0.1326679530337453,-0.11212193095235284,0.3634078800678253,0.8978127869939911
gaussian_blur,3,0.2604014604774379,0.7039064652221648,26,0.3223654628122846,0.17551365782022477,-0.0709297645195984,0.37292227149009705,0.9618916473794911
gaussian_blur,4,0.18531174337044135,0.7727047349234732,35,0.37240616837342577,0.22948434866964817,-0.02932242459241769,0.3825657367706299,0.9787969551726105
gaussian_blur,5,0.08584711660469313,0.8744012867879044,30,0.4723941547319293,0.3482297748893499,0.039239274611273744,0.40234023332595825,0.9874544183348466
spatter,1,0.4698459877245898,0.541937530008236,28,0.22198373326485352,0.08790882030427456,-0.12917749797745032,0.3684704601764679,0.6796147489164124
spatter,2,0.3959461395322999,0.6062646143735932,31,0.25488740035469337,0.11838446479737759,-0.05737255655326291,0.4213561415672302,0.890481675519756
spatter,3,0.3552926106500914,0.6410020698863109,26,0.2773496262475848,0.13542085137963294,-0.07528856328861983,0.40783530473709106,0.9744529935038281
spatter,4,0.2714407321882014,0.720396601989446,25,0.30861880353167653,0.1637056936442852,0.05946955960045223,0.46920663118362427,0.9898700949604019
spatter,5,0.19655985657323416,0.7878235812211692,26,0.3529589073839287,0.2066236261755228,0.016267348984153114,0.46697676181793213,0.9987532417572212
saturate,1,0.45937384822881755,0.5450599856220011,31,0.224859185316662,0.08790829827859997,-0.1546346648864909,0.3456379473209381,0.8452665518461421
saturate,2,0.4380956142426667,0.560255390215905,29,0.23107006322418652,0.09228035606890916,-0.15006894930282952,0.34574687480926514,0.9465800207859214
saturate,3,0.468502535460694,0.5408291157837102,31,0.22264474534764886,0.08756654801592231,-0.1389526799205211,0.35321488976478577,0.6132314376609288
saturate,4,0.43083277925446534,0.5707436972781201,34,0.23511343008205296,0.09775547901540994,-0.11855957239270337,0.3621244728565216,0.6989233202685866
saturate,5,0.38749355664306945,0.6040931460009106,35,0.2510464616122345,0.1109559278279543,-0.10560078064596483,0.37420886754989624,0.7885168746738576
