bank,seed,k,two_axis_common,two_axis_extra,two_axis_common_s1,level_arm_common,level_arm_extra,level_arm_common_s1,peak_share_common,peak_share_extra,peak_share_common_s1
100,0,50,0.9056,0.8299,0.8382,0.8244,0.8434,0.7286,0.8686,0.8209,0.7684
100,1,50,0.9016,0.8412,0.8380,0.7983,0.8406,0.7068,0.8637,0.8327,0.7598
100,2,50,0.9007,0.8367,0.8370,0.7771,0.8279,0.6852,0.8537,0.8309,0.7445
250,0,50,0.9073,0.8461,0.8495,0.8104,0.8476,0.7235,0.8816,0.8447,0.7899
250,1,50,0.9114,0.8450,0.8514,0.8071,0.8444,0.7208,0.8824,0.8430,0.7877
250,2,50,0.9078,0.8472,0.8497,0.8101,0.8499,0.7238,0.8793,0.8443,0.7858
500,0,50,0.9115,0.8477,0.8534,0.8370,0.8584,0.7512,0.8870,0.8470,0.7969
500,1,50,0.9116,0.8503,0.8548,0.8263,0.8565,0.7410,0.8871,0.8487,0.7976
500,2,50,0.9131,0.8527,0.8562,0.8375,0.8601,0.7521,0.8915,0.8509,0.8042
1000,0,50,0.9141,0.8557,0.8582,0.8340,0.8621,0.7512,0.8939,0.8562,0.8072
1000,1,50,0.9159,0.8567,0.8602,0.8339,0.8628,0.7511,0.8935,0.8571,0.8065
1000,2,50,0.9165,0.8556,0.8612,0.8424,0.8653,0.7608,0.8977,0.8553,0.8142
2000,0,50,0.9169,0.8584,0.8626,0.8406,0.8661,0.7612,0.8983,0.8606,0.8161
