k,two_axis_common,two_axis_extra,two_axis_common_s1,level_arm_common,level_arm_extra,level_arm_common_s1,peak_share_common,peak_share_extra,peak_share_common_s1
1,0.8506,0.8011,0.7743,0.7728,0.7851,0.7035,0.8453,0.8092,0.7479
2,0.8813,0.8317,0.8139,0.8043,0.8241,0.7357,0.8732,0.8375,0.7844
5,0.9022,0.8494,0.8421,0.8257,0.8510,0.7539,0.8893,0.8538,0.8064
10,0.9108,0.8561,0.8541,0.8355,0.8610,0.7619,0.8958,0.8598,0.8153
20,0.9150,0.8591,0.8603,0.8396,0.8654,0.7637,0.8985,0.8617,0.8182
50,0.9169,0.8584,0.8626,0.8406,0.8661,0.7612,0.8983,0.8606,0.8161
100,0.9165,0.8567,0.8615,0.8375,0.8635,0.7553,0.8958,0.8572,0.8108
200,0.9143,0.8528,0.8572,0.8327,0.8597,0.7478,0.8910,0.8518,0.8024
500,0.9086,0.8437,0.8472,0.8221,0.8511,0.7329,0.8805,0.8412,0.7855
