family,severity,group,two_axis,flatter_arm,level_arm,sum_of_arms,peak_share,flatter_arm_larger
gaussian_noise,1,common,0.9256,0.2018,0.9587,0.7404,0.9473,0.0014
gaussian_noise,2,common,0.9839,0.1056,0.9886,0.8514,0.9830,0.0000
gaussian_noise,3,common,0.9971,0.0336,0.9974,0.9243,0.9954,0.0000
gaussian_noise,4,common,0.9995,0.0088,0.9995,0.9622,0.9990,0.0000
gaussian_noise,5,common,1.0000,0.0043,1.0000,0.9883,0.9999,0.0000
shot_noise,1,common,0.9079,0.2218,0.9496,0.7367,0.9297,0.0066
shot_noise,2,common,0.9799,0.1124,0.9864,0.8492,0.9775,0.0012
shot_noise,3,common,0.9952,0.0391,0.9962,0.9123,0.9925,0.0004
shot_noise,4,common,0.9993,0.0070,0.9994,0.9547,0.9986,0.0000
shot_noise,5,common,0.9998,0.0031,0.9999,0.9733,0.9996,0.0000
impulse_noise,1,common,0.9875,0.3212,0.9917,0.9691,0.9778,0.0002
impulse_noise,2,common,0.9947,0.1048,0.9958,0.9570,0.9901,0.0000
impulse_noise,3,common,0.9974,0.0446,0.9977,0.9531,0.9947,0.0000
impulse_noise,4,common,0.9996,0.0085,0.9996,0.9672,0.9989,0.0000
impulse_noise,5,common,1.0000,0.0042,1.0000,0.9875,1.0000,0.0000
defocus_blur,1,common,0.9477,0.9618,0.8682,0.9735,0.9341,0.8750
defocus_blur,2,common,0.9697,0.9793,0.9091,0.9879,0.9707,0.9022
defocus_blur,3,common,0.9816,0.9889,0.9245,0.9942,0.9876,0.9444
defocus_blur,4,common,0.9856,0.9917,0.9335,0.9962,0.9933,0.9494
defocus_blur,5,common,0.9889,0.9944,0.9391,0.9975,0.9961,0.9612
glass_blur,1,common,0.9146,0.9372,0.7627,0.9394,0.8461,0.8904
glass_blur,2,common,0.9535,0.9656,0.8653,0.9762,0.9314,0.8968
glass_blur,3,common,0.9593,0.9677,0.9212,0.9857,0.9615,0.8470
glass_blur,4,common,0.9627,0.9717,0.9287,0.9884,0.9730,0.8494
glass_blur,5,common,0.9771,0.9854,0.9480,0.9948,0.9884,0.8902
motion_blur,1,common,0.8666,0.7791,0.8623,0.9108,0.8385,0.4688
motion_blur,2,common,0.9225,0.8190,0.9184,0.9578,0.9218,0.4206
motion_blur,3,common,0.9509,0.8377,0.9447,0.9783,0.9631,0.3852
motion_blur,4,common,0.9655,0.8443,0.9605,0.9876,0.9815,0.3440
motion_blur,5,common,0.9721,0.8565,0.9676,0.9915,0.9876,0.3312
zoom_blur,1,common,0.9022,0.9323,0.7341,0.9335,0.8966,0.8988
zoom_blur,2,common,0.9239,0.9493,0.7684,0.9530,0.9315,0.9060
zoom_blur,3,common,0.9304,0.9569,0.6801,0.9441,0.9074,0.9454
zoom_blur,4,common,0.9424,0.9656,0.7065,0.9563,0.9299,0.9506
zoom_blur,5,common,0.9498,0.9709,0.6469,0.9544,0.9159,0.9616
snow,1,common,0.9224,0.7201,0.9541,0.9367,0.9232,0.0806
snow,2,common,0.9694,0.4302,0.9817,0.9397,0.9721,0.0026
snow,3,common,0.9729,0.5820,0.9835,0.9584,0.9713,0.0018
snow,4,common,0.9827,0.5695,0.9887,0.9649,0.9807,0.0000
snow,5,common,0.9765,0.3778,0.9851,0.9379,0.9796,0.0004
frost,1,common,0.7163,0.7265,0.6571,0.7620,0.6483,0.6816
frost,2,common,0.8444,0.8648,0.7634,0.8975,0.7874,0.7816
frost,3,common,0.8874,0.9068,0.8157,0.9369,0.8517,0.8072
frost,4,common,0.9028,0.9272,0.8195,0.9476,0.8638,0.8522
frost,5,common,0.9190,0.9421,0.8439,0.9605,0.8913,0.8530
fog,1,common,0.9517,0.9737,0.5132,0.9367,0.8065,0.9816
fog,2,common,0.9696,0.9849,0.5490,0.9607,0.8715,0.9884
fog,3,common,0.9782,0.9902,0.5783,0.9728,0.9078,0.9908
fog,4,common,0.9786,0.9908,0.5748,0.9724,0.9041,0.9916
fog,5,common,0.9857,0.9951,0.6209,0.9827,0.9315,0.9950
brightness,1,common,0.5292,0.5122,0.5379,0.5309,0.5271,0.5238
brightness,2,common,0.5600,0.4991,0.6112,0.5648,0.5837,0.4462
brightness,3,common,0.5963,0.4794,0.6853,0.5978,0.6505,0.3536
brightness,4,common,0.6489,0.4612,0.7584,0.6380,0.7265,0.2576
brightness,5,common,0.7073,0.4524,0.8161,0.6813,0.7944,0.1880
contrast,1,common,0.9403,0.9623,0.5280,0.9290,0.8278,0.9638
contrast,2,common,0.9697,0.9822,0.5811,0.9657,0.9158,0.9772
contrast,3,common,0.9873,0.9933,0.6562,0.9877,0.9696,0.9864
contrast,4,common,0.9964,0.9985,0.7766,0.9980,0.9934,0.9922
contrast,5,common,0.9988,0.9996,0.8870,0.9999,0.9988,0.9926
elastic_transform,1,common,0.6835,0.7191,0.6015,0.7206,0.5755,0.6940
elastic_transform,2,common,0.7175,0.7375,0.6671,0.7673,0.6255,0.6522
elastic_transform,3,common,0.7602,0.7521,0.7527,0.8217,0.6936,0.5712
elastic_transform,4,common,0.7928,0.7592,0.8088,0.8567,0.7416,0.4938
elastic_transform,5,common,0.8352,0.7647,0.8687,0.8941,0.7974,0.3796
pixelate,1,common,0.8516,0.8821,0.6838,0.8755,0.7306,0.8172
pixelate,2,common,0.8826,0.9024,0.7416,0.9095,0.7984,0.7874
pixelate,3,common,0.9568,0.9634,0.8911,0.9770,0.9288,0.7054
pixelate,4,common,0.9798,0.9804,0.9533,0.9927,0.9743,0.5590
pixelate,5,common,0.9888,0.9852,0.9769,0.9970,0.9875,0.4160
jpeg_compression,1,common,0.8924,0.9091,0.8149,0.9365,0.8318,0.8218
jpeg_compression,2,common,0.9287,0.9389,0.8954,0.9682,0.9005,0.8150
jpeg_compression,3,common,0.9416,0.9485,0.9252,0.9776,0.9265,0.7782
jpeg_compression,4,common,0.9592,0.9567,0.9640,0.9879,0.9614,0.5472
jpeg_compression,5,common,0.9702,0.9490,0.9793,0.9904,0.9770,0.1676
speckle_noise,1,extra,0.8011,0.3031,0.8866,0.6775,0.8445,0.0596
speckle_noise,2,extra,0.8911,0.2422,0.9390,0.7491,0.9049,0.0216
speckle_noise,3,extra,0.9785,0.1071,0.9863,0.8689,0.9722,0.0028
speckle_noise,4,extra,0.9907,0.0591,0.9937,0.9040,0.9854,0.0012
speckle_noise,5,extra,0.9964,0.0265,0.9974,0.9303,0.9932,0.0000
gaussian_blur,1,extra,0.8531,0.8806,0.7308,0.8906,0.7770,0.8178
gaussian_blur,2,extra,0.9671,0.9767,0.9104,0.9869,0.9674,0.8852
gaussian_blur,3,extra,0.9813,0.9882,0.9359,0.9946,0.9881,0.9202
gaussian_blur,4,extra,0.9851,0.9916,0.9442,0.9966,0.9942,0.9344
gaussian_blur,5,extra,0.9886,0.9946,0.9552,0.9982,0.9980,0.9470
spatter,1,extra,0.5680,0.5725,0.5420,0.5838,0.5166,0.5804
spatter,2,extra,0.8741,0.8234,0.8994,0.9299,0.8200,0.3764
spatter,3,extra,0.9402,0.8442,0.9615,0.9691,0.9200,0.1150
spatter,4,extra,0.9898,0.6643,0.9930,0.9938,0.9730,0.0116
spatter,5,extra,0.9970,0.6547,0.9977,0.9984,0.9876,0.0028
saturate,1,extra,0.5997,0.6113,0.5726,0.6311,0.5797,0.6010
saturate,2,extra,0.6620,0.6293,0.6819,0.7092,0.7007,0.5278
saturate,3,extra,0.5371,0.3959,0.6418,0.5095,0.6079,0.3030
saturate,4,extra,0.7286,0.3495,0.8412,0.6367,0.7977,0.0976
saturate,5,extra,0.8393,0.2867,0.9114,0.7058,0.8843,0.0254
