stage,family,severity,images,flatter,level_up,level_down,summed_level,summed_top
s1,gaussian_noise,1,5000,0.5167,0.3580,0.4408,0.9952,0.9379
s1,gaussian_noise,2,5000,0.5187,0.4058,0.4475,1.0145,0.9337
s1,gaussian_noise,3,5000,0.5111,0.4353,0.4493,1.0441,0.9460
s1,gaussian_noise,4,5000,0.4922,0.4526,0.4506,1.0790,0.9760
s1,gaussian_noise,5,5000,0.4656,0.4652,0.4514,1.1208,1.0231
s1,shot_noise,1,5000,0.5172,0.3591,0.4283,1.0026,0.9487
s1,shot_noise,2,5000,0.5143,0.4073,0.4407,1.0234,0.9498
s1,shot_noise,3,5000,0.5019,0.4339,0.4447,1.0503,0.9669
s1,shot_noise,4,5000,0.4729,0.4573,0.4448,1.0957,1.0165
s1,shot_noise,5,5000,0.4494,0.4690,0.4428,1.1306,1.0639
s1,impulse_noise,1,5000,0.4762,0.3907,0.3456,1.0593,1.0551
s1,impulse_noise,2,5000,0.4776,0.4301,0.4087,1.0650,1.0365
s1,impulse_noise,3,5000,0.4795,0.4437,0.4250,1.0739,1.0281
s1,impulse_noise,4,5000,0.4754,0.4638,0.4372,1.1004,1.0311
s1,impulse_noise,5,5000,0.4566,0.4696,0.4431,1.1298,1.0512
s1,defocus_blur,1,5000,0.8120,0.2793,0.3793,0.9878,0.7656
s1,defocus_blur,2,5000,0.8132,0.2913,0.4056,0.9877,0.7225
s1,defocus_blur,3,5000,0.8106,0.2803,0.4375,0.9798,0.6686
s1,defocus_blur,4,5000,0.8071,0.2697,0.4518,0.9740,0.6352
s1,defocus_blur,5,5000,0.8027,0.2588,0.4628,0.9672,0.6086
s1,glass_blur,1,5000,0.8308,0.2262,0.3071,0.9843,0.8092
s1,glass_blur,2,5000,0.8317,0.2719,0.3555,0.9847,0.7641
s1,glass_blur,3,5000,0.8373,0.2733,0.3682,0.9795,0.7393
s1,glass_blur,4,5000,0.8361,0.2706,0.3895,0.9752,0.7119
s1,glass_blur,5,5000,0.8263,0.2775,0.4202,0.9757,0.6640
s1,motion_blur,1,5000,0.7530,0.2373,0.3629,0.9863,0.8563
s1,motion_blur,2,5000,0.7666,0.2536,0.4094,0.9820,0.8046
s1,motion_blur,3,5000,0.7792,0.2558,0.4384,0.9761,0.7552
s1,motion_blur,4,5000,0.7870,0.2540,0.4562,0.9705,0.7159
s1,motion_blur,5,5000,0.7898,0.2515,0.4647,0.9670,0.6944
s1,zoom_blur,1,5000,0.8201,0.1968,0.3944,0.9650,0.7587
s1,zoom_blur,2,5000,0.8194,0.2014,0.4106,0.9614,0.7326
s1,zoom_blur,3,5000,0.8288,0.1674,0.4005,0.9528,0.7226
s1,zoom_blur,4,5000,0.8275,0.1731,0.4097,0.9509,0.7074
s1,zoom_blur,5,5000,0.8396,0.1497,0.4049,0.9480,0.7020
s1,snow,1,5000,0.5736,0.3663,0.2580,1.0385,1.0048
s1,snow,2,5000,0.5666,0.3989,0.3338,1.0485,0.9801
s1,snow,3,5000,0.5406,0.3798,0.3149,1.0413,0.9989
s1,snow,4,5000,0.5210,0.3790,0.3399,1.0404,0.9973
s1,snow,5,5000,0.5483,0.3462,0.3946,1.0236,0.9393
s1,frost,1,5000,0.6484,0.2214,0.2453,0.9953,0.9544
s1,frost,2,5000,0.6983,0.2652,0.3226,0.9896,0.9043
s1,frost,3,5000,0.7058,0.2828,0.3497,0.9878,0.8816
s1,frost,4,5000,0.7212,0.2871,0.3482,0.9873,0.8713
s1,frost,5,5000,0.7224,0.2981,0.3573,0.9876,0.8615
s1,fog,1,5000,0.8387,0.1453,0.4267,0.9446,0.7677
s1,fog,2,5000,0.8308,0.1575,0.4527,0.9375,0.7342
s1,fog,3,5000,0.8240,0.1667,0.4686,0.9324,0.7083
s1,fog,4,5000,0.8283,0.1681,0.4652,0.9337,0.7092
s1,fog,5,5000,0.8340,0.1787,0.4664,0.9329,0.6883
s1,brightness,1,5000,0.4285,0.0650,0.0761,0.9997,1.0029
s1,brightness,2,5000,0.4107,0.1173,0.1356,0.9990,1.0056
s1,brightness,3,5000,0.4037,0.1556,0.2001,0.9971,1.0050
s1,brightness,4,5000,0.4037,0.1841,0.2628,0.9940,1.0008
s1,brightness,5,5000,0.4090,0.2017,0.3122,0.9901,0.9930
s1,contrast,1,5000,0.8159,0.1225,0.4236,0.9485,0.7638
s1,contrast,2,5000,0.8054,0.1442,0.4582,0.9391,0.7112
s1,contrast,3,5000,0.7930,0.1698,0.4846,0.9289,0.6466
s1,contrast,4,5000,0.7754,0.2005,0.5072,0.9177,0.5603
s1,contrast,5,5000,0.7608,0.2183,0.5181,0.9121,0.5033
s1,elastic_transform,1,5000,0.7710,0.0772,0.0809,0.9972,0.9603
s1,elastic_transform,2,5000,0.7584,0.0917,0.0827,0.9988,0.9632
s1,elastic_transform,3,5000,0.7324,0.1158,0.0848,1.0015,0.9689
s1,elastic_transform,4,5000,0.7098,0.1357,0.0878,1.0039,0.9740
s1,elastic_transform,5,5000,0.6774,0.1627,0.0934,1.0071,0.9816
s1,pixelate,1,5000,0.7807,0.1209,0.1944,0.9825,0.8871
s1,pixelate,2,5000,0.7744,0.1426,0.2439,0.9815,0.8686
s1,pixelate,3,5000,0.7593,0.1867,0.3191,0.9766,0.8390
s1,pixelate,4,5000,0.7474,0.2111,0.3966,0.9712,0.8073
s1,pixelate,5,5000,0.7319,0.2217,0.4317,0.9644,0.7915
s1,jpeg_compression,1,5000,0.6975,0.2516,0.1834,1.0092,0.9401
s1,jpeg_compression,2,5000,0.6737,0.2689,0.2055,1.0098,0.9369
s1,jpeg_compression,3,5000,0.6550,0.2765,0.2200,1.0099,0.9356
s1,jpeg_compression,4,5000,0.6024,0.2896,0.2513,1.0108,0.9394
s1,jpeg_compression,5,5000,0.5536,0.2963,0.2882,1.0116,0.9467
s1,speckle_noise,1,5000,0.5197,0.3237,0.3954,1.0035,0.9634
s1,speckle_noise,2,5000,0.5173,0.3640,0.4147,1.0126,0.9627
s1,speckle_noise,3,5000,0.4996,0.4170,0.4338,1.0416,0.9796
s1,speckle_noise,4,5000,0.4856,0.4338,0.4377,1.0600,0.9984
s1,speckle_noise,5,5000,0.4671,0.4493,0.4399,1.0839,1.0269
s1,gaussian_blur,1,5000,0.8019,0.2502,0.3107,0.9948,0.8423
s1,gaussian_blur,2,5000,0.8119,0.3007,0.3944,0.9935,0.7305
s1,gaussian_blur,3,5000,0.8079,0.2901,0.4317,0.9859,0.6752
s1,gaussian_blur,4,5000,0.8016,0.2765,0.4510,0.9777,0.6397
s1,gaussian_blur,5,5000,0.7930,0.2542,0.4726,0.9636,0.5951
s1,spatter,1,5000,0.5535,0.0226,0.0007,1.0035,1.0055
s1,spatter,2,5000,0.5210,0.2805,0.0879,1.0337,1.0445
s1,spatter,3,5000,0.5273,0.3910,0.1685,1.0515,1.0525
s1,spatter,4,5000,0.3742,0.4119,0.1511,1.0843,1.1916
s1,spatter,5,5000,0.3708,0.4423,0.2004,1.0936,1.2126
s1,saturate,1,5000,0.6498,0.0886,0.1983,0.9852,0.9357
s1,saturate,2,5000,0.6321,0.1107,0.2573,0.9787,0.9078
s1,saturate,3,5000,0.3156,0.1484,0.0944,1.0107,1.0434
s1,saturate,4,5000,0.3671,0.2634,0.1937,1.0208,1.0757
s1,saturate,5,5000,0.3616,0.3108,0.2155,1.0325,1.1118
s2,gaussian_noise,1,5000,0.4788,0.2477,0.5409,0.9703,0.8915
s2,gaussian_noise,2,5000,0.4872,0.2709,0.5695,0.9647,0.8458
s2,gaussian_noise,3,5000,0.5010,0.2922,0.5794,0.9664,0.7954
s2,gaussian_noise,4,5000,0.5153,0.3117,0.5789,0.9766,0.7514
s2,gaussian_noise,5,5000,0.5263,0.3287,0.5764,0.9930,0.7138
s2,shot_noise,1,5000,0.4803,0.2492,0.5255,0.9758,0.9014
s2,shot_noise,2,5000,0.4875,0.2764,0.5595,0.9717,0.8577
s2,shot_noise,3,5000,0.4983,0.2975,0.5690,0.9748,0.8183
s2,shot_noise,4,5000,0.5107,0.3232,0.5662,0.9890,0.7766
s2,shot_noise,5,5000,0.5135,0.3377,0.5621,1.0026,0.7598
s2,impulse_noise,1,5000,0.5665,0.4035,0.3894,1.0803,0.9740
s2,impulse_noise,2,5000,0.5414,0.3640,0.4718,1.0377,0.9044
s2,impulse_noise,3,5000,0.5344,0.3475,0.5114,1.0160,0.8571
s2,impulse_noise,4,5000,0.5284,0.3300,0.5551,0.9967,0.7798
s2,impulse_noise,5,5000,0.5277,0.3327,0.5690,0.9983,0.7302
s2,defocus_blur,1,5000,0.6939,0.2327,0.4270,0.9655,0.8296
s2,defocus_blur,2,5000,0.7010,0.2480,0.4616,0.9545,0.7806
s2,defocus_blur,3,5000,0.7064,0.2574,0.4949,0.9439,0.7212
s2,defocus_blur,4,5000,0.7040,0.2589,0.5155,0.9355,0.6836
s2,defocus_blur,5,5000,0.7023,0.2598,0.5292,0.9298,0.6537
s2,glass_blur,1,5000,0.6980,0.1899,0.4011,0.9713,0.8538
s2,glass_blur,2,5000,0.6929,0.2186,0.4479,0.9575,0.8056
s2,glass_blur,3,5000,0.6869,0.2301,0.4846,0.9436,0.7663
s2,glass_blur,4,5000,0.6875,0.2305,0.5055,0.9341,0.7383
s2,glass_blur,5,5000,0.6921,0.2404,0.5277,0.9243,0.6926
s2,motion_blur,1,5000,0.6333,0.2424,0.3973,0.9835,0.8920
s2,motion_blur,2,5000,0.6384,0.2570,0.4542,0.9753,0.8374
s2,motion_blur,3,5000,0.6406,0.2608,0.4938,0.9666,0.7840
s2,motion_blur,4,5000,0.6401,0.2629,0.5190,0.9605,0.7402
s2,motion_blur,5,5000,0.6403,0.2631,0.5299,0.9574,0.7167
s2,zoom_blur,1,5000,0.6949,0.2471,0.4311,0.9686,0.8110
s2,zoom_blur,2,5000,0.6975,0.2541,0.4487,0.9638,0.7856
s2,zoom_blur,3,5000,0.7086,0.2312,0.4440,0.9593,0.7842
s2,zoom_blur,4,5000,0.7093,0.2371,0.4536,0.9570,0.7697
s2,zoom_blur,5,5000,0.7202,0.2188,0.4501,0.9545,0.7676
s2,snow,1,5000,0.5710,0.3641,0.3242,1.0410,0.9833
s2,snow,2,5000,0.5346,0.3210,0.4436,1.0119,0.9160
s2,snow,3,5000,0.5464,0.3603,0.3770,1.0391,0.9617
s2,snow,4,5000,0.5475,0.3729,0.3823,1.0396,0.9552
s2,snow,5,5000,0.5083,0.2937,0.4824,0.9912,0.8910
s2,frost,1,5000,0.5913,0.2153,0.3294,0.9855,0.9455
s2,frost,2,5000,0.6235,0.2545,0.3974,0.9782,0.9027
s2,frost,3,5000,0.6314,0.2694,0.4229,0.9738,0.8802
s2,frost,4,5000,0.6388,0.2700,0.4263,0.9733,0.8728
s2,frost,5,5000,0.6423,0.2757,0.4363,0.9708,0.8602
s2,fog,1,5000,0.7526,0.1544,0.3744,0.9798,0.8697
s2,fog,2,5000,0.7468,0.1688,0.4118,0.9749,0.8471
s2,fog,3,5000,0.7408,0.1802,0.4345,0.9711,0.8286
s2,fog,4,5000,0.7425,0.1876,0.4300,0.9730,0.8287
s2,fog,5,5000,0.7367,0.2098,0.4424,0.9726,0.8094
s2,brightness,1,5000,0.4922,0.0672,0.0538,0.9984,0.9968
s2,brightness,2,5000,0.4819,0.1198,0.1608,0.9941,0.9916
s2,brightness,3,5000,0.4789,0.1537,0.2474,0.9882,0.9830
s2,brightness,4,5000,0.4824,0.1777,0.3171,0.9811,0.9703
s2,brightness,5,5000,0.4905,0.1925,0.3717,0.9737,0.9541
s2,contrast,1,5000,0.7516,0.1288,0.3713,0.9746,0.8673
s2,contrast,2,5000,0.7427,0.1491,0.4272,0.9657,0.8310
s2,contrast,3,5000,0.7331,0.1684,0.4763,0.9525,0.7797
s2,contrast,4,5000,0.7177,0.1898,0.5278,0.9290,0.6899
s2,contrast,5,5000,0.6996,0.2072,0.5559,0.9068,0.5991
s2,elastic_transform,1,5000,0.6590,0.1721,0.1199,0.9995,0.9819
s2,elastic_transform,2,5000,0.6473,0.2160,0.1466,1.0007,0.9848
s2,elastic_transform,3,5000,0.6332,0.2732,0.1759,1.0034,0.9900
s2,elastic_transform,4,5000,0.6243,0.3106,0.1917,1.0063,0.9949
s2,elastic_transform,5,5000,0.6140,0.3514,0.2061,1.0109,1.0024
s2,pixelate,1,5000,0.7528,0.2515,0.2477,1.0127,0.9190
s2,pixelate,2,5000,0.7388,0.2684,0.2894,1.0107,0.9001
s2,pixelate,3,5000,0.7453,0.3397,0.3363,1.0267,0.8574
s2,pixelate,4,5000,0.7498,0.3618,0.3701,1.0359,0.8201
s2,pixelate,5,5000,0.7601,0.3701,0.3884,1.0437,0.7934
s2,jpeg_compression,1,5000,0.6970,0.3454,0.2609,1.0171,0.9355
s2,jpeg_compression,2,5000,0.6895,0.3965,0.2632,1.0330,0.9373
s2,jpeg_compression,3,5000,0.6820,0.4192,0.2663,1.0427,0.9395
s2,jpeg_compression,4,5000,0.6585,0.4567,0.2748,1.0646,0.9498
s2,jpeg_compression,5,5000,0.6326,0.4730,0.2885,1.0798,0.9600
s2,speckle_noise,1,5000,0.4835,0.2346,0.4704,0.9853,0.9312
s2,speckle_noise,2,5000,0.4844,0.2566,0.5067,0.9826,0.9112
s2,speckle_noise,3,5000,0.4938,0.2917,0.5465,0.9834,0.8664
s2,speckle_noise,4,5000,0.4985,0.3057,0.5537,0.9873,0.8461
s2,speckle_noise,5,5000,0.5018,0.3191,0.5570,0.9939,0.8254
s2,gaussian_blur,1,5000,0.6805,0.1879,0.3502,0.9771,0.9026
s2,gaussian_blur,2,5000,0.6988,0.2452,0.4576,0.9553,0.7914
s2,gaussian_blur,3,5000,0.7035,0.2566,0.4935,0.9430,0.7256
s2,gaussian_blur,4,5000,0.7015,0.2601,0.5152,0.9350,0.6828
s2,gaussian_blur,5,5000,0.6940,0.2649,0.5356,0.9252,0.6296
s2,spatter,1,5000,0.5778,0.0832,0.0237,1.0059,1.0113
s2,spatter,2,5000,0.5786,0.4329,0.1621,1.0548,1.0554
s2,spatter,3,5000,0.6003,0.4744,0.2279,1.0818,1.0357
s2,spatter,4,5000,0.5561,0.5464,0.2181,1.1328,1.1571
s2,spatter,5,5000,0.5673,0.5568,0.2472,1.1567,1.1500
s2,saturate,1,5000,0.6184,0.0832,0.1762,0.9914,0.9584
s2,saturate,2,5000,0.6225,0.1127,0.2571,0.9868,0.9377
s2,saturate,3,5000,0.4156,0.0982,0.0867,1.0012,1.0150
s2,saturate,4,5000,0.4848,0.2262,0.2049,1.0020,1.0128
s2,saturate,5,5000,0.4885,0.2722,0.2443,1.0093,1.0204
s3,gaussian_noise,1,5000,0.4584,0.1833,0.5716,0.9036,0.8485
s3,gaussian_noise,2,5000,0.4568,0.1892,0.6248,0.8634,0.7790
s3,gaussian_noise,3,5000,0.4463,0.1875,0.6745,0.8142,0.6880
s3,gaussian_noise,4,5000,0.4326,0.1821,0.7150,0.7657,0.5869
s3,gaussian_noise,5,5000,0.4300,0.1748,0.7498,0.7204,0.4758
s3,shot_noise,1,5000,0.4517,0.1897,0.5548,0.9110,0.8621
s3,shot_noise,2,5000,0.4486,0.1963,0.6144,0.8699,0.7922
s3,shot_noise,3,5000,0.4364,0.1947,0.6604,0.8267,0.7149
s3,shot_noise,4,5000,0.4162,0.1860,0.7118,0.7691,0.6008
s3,shot_noise,5,5000,0.4101,0.1804,0.7379,0.7377,0.5296
s3,impulse_noise,1,5000,0.4512,0.2786,0.5715,0.9537,0.8318
s3,impulse_noise,2,5000,0.4329,0.2440,0.6288,0.8771,0.7517
s3,impulse_noise,3,5000,0.4324,0.2187,0.6612,0.8333,0.6938
s3,impulse_noise,4,5000,0.4294,0.1886,0.7139,0.7687,0.5803
s3,impulse_noise,5,5000,0.4302,0.1768,0.7470,0.7251,0.4806
s3,defocus_blur,1,5000,0.5412,0.2767,0.4495,0.9522,0.8929
s3,defocus_blur,2,5000,0.5401,0.2845,0.4895,0.9335,0.8515
s3,defocus_blur,3,5000,0.5347,0.2882,0.5316,0.9076,0.7896
s3,defocus_blur,4,5000,0.5272,0.2865,0.5569,0.8906,0.7427
s3,defocus_blur,5,5000,0.5240,0.2808,0.5752,0.8774,0.7036
s3,glass_blur,1,5000,0.5658,0.2643,0.4626,0.9557,0.8740
s3,glass_blur,2,5000,0.5624,0.2844,0.5044,0.9386,0.8292
s3,glass_blur,3,5000,0.5569,0.2959,0.5432,0.9187,0.7651
s3,glass_blur,4,5000,0.5422,0.2907,0.5630,0.9034,0.7400
s3,glass_blur,5,5000,0.5304,0.2838,0.5810,0.8827,0.7081
s3,motion_blur,1,5000,0.5068,0.2677,0.4457,0.9648,0.9212
s3,motion_blur,2,5000,0.4981,0.2766,0.5102,0.9458,0.8688
s3,motion_blur,3,5000,0.4924,0.2791,0.5502,0.9281,0.8115
s3,motion_blur,4,5000,0.4885,0.2782,0.5750,0.9141,0.7607
s3,motion_blur,5,5000,0.4877,0.2754,0.5881,0.9066,0.7327
s3,zoom_blur,1,5000,0.5098,0.2797,0.5227,0.9330,0.8273
s3,zoom_blur,2,5000,0.5089,0.2808,0.5420,0.9235,0.7954
s3,zoom_blur,3,5000,0.5157,0.2695,0.5440,0.9200,0.7885
s3,zoom_blur,4,5000,0.5135,0.2707,0.5550,0.9147,0.7700
s3,zoom_blur,5,5000,0.5197,0.2618,0.5556,0.9130,0.7692
s3,snow,1,5000,0.5512,0.3408,0.4543,1.0229,0.9081
s3,snow,2,5000,0.4833,0.2793,0.5767,0.9488,0.8162
s3,snow,3,5000,0.5402,0.3427,0.5052,1.0060,0.8602
s3,snow,4,5000,0.5431,0.3415,0.5186,0.9963,0.8355
s3,snow,5,5000,0.4791,0.2785,0.5922,0.9381,0.7931
s3,frost,1,5000,0.5637,0.2616,0.4193,0.9746,0.9147
s3,frost,2,5000,0.5815,0.2910,0.4779,0.9632,0.8603
s3,frost,3,5000,0.5864,0.3003,0.5007,0.9560,0.8300
s3,frost,4,5000,0.5900,0.3023,0.5025,0.9566,0.8244
s3,frost,5,5000,0.5925,0.3056,0.5129,0.9524,0.8068
s3,fog,1,5000,0.6198,0.1895,0.3931,0.9753,0.9078
s3,fog,2,5000,0.6127,0.2015,0.4367,0.9684,0.8900
s3,fog,3,5000,0.6046,0.2111,0.4683,0.9621,0.8746
s3,fog,4,5000,0.5999,0.2189,0.4734,0.9621,0.8726
s3,fog,5,5000,0.5881,0.2403,0.5038,0.9549,0.8502
s3,brightness,1,5000,0.5317,0.1036,0.1225,0.9969,0.9896
s3,brightness,2,5000,0.5323,0.1780,0.2505,0.9919,0.9764
s3,brightness,3,5000,0.5310,0.2193,0.3309,0.9851,0.9607
s3,brightness,4,5000,0.5304,0.2439,0.3914,0.9763,0.9408
s3,brightness,5,5000,0.5312,0.2568,0.4362,0.9664,0.9181
s3,contrast,1,5000,0.6145,0.1683,0.4002,0.9721,0.9048
s3,contrast,2,5000,0.6050,0.1867,0.4649,0.9608,0.8756
s3,contrast,3,5000,0.5934,0.2018,0.5272,0.9428,0.8321
s3,contrast,4,5000,0.5777,0.2159,0.5933,0.9075,0.7498
s3,contrast,5,5000,0.5630,0.2224,0.6343,0.8691,0.6562
s3,elastic_transform,1,5000,0.5932,0.2930,0.2652,0.9991,0.9708
s3,elastic_transform,2,5000,0.5920,0.3313,0.3043,1.0025,0.9641
s3,elastic_transform,3,5000,0.5871,0.3646,0.3429,1.0080,0.9562
s3,elastic_transform,4,5000,0.5840,0.3819,0.3635,1.0128,0.9513
s3,elastic_transform,5,5000,0.5798,0.3982,0.3825,1.0196,0.9467
s3,pixelate,1,5000,0.6124,0.2581,0.3698,0.9983,0.9152
s3,pixelate,2,5000,0.5961,0.2704,0.4161,0.9941,0.8925
s3,pixelate,3,5000,0.6038,0.3133,0.4759,1.0078,0.8319
s3,pixelate,4,5000,0.5869,0.3201,0.5206,1.0112,0.7786
s3,pixelate,5,5000,0.5753,0.3171,0.5497,1.0102,0.7371
s3,jpeg_compression,1,5000,0.6094,0.3440,0.3640,1.0150,0.9318
s3,jpeg_compression,2,5000,0.6125,0.3830,0.3786,1.0337,0.9254
s3,jpeg_compression,3,5000,0.6096,0.4002,0.3880,1.0450,0.9226
s3,jpeg_compression,4,5000,0.5959,0.4269,0.4083,1.0705,0.9189
s3,jpeg_compression,5,5000,0.5764,0.4324,0.4301,1.0852,0.9151
s3,speckle_noise,1,5000,0.4446,0.1867,0.5009,0.9334,0.9022
s3,speckle_noise,2,5000,0.4439,0.1971,0.5444,0.9140,0.8716
s3,speckle_noise,3,5000,0.4316,0.2048,0.6199,0.8642,0.7889
s3,speckle_noise,4,5000,0.4220,0.2028,0.6502,0.8381,0.7419
s3,speckle_noise,5,5000,0.4099,0.1987,0.6806,0.8089,0.6859
s3,gaussian_blur,1,5000,0.5430,0.2435,0.3627,0.9793,0.9474
s3,gaussian_blur,2,5000,0.5415,0.2819,0.4854,0.9392,0.8603
s3,gaussian_blur,3,5000,0.5368,0.2856,0.5305,0.9096,0.7956
s3,gaussian_blur,4,5000,0.5273,0.2835,0.5589,0.8878,0.7455
s3,gaussian_blur,5,5000,0.5143,0.2721,0.5951,0.8606,0.6737
s3,spatter,1,5000,0.6007,0.1638,0.0877,1.0183,1.0064
s3,spatter,2,5000,0.6191,0.4304,0.3035,1.0865,0.9912
s3,spatter,3,5000,0.5968,0.4016,0.3901,1.0601,0.9324
s3,spatter,4,5000,0.5904,0.4364,0.4059,1.1287,0.9538
s3,spatter,5,5000,0.5773,0.4216,0.4468,1.1303,0.9167
s3,saturate,1,5000,0.5264,0.1541,0.2434,0.9842,0.9629
s3,saturate,2,5000,0.5341,0.2027,0.3317,0.9721,0.9390
s3,saturate,3,5000,0.4768,0.1522,0.1830,0.9998,0.9994
s3,saturate,4,5000,0.5159,0.2727,0.3406,0.9953,0.9705
s3,saturate,5,5000,0.5180,0.3014,0.3980,0.9944,0.9503
s4,gaussian_noise,1,5000,0.4756,0.3043,0.5344,0.8780,0.8749
s4,gaussian_noise,2,5000,0.4665,0.2969,0.5808,0.8248,0.8145
s4,gaussian_noise,3,5000,0.4430,0.2670,0.6423,0.7411,0.7146
s4,gaussian_noise,4,5000,0.4068,0.2199,0.7156,0.6326,0.5760
s4,gaussian_noise,5,5000,0.3789,0.1597,0.7996,0.5070,0.3889
s4,shot_noise,1,5000,0.4718,0.3037,0.5276,0.8832,0.8818
s4,shot_noise,2,5000,0.4626,0.2986,0.5763,0.8301,0.8203
s4,shot_noise,3,5000,0.4443,0.2756,0.6287,0.7621,0.7371
s4,shot_noise,4,5000,0.4080,0.2254,0.7091,0.6478,0.5842
s4,shot_noise,5,5000,0.3882,0.1886,0.7620,0.5726,0.4686
s4,impulse_noise,1,5000,0.4360,0.2995,0.5998,0.8776,0.7937
s4,impulse_noise,2,5000,0.4267,0.2726,0.6362,0.7905,0.7353
s4,impulse_noise,3,5000,0.4186,0.2529,0.6656,0.7311,0.6834
s4,impulse_noise,4,5000,0.3978,0.2100,0.7296,0.6180,0.5486
s4,impulse_noise,5,5000,0.3808,0.1615,0.7974,0.5106,0.3882
s4,defocus_blur,1,5000,0.5042,0.3795,0.4474,0.9656,0.9560
s4,defocus_blur,2,5000,0.5040,0.3825,0.4768,0.9469,0.9279
s4,defocus_blur,3,5000,0.4989,0.3800,0.5102,0.9223,0.8857
s4,defocus_blur,4,5000,0.4902,0.3711,0.5351,0.9000,0.8485
s4,defocus_blur,5,5000,0.4807,0.3570,0.5588,0.8719,0.8113
s4,glass_blur,1,5000,0.4707,0.3241,0.5190,0.9037,0.8970
s4,glass_blur,2,5000,0.4683,0.3278,0.5543,0.8697,0.8448
s4,glass_blur,3,5000,0.4410,0.2994,0.6233,0.7887,0.7150
s4,glass_blur,4,5000,0.4422,0.2970,0.6303,0.7758,0.6921
s4,glass_blur,5,5000,0.4541,0.3077,0.6220,0.7840,0.6899
s4,motion_blur,1,5000,0.4992,0.3555,0.4465,0.9690,0.9493
s4,motion_blur,2,5000,0.4921,0.3580,0.4992,0.9409,0.9035
s4,motion_blur,3,5000,0.4830,0.3485,0.5427,0.9060,0.8430
s4,motion_blur,4,5000,0.4739,0.3349,0.5764,0.8719,0.7817
s4,motion_blur,5,5000,0.4684,0.3243,0.5950,0.8475,0.7452
s4,zoom_blur,1,5000,0.4818,0.3572,0.5356,0.9022,0.8605
s4,zoom_blur,2,5000,0.4747,0.3483,0.5573,0.8764,0.8242
s4,zoom_blur,3,5000,0.4778,0.3432,0.5635,0.8559,0.8040
s4,zoom_blur,4,5000,0.4726,0.3375,0.5753,0.8412,0.7833
s4,zoom_blur,5,5000,0.4745,0.3329,0.5800,0.8274,0.7708
s4,snow,1,5000,0.4764,0.3349,0.5416,0.9429,0.8548
s4,snow,2,5000,0.4459,0.2999,0.6084,0.8399,0.7623
s4,snow,3,5000,0.4645,0.3190,0.5907,0.8794,0.7720
s4,snow,4,5000,0.4568,0.3099,0.6119,0.8502,0.7275
s4,snow,5,5000,0.4362,0.2876,0.6346,0.7871,0.7109
s4,frost,1,5000,0.4844,0.3158,0.5113,0.9014,0.8939
s4,frost,2,5000,0.4737,0.3078,0.5728,0.8419,0.8171
s4,frost,3,5000,0.4676,0.3008,0.5989,0.8086,0.7715
s4,frost,4,5000,0.4667,0.2978,0.6039,0.8025,0.7625
s4,frost,5,5000,0.4643,0.2930,0.6171,0.7827,0.7344
s4,fog,1,5000,0.4766,0.2642,0.4712,0.9346,0.9389
s4,fog,2,5000,0.4736,0.2759,0.5002,0.9203,0.9246
s4,fog,3,5000,0.4732,0.2864,0.5196,0.9082,0.9104
s4,fog,4,5000,0.4793,0.2939,0.5191,0.9099,0.9049
s4,fog,5,5000,0.4813,0.3059,0.5395,0.8985,0.8758
s4,brightness,1,5000,0.5028,0.2067,0.2408,0.9898,0.9897
s4,brightness,2,5000,0.4963,0.2957,0.3752,0.9745,0.9737
s4,brightness,3,5000,0.4882,0.3237,0.4407,0.9569,0.9542
s4,brightness,4,5000,0.4797,0.3318,0.4855,0.9362,0.9291
s4,brightness,5,5000,0.4721,0.3311,0.5185,0.9138,0.9007
s4,contrast,1,5000,0.4628,0.2442,0.4833,0.9316,0.9359
s4,contrast,2,5000,0.4570,0.2606,0.5285,0.9067,0.9120
s4,contrast,3,5000,0.4478,0.2701,0.5730,0.8679,0.8742
s4,contrast,4,5000,0.4297,0.2662,0.6295,0.7896,0.7954
s4,contrast,5,5000,0.4064,0.2472,0.6802,0.6954,0.6987
s4,elastic_transform,1,5000,0.5126,0.3696,0.4295,0.9810,0.9542
s4,elastic_transform,2,5000,0.5051,0.3768,0.4659,0.9732,0.9291
s4,elastic_transform,3,5000,0.4955,0.3770,0.5007,0.9650,0.8939
s4,elastic_transform,4,5000,0.4893,0.3744,0.5202,0.9623,0.8688
s4,elastic_transform,5,5000,0.4828,0.3705,0.5401,0.9636,0.8386
s4,pixelate,1,5000,0.4613,0.3086,0.5071,0.9362,0.9124
s4,pixelate,2,5000,0.4540,0.3106,0.5419,0.9193,0.8762
s4,pixelate,3,5000,0.4285,0.2870,0.6246,0.8786,0.7513
s4,pixelate,4,5000,0.4155,0.2538,0.6841,0.8329,0.6294
s4,pixelate,5,5000,0.4127,0.2256,0.7245,0.7921,0.5448
s4,jpeg_compression,1,5000,0.4886,0.3480,0.5019,0.9453,0.9076
s4,jpeg_compression,2,5000,0.4841,0.3571,0.5253,0.9494,0.8776
s4,jpeg_compression,3,5000,0.4791,0.3584,0.5382,0.9526,0.8578
s4,jpeg_compression,4,5000,0.4676,0.3528,0.5664,0.9600,0.8090
s4,jpeg_compression,5,5000,0.4553,0.3395,0.5923,0.9613,0.7633
s4,speckle_noise,1,5000,0.4700,0.2989,0.4983,0.9045,0.9064
s4,speckle_noise,2,5000,0.4664,0.3046,0.5286,0.8803,0.8798
s4,speckle_noise,3,5000,0.4488,0.2924,0.5935,0.8101,0.7966
s4,speckle_noise,4,5000,0.4364,0.2777,0.6266,0.7681,0.7420
s4,speckle_noise,5,5000,0.4195,0.2557,0.6653,0.7160,0.6701
s4,gaussian_blur,1,5000,0.5090,0.3568,0.3795,0.9902,0.9868
s4,gaussian_blur,2,5000,0.5042,0.3781,0.4744,0.9493,0.9305
s4,gaussian_blur,3,5000,0.5010,0.3755,0.5109,0.9185,0.8832
s4,gaussian_blur,4,5000,0.4933,0.3672,0.5369,0.8935,0.8435
s4,gaussian_blur,5,5000,0.4756,0.3450,0.5779,0.8476,0.7765
s4,spatter,1,5000,0.5314,0.2538,0.2399,1.0168,0.9859
s4,spatter,2,5000,0.5190,0.3946,0.4618,1.0432,0.9234
s4,spatter,3,5000,0.4859,0.3574,0.5270,0.9651,0.8624
s4,spatter,4,5000,0.4566,0.3335,0.5812,0.9959,0.8024
s4,spatter,5,5000,0.4383,0.3049,0.6260,0.9066,0.7218
s4,saturate,1,5000,0.4553,0.2459,0.3707,0.9627,0.9698
s4,saturate,2,5000,0.4555,0.2830,0.4221,0.9516,0.9564
s4,saturate,3,5000,0.4983,0.2764,0.2853,0.9990,0.9908
s4,saturate,4,5000,0.5003,0.3374,0.4393,0.9687,0.9424
s4,saturate,5,5000,0.4856,0.3347,0.4969,0.9466,0.9012
