backbone,filter,offset_over_spread,luminance_share
trained,0,0.0111,0.9452
trained,1,0.4011,0.5448
trained,2,0.0218,0.9171
trained,3,0.0699,0.0034
trained,4,0.0991,0.0238
trained,5,0.0048,0.9690
trained,6,0.3956,0.7586
trained,7,0.4168,0.9078
trained,8,0.2670,0.1308
trained,9,0.3703,0.6416
trained,10,0.0292,0.0002
trained,11,0.0063,0.9481
trained,12,0.0287,0.0015
trained,13,0.0442,0.0064
trained,14,0.4075,0.8443
trained,15,0.0148,0.9633
trained,16,0.3920,0.7692
trained,17,0.0207,0.9086
trained,18,0.0248,0.0026
trained,19,0.0420,0.0051
trained,20,0.3678,0.6706
trained,21,0.0198,0.9738
trained,22,0.2377,0.2259
trained,23,0.0159,0.9286
trained,24,0.0315,0.8834
trained,25,0.0124,0.9060
trained,26,0.0167,0.9079
trained,27,0.0646,0.9478
trained,28,0.0183,0.9093
trained,29,0.3682,0.4598
trained,30,0.3954,0.6757
trained,31,0.0156,0.9583
untrained,0,0.0882,0.3110
untrained,1,0.3284,0.3586
untrained,2,0.2143,0.3679
untrained,3,0.3412,0.4835
untrained,4,0.3987,0.2400
untrained,5,0.3237,0.0765
untrained,6,0.3468,0.2503
untrained,7,0.2277,0.3353
untrained,8,0.1644,0.4890
untrained,9,0.1962,0.3370
untrained,10,0.3888,0.4932
untrained,11,0.3748,0.1524
untrained,12,0.4182,0.4017
untrained,13,0.2926,0.1395
untrained,14,0.4186,0.3548
untrained,15,0.2966,0.1376
untrained,16,0.1859,0.2868
untrained,17,0.4068,0.2942
untrained,18,0.4176,0.2339
untrained,19,0.3848,0.3953
untrained,20,0.4168,0.4365
untrained,21,0.3347,0.6535
untrained,22,0.3529,0.5173
untrained,23,0.2391,0.3673
untrained,24,0.0114,0.2147
untrained,25,0.4104,0.4511
untrained,26,0.1247,0.3009
untrained,27,0.2532,0.3488
untrained,28,0.0026,0.5380
untrained,29,0.3213,0.2219
untrained,30,0.2860,0.2859
untrained,31,0.4145,0.2054
