family,severity,stage,total_level_ratio,total_top_ratio,channels_up_10pct,channels_down_10pct,d_log_level,d_log_top,d_peak_share,d_log_level_in_bank_sd,d_peak_share_in_bank_sd,channels_flatter,channels_level_up,shift_along_uniform_per_image,shift_along_uniform_of_mean,top_over_level_ratio
gaussian_noise,1,s1,0.9933,0.9315,0.3580,0.4326,-0.2053,-0.0957,0.1096,-0.3855,0.1666,0.5167,0.4721,0.0176,0.0133,0.4662
gaussian_noise,2,s1,1.0120,0.9227,0.4058,0.4415,-0.2576,-0.1223,0.1353,-0.5125,0.2461,0.5187,0.4869,0.0235,0.0184,0.4748
gaussian_noise,3,s1,1.0418,0.9296,0.4353,0.4444,-0.3029,-0.1347,0.1682,-0.6383,0.3793,0.5111,0.4992,0.0338,0.0289,0.4447
gaussian_noise,4,s1,1.0769,0.9573,0.4526,0.4463,-0.3320,-0.1244,0.2077,-0.7330,0.5587,0.4922,0.5060,0.0480,0.0449,0.3745
gaussian_noise,5,s1,1.1193,1.0016,0.4652,0.4478,-0.3511,-0.0950,0.2561,-0.8069,0.7888,0.4656,0.5107,0.0666,0.0664,0.2705
shot_noise,1,s1,0.9991,0.9419,0.3591,0.4194,-0.1775,-0.0784,0.0991,-0.3208,0.1494,0.5172,0.4776,0.0169,0.0120,0.4419
shot_noise,2,s1,1.0188,0.9384,0.4073,0.4345,-0.2278,-0.0970,0.1308,-0.4422,0.2520,0.5143,0.4913,0.0256,0.0207,0.4258
shot_noise,3,s1,1.0458,0.9512,0.4339,0.4396,-0.2630,-0.0982,0.1648,-0.5417,0.3918,0.5019,0.5013,0.0377,0.0341,0.3734
shot_noise,4,s1,1.0919,0.9966,0.4573,0.4404,-0.2853,-0.0668,0.2185,-0.6282,0.6443,0.4729,0.5114,0.0606,0.0607,0.2341
shot_noise,5,s1,1.1268,1.0433,0.4690,0.4387,-0.2830,-0.0267,0.2563,-0.6453,0.8348,0.4494,0.5173,0.0783,0.0815,0.0943
impulse_noise,1,s1,1.0581,1.0383,0.3907,0.3349,-0.0032,0.0542,0.0573,0.1223,0.1602,0.4762,0.5415,0.0279,0.0202,-17.0603
impulse_noise,2,s1,1.0637,1.0181,0.4301,0.4017,-0.0972,0.0214,0.1186,-0.0680,0.3034,0.4776,0.5222,0.0382,0.0354,-0.2205
impulse_noise,3,s1,1.0726,1.0092,0.4437,0.4189,-0.1585,-0.0067,0.1517,-0.2098,0.3963,0.4795,0.5153,0.0442,0.0428,0.0424
impulse_noise,4,s1,1.0989,1.0115,0.4638,0.4328,-0.2525,-0.0457,0.2069,-0.4717,0.5941,0.4754,0.5179,0.0568,0.0569,0.1808
impulse_noise,5,s1,1.1285,1.0311,0.4696,0.4390,-0.3104,-0.0555,0.2550,-0.6656,0.7982,0.4566,0.5171,0.0709,0.0727,0.1787
defocus_blur,1,s1,0.9914,0.7598,0.2793,0.3648,-0.0671,-0.2714,-0.2042,-0.2125,-0.9427,0.8120,0.4411,0.3802,0.4426,4.0418
defocus_blur,2,s1,0.9907,0.7163,0.2913,0.3912,-0.0997,-0.3403,-0.2406,-0.2743,-1.1402,0.8132,0.4312,0.3831,0.4379,3.4139
defocus_blur,3,s1,0.9829,0.6612,0.2803,0.4230,-0.1467,-0.4324,-0.2857,-0.3711,-1.3888,0.8106,0.4110,0.3989,0.4476,2.9474
defocus_blur,4,s1,0.9770,0.6277,0.2697,0.4379,-0.1870,-0.4960,-0.3090,-0.4517,-1.5336,0.8071,0.4002,0.3969,0.4408,2.6522
defocus_blur,5,s1,0.9703,0.6007,0.2588,0.4489,-0.2282,-0.5513,-0.3232,-0.5351,-1.6376,0.8027,0.3888,0.3868,0.4255,2.4164
glass_blur,1,s1,0.9878,0.8049,0.2262,0.2883,-0.0408,-0.2006,-0.1598,-0.1196,-0.7323,0.8308,0.4498,0.3709,0.4335,4.9188
glass_blur,2,s1,0.9886,0.7587,0.2719,0.3391,-0.0653,-0.2663,-0.2011,-0.1681,-0.9368,0.8317,0.4432,0.3797,0.4390,4.0802
glass_blur,3,s1,0.9837,0.7329,0.2733,0.3518,-0.0820,-0.3047,-0.2227,-0.1908,-1.0514,0.8373,0.4387,0.3991,0.4637,3.7162
glass_blur,4,s1,0.9791,0.7048,0.2706,0.3735,-0.1061,-0.3510,-0.2449,-0.2391,-1.1748,0.8361,0.4298,0.4114,0.4733,3.3085
glass_blur,5,s1,0.9792,0.6562,0.2775,0.4062,-0.1502,-0.4390,-0.2888,-0.3376,-1.4101,0.8263,0.4201,0.4129,0.4660,2.9222
motion_blur,1,s1,0.9891,0.8531,0.2373,0.3431,-0.0435,-0.1538,-0.1103,-0.1679,-0.4917,0.7530,0.4049,0.2780,0.4088,3.5369
motion_blur,2,s1,0.9853,0.8006,0.2536,0.3915,-0.0711,-0.2214,-0.1503,-0.2443,-0.6882,0.7666,0.3908,0.3203,0.4484,3.1133
motion_blur,3,s1,0.9796,0.7501,0.2558,0.4219,-0.1059,-0.2927,-0.1868,-0.3255,-0.8811,0.7792,0.3815,0.3520,0.4690,2.7643
motion_blur,4,s1,0.9743,0.7101,0.2540,0.4399,-0.1400,-0.3549,-0.2148,-0.4000,-1.0366,0.7870,0.3751,0.3669,0.4745,2.5342
motion_blur,5,s1,0.9711,0.6887,0.2515,0.4489,-0.1621,-0.3913,-0.2292,-0.4446,-1.1236,0.7898,0.3725,0.3719,0.4724,2.4136
zoom_blur,1,s1,0.9681,0.7544,0.1968,0.3740,-0.0907,-0.2847,-0.1941,-0.2462,-0.9389,0.8201,0.3734,0.4501,0.5294,3.1404
zoom_blur,2,s1,0.9651,0.7279,0.2014,0.3914,-0.1116,-0.3250,-0.2134,-0.2864,-1.0484,0.8194,0.3714,0.4476,0.5221,2.9125
zoom_blur,3,s1,0.9562,0.7180,0.1674,0.3807,-0.1256,-0.3396,-0.2140,-0.3030,-1.0758,0.8288,0.3562,0.4806,0.5537,2.7034
zoom_blur,4,s1,0.9545,0.7022,0.1731,0.3906,-0.1386,-0.3645,-0.2258,-0.3268,-1.1432,0.8275,0.3571,0.4756,0.5464,2.6292
zoom_blur,5,s1,0.9513,0.6974,0.1497,0.3854,-0.1440,-0.3735,-0.2295,-0.3309,-1.1646,0.8396,0.3414,0.5026,0.5761,2.5944
snow,1,s1,1.0348,0.9948,0.3663,0.2460,0.0467,0.0060,-0.0406,0.1040,-0.0808,0.5736,0.5719,0.0270,0.0155,0.1292
snow,2,s1,1.0430,0.9700,0.3989,0.3240,0.0068,-0.0199,-0.0267,-0.0300,-0.0415,0.5666,0.5530,0.0208,0.0020,-2.9171
snow,3,s1,1.0362,0.9882,0.3798,0.3031,0.0358,-0.0003,-0.0362,0.0099,-0.0124,0.5406,0.5388,0.0211,0.0002,-0.0091
snow,4,s1,1.0359,0.9859,0.3790,0.3278,0.0328,-0.0028,-0.0356,-0.0182,0.0175,0.5210,0.5234,0.0236,0.0004,-0.0863
snow,5,s1,1.0189,0.9327,0.3462,0.3852,-0.0373,-0.0700,-0.0327,-0.2087,-0.0401,0.5483,0.4903,0.0250,0.0021,1.8784
frost,1,s1,0.9936,0.9518,0.2214,0.2269,-0.0124,-0.0450,-0.0326,-0.0281,-0.1653,0.6484,0.4825,0.0953,0.1322,3.6309
frost,2,s1,0.9869,0.8951,0.2652,0.3070,-0.0422,-0.1042,-0.0621,-0.0768,-0.3380,0.6983,0.4748,0.1540,0.2250,2.4721
frost,3,s1,0.9852,0.8696,0.2828,0.3349,-0.0611,-0.1351,-0.0740,-0.1072,-0.4102,0.7058,0.4738,0.1644,0.2387,2.2103
frost,4,s1,0.9844,0.8580,0.2871,0.3343,-0.0668,-0.1494,-0.0826,-0.1078,-0.4619,0.7212,0.4764,0.1873,0.2703,2.2352
frost,5,s1,0.9849,0.8478,0.2981,0.3439,-0.0767,-0.1644,-0.0877,-0.1201,-0.4957,0.7224,0.4784,0.1879,0.2679,2.1435
fog,1,s1,0.9458,0.7658,0.1453,0.4056,-0.1062,-0.2759,-0.1698,-0.2974,-0.8289,0.8387,0.3187,0.5112,0.5944,2.5986
fog,2,s1,0.9388,0.7320,0.1575,0.4340,-0.1305,-0.3244,-0.1939,-0.3563,-0.9563,0.8308,0.3202,0.4962,0.5736,2.4859
fog,3,s1,0.9337,0.7053,0.1667,0.4515,-0.1519,-0.3642,-0.2123,-0.4073,-1.0557,0.8240,0.3223,0.4816,0.5550,2.3970
fog,4,s1,0.9353,0.7063,0.1681,0.4480,-0.1474,-0.3626,-0.2152,-0.3955,-1.0656,0.8283,0.3255,0.4909,0.5643,2.4598
fog,5,s1,0.9342,0.6843,0.1787,0.4500,-0.1549,-0.3955,-0.2406,-0.4030,-1.1888,0.8340,0.3356,0.5055,0.5777,2.5533
brightness,1,s1,0.9997,1.0028,0.0650,0.0688,-0.0066,0.0045,0.0111,-0.0179,0.0354,0.4285,0.4947,0.0675,0.0532,-0.6749
brightness,2,s1,0.9989,1.0046,0.1173,0.1241,-0.0160,0.0084,0.0244,-0.0478,0.0841,0.4107,0.4802,0.0756,0.0781,-0.5258
brightness,3,s1,0.9970,1.0029,0.1556,0.1828,-0.0290,0.0081,0.0371,-0.0880,0.1284,0.4037,0.4635,0.0776,0.0850,-0.2793
brightness,4,s1,0.9941,0.9979,0.1841,0.2442,-0.0472,0.0031,0.0503,-0.1405,0.1680,0.4037,0.4464,0.0760,0.0821,-0.0658
brightness,5,s1,0.9902,0.9887,0.2017,0.2940,-0.0677,-0.0066,0.0611,-0.1977,0.1931,0.4090,0.4326,0.0715,0.0716,0.0977
contrast,1,s1,0.9499,0.7616,0.1225,0.4024,-0.1470,-0.2944,-0.1474,-0.3343,-0.7944,0.8159,0.3175,0.4643,0.5258,2.0027
contrast,2,s1,0.9410,0.7081,0.1442,0.4406,-0.1999,-0.3792,-0.1793,-0.4411,-0.9864,0.8054,0.3226,0.4383,0.4932,1.8971
contrast,3,s1,0.9313,0.6421,0.1698,0.4697,-0.2831,-0.4996,-0.2165,-0.6023,-1.2317,0.7930,0.3286,0.4018,0.4468,1.7650
contrast,4,s1,0.9202,0.5537,0.2005,0.4938,-0.4509,-0.7098,-0.2588,-0.9189,-1.5734,0.7754,0.3371,0.3352,0.3649,1.5741
contrast,5,s1,0.9149,0.4950,0.2183,0.5053,-0.6374,-0.9102,-0.2728,-1.2742,-1.7918,0.7608,0.3429,0.2692,0.2893,1.4280
elastic_transform,1,s1,0.9984,0.9584,0.0772,0.0699,0.0016,-0.0366,-0.0381,-0.0027,-0.1585,0.7710,0.4930,0.2575,0.3460,-23.4343
elastic_transform,2,s1,0.9998,0.9609,0.0917,0.0716,0.0056,-0.0336,-0.0391,0.0078,-0.1575,0.7584,0.5104,0.2434,0.3421,-6.0398
elastic_transform,3,s1,1.0024,0.9662,0.1158,0.0736,0.0119,-0.0281,-0.0399,0.0243,-0.1526,0.7324,0.5325,0.2160,0.3183,-2.3628
elastic_transform,4,s1,1.0046,0.9707,0.1357,0.0767,0.0170,-0.0232,-0.0402,0.0374,-0.1467,0.7098,0.5465,0.1927,0.2881,-1.3679
elastic_transform,5,s1,1.0075,0.9778,0.1627,0.0823,0.0239,-0.0161,-0.0399,0.0550,-0.1362,0.6774,0.5634,0.1604,0.2352,-0.6740
pixelate,1,s1,0.9843,0.8846,0.1209,0.1743,-0.0170,-0.1030,-0.0860,-0.1004,-0.3846,0.7807,0.4072,0.2870,0.3499,6.0593
pixelate,2,s1,0.9837,0.8657,0.1426,0.2210,-0.0243,-0.1257,-0.1013,-0.1195,-0.4549,0.7744,0.4039,0.2577,0.3116,5.1653
pixelate,3,s1,0.9789,0.8354,0.1867,0.2957,-0.0330,-0.1601,-0.1271,-0.1751,-0.5686,0.7593,0.3959,0.2682,0.3223,4.8508
pixelate,4,s1,0.9737,0.8028,0.2111,0.3747,-0.0501,-0.2021,-0.1521,-0.2457,-0.6869,0.7474,0.3750,0.2796,0.3361,4.0356
pixelate,5,s1,0.9671,0.7868,0.2217,0.4131,-0.0659,-0.2258,-0.1599,-0.3270,-0.7143,0.7319,0.3732,0.2689,0.3258,3.4278
jpeg_compression,1,s1,1.0091,0.9390,0.2516,0.1654,0.0279,-0.0501,-0.0780,0.0246,-0.2996,0.6975,0.4938,0.2052,0.2732,-1.7976
jpeg_compression,2,s1,1.0100,0.9351,0.2689,0.1862,0.0283,-0.0523,-0.0807,0.0216,-0.3017,0.6737,0.4961,0.1809,0.2333,-1.8484
jpeg_compression,3,s1,1.0101,0.9333,0.2765,0.1998,0.0275,-0.0531,-0.0807,0.0181,-0.2958,0.6550,0.4943,0.1619,0.2024,-1.9313
jpeg_compression,4,s1,1.0110,0.9359,0.2896,0.2318,0.0242,-0.0484,-0.0726,0.0092,-0.2466,0.6024,0.4909,0.1074,0.1098,-2.0035
jpeg_compression,5,s1,1.0117,0.9425,0.2963,0.2694,0.0176,-0.0413,-0.0589,-0.0090,-0.1675,0.5536,0.4836,0.0591,0.0365,-2.3431
speckle_noise,1,s1,0.9997,0.9582,0.3237,0.3836,-0.1175,-0.0491,0.0684,-0.1951,0.0852,0.5197,0.4810,0.0131,0.0063,0.4177
speckle_noise,2,s1,1.0077,0.9549,0.3640,0.4054,-0.1403,-0.0546,0.0856,-0.2444,0.1312,0.5173,0.4875,0.0176,0.0107,0.3895
speckle_noise,3,s1,1.0354,0.9657,0.4170,0.4275,-0.1842,-0.0524,0.1318,-0.3516,0.2940,0.4996,0.5001,0.0343,0.0294,0.2847
speckle_noise,4,s1,1.0536,0.9816,0.4338,0.4320,-0.2010,-0.0424,0.1586,-0.3982,0.4050,0.4856,0.5053,0.0460,0.0436,0.2110
speckle_noise,5,s1,1.0778,1.0077,0.4493,0.4350,-0.2162,-0.0249,0.1912,-0.4443,0.5491,0.4671,0.5108,0.0612,0.0620,0.1154
gaussian_blur,1,s1,0.9977,0.8380,0.2502,0.2944,-0.0490,-0.1709,-0.1219,-0.1230,-0.5826,0.8019,0.4693,0.2929,0.3349,3.4871
gaussian_blur,2,s1,0.9961,0.7243,0.3007,0.3807,-0.0969,-0.3288,-0.2319,-0.2601,-1.1032,0.8119,0.4432,0.3690,0.4210,3.3936
gaussian_blur,3,s1,0.9882,0.6683,0.2901,0.4174,-0.1409,-0.4225,-0.2816,-0.3613,-1.3646,0.8079,0.4199,0.3866,0.4347,2.9978
gaussian_blur,4,s1,0.9800,0.6321,0.2765,0.4371,-0.1831,-0.4891,-0.3060,-0.4513,-1.5163,0.8016,0.4034,0.3837,0.4259,2.6709
gaussian_blur,5,s1,0.9660,0.5873,0.2542,0.4587,-0.2595,-0.5839,-0.3244,-0.6106,-1.6752,0.7930,0.3801,0.3609,0.3937,2.2498
spatter,1,s1,1.0025,1.0019,0.0226,0.0003,0.0091,0.0069,-0.0022,0.0269,-0.0003,0.5535,0.6368,0.0419,0.0000,0.7540
spatter,2,s1,1.0312,1.0319,0.2805,0.0789,0.0670,0.0500,-0.0170,0.1897,-0.0002,0.5210,0.6613,0.0318,0.0000,0.7467
spatter,3,s1,1.0482,1.0377,0.3910,0.1560,0.0810,0.0582,-0.0228,0.2518,-0.0258,0.5273,0.6264,0.0249,0.0013,0.7182
spatter,4,s1,1.0732,1.1647,0.4119,0.1359,0.1590,0.1793,0.0203,0.3927,0.3364,0.3742,0.6156,0.1112,0.1223,1.1277
spatter,5,s1,1.0821,1.1837,0.4423,0.1858,0.1709,0.1977,0.0267,0.4257,0.3872,0.3708,0.6141,0.1132,0.1292,1.1563
saturate,1,s1,0.9855,0.9367,0.0886,0.1846,-0.0489,-0.0936,-0.0447,-0.0982,-0.1717,0.6498,0.3667,0.1157,0.1512,1.9135
saturate,2,s1,0.9792,0.9075,0.1107,0.2403,-0.1073,-0.1637,-0.0563,-0.2016,-0.2087,0.6321,0.3640,0.0830,0.0988,1.5250
saturate,3,s1,1.0103,1.0433,0.1484,0.0853,0.0060,0.0479,0.0419,0.0167,0.1610,0.3156,0.5776,0.1610,0.2269,7.9922
saturate,4,s1,1.0203,1.0745,0.2634,0.1792,-0.0001,0.0789,0.0790,0.0059,0.2884,0.3671,0.5756,0.1389,0.1839,-1248.3658
saturate,5,s1,1.0298,1.1023,0.3108,0.2016,0.0070,0.1111,0.1041,0.0306,0.3846,0.3616,0.5812,0.1577,0.2138,15.8173
gaussian_noise,1,s2,0.9693,0.8914,0.2477,0.5299,-0.2006,-0.1357,0.0649,-0.4128,0.0775,0.4788,0.3527,0.0072,0.0040,0.6765
gaussian_noise,2,s2,0.9639,0.8448,0.2709,0.5621,-0.2922,-0.2053,0.0869,-0.6305,0.1237,0.4872,0.3549,0.0086,0.0060,0.7026
gaussian_noise,3,s2,0.9659,0.7921,0.2922,0.5739,-0.4062,-0.2967,0.1095,-0.9063,0.1838,0.5010,0.3623,0.0104,0.0083,0.7304
gaussian_noise,4,s2,0.9758,0.7463,0.3117,0.5745,-0.5285,-0.3994,0.1291,-1.2059,0.2530,0.5153,0.3724,0.0128,0.0108,0.7558
gaussian_noise,5,s2,0.9931,0.7050,0.3287,0.5725,-0.6754,-0.5251,0.1503,-1.5711,0.3508,0.5263,0.3812,0.0166,0.0151,0.7774
shot_noise,1,s2,0.9747,0.9013,0.2492,0.5135,-0.1799,-0.1230,0.0569,-0.3637,0.0629,0.4803,0.3619,0.0072,0.0029,0.6837
shot_noise,2,s2,0.9706,0.8553,0.2764,0.5519,-0.2672,-0.1888,0.0784,-0.5730,0.1117,0.4875,0.3642,0.0085,0.0053,0.7067
shot_noise,3,s2,0.9736,0.8143,0.2975,0.5632,-0.3566,-0.2583,0.0983,-0.7932,0.1709,0.4983,0.3720,0.0106,0.0080,0.7244
shot_noise,4,s2,0.9878,0.7691,0.3232,0.5618,-0.4790,-0.3528,0.1262,-1.1065,0.2840,0.5107,0.3853,0.0157,0.0141,0.7365
shot_noise,5,s2,1.0015,0.7506,0.3377,0.5581,-0.5526,-0.4040,0.1486,-1.3080,0.3902,0.5135,0.3939,0.0213,0.0208,0.7310
impulse_noise,1,s2,1.0780,0.9647,0.4035,0.3808,0.0172,-0.0274,-0.0446,0.0857,-0.1613,0.5665,0.5228,0.0173,0.0109,-1.5944
impulse_noise,2,s2,1.0352,0.8968,0.3640,0.4653,-0.1155,-0.1098,0.0057,-0.2252,-0.0619,0.5414,0.4629,0.0084,0.0014,0.9510
impulse_noise,3,s2,1.0143,0.8496,0.3475,0.5057,-0.2232,-0.1792,0.0440,-0.4790,0.0280,0.5344,0.4329,0.0066,0.0002,0.8029
impulse_noise,4,s2,0.9956,0.7716,0.3300,0.5504,-0.4400,-0.3296,0.1104,-0.9987,0.2157,0.5284,0.3963,0.0120,0.0085,0.7491
impulse_noise,5,s2,0.9984,0.7208,0.3327,0.5649,-0.6242,-0.4730,0.1512,-1.4489,0.3600,0.5277,0.3878,0.0183,0.0166,0.7578
defocus_blur,1,s2,0.9659,0.8255,0.2327,0.4135,-0.1170,-0.1954,-0.0784,-0.3070,-0.4247,0.6939,0.4096,0.1484,0.1915,1.6703
defocus_blur,2,s2,0.9556,0.7755,0.2480,0.4495,-0.1699,-0.2638,-0.0939,-0.4433,-0.5255,0.7010,0.3960,0.1501,0.1880,1.5530
defocus_blur,3,s2,0.9454,0.7152,0.2574,0.4834,-0.2420,-0.3558,-0.1137,-0.6145,-0.6573,0.7064,0.3777,0.1518,0.1825,1.4699
defocus_blur,4,s2,0.9370,0.6767,0.2589,0.5046,-0.3019,-0.4226,-0.1207,-0.7498,-0.7235,0.7040,0.3659,0.1405,0.1640,1.4000
defocus_blur,5,s2,0.9314,0.6467,0.2598,0.5188,-0.3540,-0.4814,-0.1274,-0.8608,-0.7846,0.7023,0.3593,0.1352,0.1547,1.3598
glass_blur,1,s2,0.9724,0.8501,0.1899,0.3849,-0.0832,-0.1541,-0.0709,-0.2041,-0.3645,0.6980,0.4036,0.1799,0.2471,1.8521
glass_blur,2,s2,0.9589,0.8010,0.2186,0.4337,-0.1287,-0.2160,-0.0873,-0.3187,-0.4571,0.6929,0.3933,0.1740,0.2317,1.6785
glass_blur,3,s2,0.9451,0.7606,0.2301,0.4719,-0.1653,-0.2651,-0.0998,-0.3964,-0.5155,0.6869,0.3800,0.1762,0.2390,1.6036
glass_blur,4,s2,0.9355,0.7320,0.2305,0.4933,-0.2038,-0.3077,-0.1039,-0.4840,-0.5640,0.6875,0.3689,0.1722,0.2273,1.5098
glass_blur,5,s2,0.9258,0.6854,0.2404,0.5169,-0.2699,-0.3851,-0.1152,-0.6401,-0.6641,0.6921,0.3582,0.1582,0.1969,1.4266
motion_blur,1,s2,0.9830,0.8909,0.2424,0.3826,-0.0800,-0.1183,-0.0383,-0.2127,-0.2158,0.6333,0.4057,0.0730,0.1116,1.4795
motion_blur,2,s2,0.9751,0.8351,0.2570,0.4409,-0.1378,-0.1884,-0.0506,-0.3547,-0.3036,0.6384,0.3890,0.0824,0.1214,1.3674
motion_blur,3,s2,0.9670,0.7805,0.2608,0.4825,-0.2052,-0.2652,-0.0600,-0.5171,-0.3851,0.6406,0.3734,0.0864,0.1227,1.2922
motion_blur,4,s2,0.9611,0.7363,0.2629,0.5090,-0.2719,-0.3363,-0.0644,-0.6741,-0.4453,0.6401,0.3646,0.0841,0.1151,1.2369
motion_blur,5,s2,0.9580,0.7114,0.2631,0.5206,-0.3119,-0.3779,-0.0660,-0.7675,-0.4770,0.6403,0.3595,0.0817,0.1107,1.2117
zoom_blur,1,s2,0.9693,0.8074,0.2471,0.4175,-0.1336,-0.2265,-0.0929,-0.3163,-0.5043,0.6949,0.4024,0.1830,0.2287,1.6955
zoom_blur,2,s2,0.9649,0.7815,0.2541,0.4359,-0.1646,-0.2661,-0.1015,-0.3878,-0.5664,0.6975,0.3963,0.1796,0.2207,1.6166
zoom_blur,3,s2,0.9611,0.7809,0.2312,0.4305,-0.1719,-0.2666,-0.0947,-0.3960,-0.5575,0.7086,0.3789,0.1950,0.2378,1.5509
zoom_blur,4,s2,0.9587,0.7659,0.2371,0.4404,-0.1906,-0.2906,-0.1000,-0.4374,-0.5965,0.7093,0.3783,0.1913,0.2312,1.5244
zoom_blur,5,s2,0.9562,0.7649,0.2188,0.4357,-0.1950,-0.2907,-0.0957,-0.4346,-0.5923,0.7202,0.3684,0.2018,0.2440,1.4910
snow,1,s2,1.0369,0.9745,0.3641,0.3133,0.0229,-0.0140,-0.0370,0.0950,-0.1442,0.5710,0.5429,0.0260,0.0300,-0.6126
snow,2,s2,1.0088,0.9109,0.3210,0.4344,-0.0983,-0.0892,0.0091,-0.2116,-0.0277,0.5346,0.4482,0.0142,0.0008,0.9070
snow,3,s2,1.0353,0.9530,0.3603,0.3677,-0.0176,-0.0366,-0.0190,-0.0232,-0.0805,0.5464,0.5075,0.0173,0.0079,2.0817
snow,4,s2,1.0360,0.9447,0.3729,0.3730,-0.0199,-0.0420,-0.0220,-0.0348,-0.0799,0.5475,0.5100,0.0177,0.0067,2.1074
snow,5,s2,0.9893,0.8866,0.2937,0.4729,-0.1432,-0.1208,0.0224,-0.3624,0.0200,0.5083,0.4070,0.0160,0.0004,0.8434
frost,1,s2,0.9845,0.9422,0.2153,0.3108,-0.0387,-0.0559,-0.0172,-0.0625,-0.1324,0.5913,0.4324,0.0509,0.0786,1.4441
frost,2,s2,0.9757,0.8963,0.2545,0.3821,-0.0709,-0.1044,-0.0335,-0.1193,-0.2450,0.6235,0.4264,0.0799,0.1257,1.4723
frost,3,s2,0.9706,0.8716,0.2694,0.4090,-0.0912,-0.1314,-0.0402,-0.1604,-0.2943,0.6314,0.4222,0.0865,0.1352,1.4412
frost,4,s2,0.9705,0.8647,0.2700,0.4128,-0.0972,-0.1412,-0.0440,-0.1668,-0.3221,0.6388,0.4210,0.0956,0.1486,1.4521
frost,5,s2,0.9677,0.8508,0.2757,0.4236,-0.1105,-0.1571,-0.0467,-0.1940,-0.3466,0.6423,0.4199,0.0973,0.1490,1.4225
fog,1,s2,0.9789,0.8692,0.1544,0.3517,-0.0680,-0.1475,-0.0796,-0.1442,-0.4229,0.7526,0.3476,0.3107,0.3979,2.1708
fog,2,s2,0.9742,0.8463,0.1688,0.3921,-0.0852,-0.1761,-0.0909,-0.1832,-0.4885,0.7468,0.3446,0.3047,0.3867,2.0671
fog,3,s2,0.9702,0.8276,0.1802,0.4168,-0.1006,-0.2005,-0.0999,-0.2161,-0.5414,0.7408,0.3449,0.2981,0.3758,1.9929
fog,4,s2,0.9718,0.8275,0.1876,0.4127,-0.0977,-0.2002,-0.1025,-0.1997,-0.5534,0.7425,0.3526,0.3035,0.3830,2.0490
fog,5,s2,0.9712,0.8079,0.2098,0.4270,-0.1105,-0.2260,-0.1155,-0.2068,-0.6300,0.7367,0.3643,0.3028,0.3811,2.0459
brightness,1,s2,0.9976,0.9959,0.0672,0.0443,-0.0005,-0.0020,-0.0015,-0.0079,0.0012,0.4922,0.4493,0.0226,0.0001,3.7753
brightness,2,s2,0.9932,0.9893,0.1198,0.1410,-0.0069,-0.0066,0.0003,-0.0346,0.0158,0.4819,0.4270,0.0229,0.0048,0.9559
brightness,3,s2,0.9872,0.9797,0.1537,0.2261,-0.0189,-0.0155,0.0034,-0.0755,0.0307,0.4789,0.4069,0.0226,0.0082,0.8191
brightness,4,s2,0.9801,0.9661,0.1777,0.2964,-0.0360,-0.0296,0.0064,-0.1293,0.0410,0.4824,0.3903,0.0218,0.0082,0.8226
brightness,5,s2,0.9728,0.9495,0.1925,0.3519,-0.0575,-0.0486,0.0089,-0.1920,0.0436,0.4905,0.3757,0.0206,0.0060,0.8448
contrast,1,s2,0.9739,0.8665,0.1288,0.3483,-0.0776,-0.1517,-0.0740,-0.1747,-0.4037,0.7516,0.3308,0.3094,0.3811,1.9538
contrast,2,s2,0.9649,0.8297,0.1491,0.4081,-0.1081,-0.1991,-0.0910,-0.2452,-0.5060,0.7427,0.3261,0.2972,0.3613,1.8414
contrast,3,s2,0.9514,0.7777,0.1684,0.4601,-0.1581,-0.2707,-0.1127,-0.3593,-0.6467,0.7331,0.3202,0.2797,0.3326,1.7127
contrast,4,s2,0.9279,0.6866,0.1898,0.5140,-0.2678,-0.4118,-0.1440,-0.6036,-0.8849,0.7177,0.3147,0.2454,0.2804,1.5376
contrast,5,s2,0.9060,0.5938,0.2072,0.5452,-0.4180,-0.5841,-0.1661,-0.9284,-1.1141,0.6996,0.3149,0.2053,0.2270,1.3974
elastic_transform,1,s2,0.9987,0.9799,0.1721,0.1058,0.0173,-0.0133,-0.0306,0.0545,-0.1194,0.6590,0.5518,0.1308,0.2079,-0.7698
elastic_transform,2,s2,0.9999,0.9821,0.2160,0.1332,0.0254,-0.0097,-0.0352,0.0789,-0.1308,0.6473,0.5710,0.1131,0.1684,-0.3829
elastic_transform,3,s2,1.0024,0.9864,0.2732,0.1634,0.0370,-0.0040,-0.0410,0.1119,-0.1437,0.6332,0.5895,0.0916,0.1237,-0.1094
elastic_transform,4,s2,1.0049,0.9906,0.3106,0.1806,0.0457,0.0008,-0.0449,0.1355,-0.1509,0.6243,0.6000,0.0781,0.0985,0.0180
elastic_transform,5,s2,1.0093,0.9978,0.3514,0.1959,0.0572,0.0078,-0.0494,0.1648,-0.1573,0.6140,0.6098,0.0638,0.0739,0.1364
pixelate,1,s2,1.0094,0.9172,0.2515,0.2320,-0.0080,-0.0800,-0.0720,-0.0221,-0.3091,0.7528,0.4979,0.2575,0.3433,9.9562
pixelate,2,s2,1.0072,0.8975,0.2684,0.2741,-0.0233,-0.1026,-0.0794,-0.0693,-0.3468,0.7388,0.4846,0.2332,0.3181,4.4136
pixelate,3,s2,1.0197,0.8537,0.3397,0.3239,-0.0294,-0.1527,-0.1233,-0.0827,-0.5223,0.7453,0.4973,0.2507,0.3144,5.1892
pixelate,4,s2,1.0278,0.8152,0.3618,0.3581,-0.0464,-0.2048,-0.1584,-0.1318,-0.6699,0.7498,0.4888,0.2625,0.3203,4.4156
pixelate,5,s2,1.0366,0.7879,0.3701,0.3777,-0.0589,-0.2451,-0.1862,-0.1658,-0.7950,0.7601,0.4857,0.2769,0.3326,4.1621
jpeg_compression,1,s2,1.0170,0.9305,0.3454,0.2468,0.0289,-0.0598,-0.0887,0.0452,-0.3504,0.6970,0.5506,0.1584,0.2112,-2.0722
jpeg_compression,2,s2,1.0328,0.9307,0.3965,0.2509,0.0514,-0.0560,-0.1074,0.0897,-0.4022,0.6895,0.5750,0.1491,0.1875,-1.0895
jpeg_compression,3,s2,1.0421,0.9321,0.4192,0.2546,0.0627,-0.0528,-0.1155,0.1108,-0.4210,0.6820,0.5849,0.1397,0.1706,-0.8418
jpeg_compression,4,s2,1.0625,0.9409,0.4567,0.2643,0.0834,-0.0414,-0.1248,0.1464,-0.4243,0.6585,0.5988,0.1086,0.1239,-0.4966
jpeg_compression,5,s2,1.0755,0.9507,0.4730,0.2787,0.0908,-0.0324,-0.1232,0.1497,-0.3897,0.6326,0.5979,0.0798,0.0861,-0.3571
speckle_noise,1,s2,0.9849,0.9324,0.2346,0.4550,-0.1194,-0.0816,0.0378,-0.2260,0.0296,0.4835,0.3775,0.0082,0.0010,0.6835
speckle_noise,2,s2,0.9817,0.9118,0.2566,0.4946,-0.1548,-0.1074,0.0474,-0.3098,0.0483,0.4844,0.3761,0.0081,0.0019,0.6940
speckle_noise,3,s2,0.9821,0.8642,0.2917,0.5388,-0.2405,-0.1709,0.0696,-0.5207,0.1038,0.4938,0.3798,0.0092,0.0044,0.7107
speckle_noise,4,s2,0.9854,0.8425,0.3057,0.5475,-0.2864,-0.2040,0.0824,-0.6379,0.1463,0.4985,0.3839,0.0107,0.0067,0.7121
speckle_noise,5,s2,0.9912,0.8197,0.3191,0.5518,-0.3424,-0.2421,0.1003,-0.7839,0.2124,0.5018,0.3886,0.0137,0.0109,0.7071
gaussian_blur,1,s2,0.9771,0.9001,0.1879,0.3333,-0.0558,-0.1039,-0.0481,-0.1516,-0.2510,0.6805,0.4211,0.1349,0.1836,1.8610
gaussian_blur,2,s2,0.9563,0.7862,0.2452,0.4452,-0.1595,-0.2479,-0.0884,-0.4217,-0.4924,0.6988,0.3964,0.1435,0.1816,1.5545
gaussian_blur,3,s2,0.9442,0.7195,0.2566,0.4826,-0.2416,-0.3481,-0.1065,-0.6231,-0.6216,0.7035,0.3790,0.1367,0.1655,1.4407
gaussian_blur,4,s2,0.9363,0.6758,0.2601,0.5043,-0.3074,-0.4219,-0.1145,-0.7738,-0.6960,0.7015,0.3674,0.1260,0.1474,1.3725
gaussian_blur,5,s2,0.9267,0.6222,0.2649,0.5258,-0.4129,-0.5314,-0.1184,-1.0020,-0.7714,0.6940,0.3588,0.1061,0.1192,1.2868
spatter,1,s2,1.0044,1.0040,0.0832,0.0191,0.0217,0.0130,-0.0087,0.0557,-0.0161,0.5778,0.6416,0.0307,0.0097,0.6005
spatter,2,s2,1.0529,1.0400,0.4329,0.1516,0.1150,0.0594,-0.0555,0.3039,-0.1379,0.5786,0.6778,0.0365,0.0280,0.5171
spatter,3,s2,1.0800,1.0204,0.4744,0.2180,0.1204,0.0422,-0.0783,0.3350,-0.2366,0.6003,0.6541,0.0438,0.0382,0.3503
spatter,4,s2,1.1254,1.1345,0.5464,0.2114,0.2043,0.1475,-0.0568,0.4905,-0.0061,0.5561,0.6928,0.0097,0.0000,0.7219
spatter,5,s2,1.1490,1.1264,0.5568,0.2409,0.2134,0.1428,-0.0706,0.5048,-0.0570,0.5673,0.6815,0.0109,0.0011,0.6690
saturate,1,s2,0.9915,0.9573,0.0832,0.1580,-0.0486,-0.0541,-0.0054,-0.0922,-0.0804,0.6184,0.3618,0.0502,0.0598,1.1118
saturate,2,s2,0.9870,0.9363,0.1127,0.2367,-0.0770,-0.0851,-0.0080,-0.1496,-0.1185,0.6225,0.3549,0.0568,0.0657,1.1043
saturate,3,s2,1.0015,1.0157,0.0982,0.0764,0.0143,0.0168,0.0025,0.0179,0.0407,0.4156,0.5342,0.0277,0.0269,1.1715
saturate,4,s2,0.9997,1.0086,0.2262,0.1896,0.0191,0.0143,-0.0048,0.0142,0.0359,0.4848,0.5239,0.0203,0.0041,0.7490
saturate,5,s2,1.0021,1.0081,0.2722,0.2291,0.0236,0.0212,-0.0024,0.0140,0.0658,0.4885,0.5220,0.0201,0.0072,0.8993
gaussian_noise,1,s3,0.9030,0.8506,0.1833,0.5584,-0.2710,-0.1963,0.0748,-0.4388,0.1440,0.4584,0.2955,0.0267,0.0335,0.7242
gaussian_noise,2,s3,0.8623,0.7806,0.1892,0.6149,-0.4197,-0.3146,0.1051,-0.6970,0.2101,0.4568,0.2755,0.0307,0.0384,0.7496
gaussian_noise,3,s3,0.8128,0.6879,0.1875,0.6671,-0.6613,-0.5127,0.1486,-1.1185,0.3139,0.4463,0.2526,0.0365,0.0454,0.7752
gaussian_noise,4,s3,0.7636,0.5846,0.1821,0.7095,-1.0133,-0.8177,0.1956,-1.7349,0.4335,0.4326,0.2313,0.0410,0.0501,0.8070
gaussian_noise,5,s3,0.7178,0.4706,0.1748,0.7458,-1.5853,-1.3940,0.1914,-2.7414,0.4342,0.4300,0.2115,0.0281,0.0322,0.8793
shot_noise,1,s3,0.9109,0.8648,0.1897,0.5414,-0.2507,-0.1780,0.0727,-0.4045,0.1469,0.4517,0.3070,0.0289,0.0373,0.7099
shot_noise,2,s3,0.8689,0.7946,0.1963,0.6042,-0.4018,-0.2952,0.1066,-0.6702,0.2257,0.4486,0.2845,0.0351,0.0456,0.7347
shot_noise,3,s3,0.8245,0.7158,0.1947,0.6527,-0.6072,-0.4569,0.1503,-1.0338,0.3353,0.4364,0.2625,0.0439,0.0566,0.7524
shot_noise,4,s3,0.7673,0.5972,0.1860,0.7062,-1.0133,-0.7976,0.2157,-1.7566,0.5125,0.4162,0.2345,0.0545,0.0694,0.7871
shot_noise,5,s3,0.7356,0.5230,0.1804,0.7336,-1.3719,-1.1411,0.2309,-2.4013,0.5682,0.4101,0.2199,0.0499,0.0636,0.8317
impulse_noise,1,s3,0.9479,0.8344,0.2786,0.5637,-0.3115,-0.2307,0.0807,-0.5629,0.1897,0.4512,0.3529,0.0175,0.0175,0.7408
impulse_noise,2,s3,0.8736,0.7527,0.2440,0.6223,-0.5151,-0.3725,0.1425,-0.9158,0.3426,0.4329,0.3077,0.0390,0.0481,0.7233
impulse_noise,3,s3,0.8309,0.6936,0.2187,0.6549,-0.6695,-0.4996,0.1699,-1.1762,0.4021,0.4324,0.2776,0.0461,0.0586,0.7462
impulse_noise,4,s3,0.7668,0.5780,0.1886,0.7087,-1.0417,-0.8333,0.2084,-1.8084,0.4796,0.4294,0.2357,0.0451,0.0565,0.7999
impulse_noise,5,s3,0.7231,0.4761,0.1768,0.7432,-1.5425,-1.3431,0.1994,-2.6761,0.4551,0.4302,0.2141,0.0292,0.0355,0.8707
defocus_blur,1,s3,0.9521,0.8909,0.2767,0.4375,-0.1092,-0.1161,-0.0069,-0.1929,-0.0456,0.5412,0.4202,0.0104,0.0052,1.0631
defocus_blur,2,s3,0.9336,0.8490,0.2845,0.4797,-0.1753,-0.1720,0.0033,-0.3060,-0.0337,0.5401,0.4032,0.0083,0.0018,0.9810
defocus_blur,3,s3,0.9078,0.7864,0.2882,0.5240,-0.2994,-0.2689,0.0305,-0.5130,0.0138,0.5347,0.3840,0.0070,0.0002,0.8980
defocus_blur,4,s3,0.8909,0.7387,0.2865,0.5501,-0.4109,-0.3576,0.0533,-0.7002,0.0591,0.5272,0.3696,0.0081,0.0022,0.8703
defocus_blur,5,s3,0.8776,0.6990,0.2808,0.5686,-0.5087,-0.4425,0.0662,-0.8633,0.0790,0.5240,0.3563,0.0090,0.0032,0.8698
glass_blur,1,s3,0.9559,0.8715,0.2643,0.4498,-0.1020,-0.1298,-0.0278,-0.1667,-0.1224,0.5658,0.4013,0.0325,0.0427,1.2722
glass_blur,2,s3,0.9391,0.8259,0.2844,0.4941,-0.1573,-0.1868,-0.0296,-0.2671,-0.1412,0.5624,0.3896,0.0277,0.0329,1.1879
glass_blur,3,s3,0.9193,0.7603,0.2959,0.5349,-0.2587,-0.2804,-0.0217,-0.4581,-0.1411,0.5569,0.3770,0.0190,0.0172,1.0838
glass_blur,4,s3,0.9037,0.7345,0.2907,0.5556,-0.3214,-0.3235,-0.0021,-0.5656,-0.0960,0.5422,0.3646,0.0122,0.0066,1.0064
glass_blur,5,s3,0.8821,0.7023,0.2838,0.5741,-0.4035,-0.3847,0.0188,-0.7102,-0.0473,0.5304,0.3516,0.0084,0.0013,0.9535
motion_blur,1,s3,0.9662,0.9222,0.2677,0.4317,-0.0896,-0.0817,0.0079,-0.1544,0.0022,0.5068,0.4084,0.0108,0.0000,0.9116
motion_blur,2,s3,0.9475,0.8703,0.2766,0.4996,-0.1734,-0.1482,0.0253,-0.2950,0.0346,0.4981,0.3828,0.0108,0.0022,0.8543
motion_blur,3,s3,0.9292,0.8104,0.2791,0.5419,-0.2838,-0.2367,0.0471,-0.4782,0.0762,0.4924,0.3650,0.0119,0.0066,0.8339
motion_blur,4,s3,0.9146,0.7609,0.2782,0.5680,-0.4022,-0.3338,0.0684,-0.6747,0.1180,0.4885,0.3524,0.0135,0.0109,0.8299
motion_blur,5,s3,0.9066,0.7309,0.2754,0.5817,-0.4742,-0.3962,0.0780,-0.7953,0.1351,0.4877,0.3440,0.0138,0.0122,0.8354
zoom_blur,1,s3,0.9340,0.8249,0.2797,0.5141,-0.2371,-0.2023,0.0347,-0.3746,0.0242,0.5098,0.3841,0.0082,0.0008,0.8536
zoom_blur,2,s3,0.9244,0.7924,0.2808,0.5342,-0.2986,-0.2534,0.0452,-0.4722,0.0366,0.5089,0.3747,0.0085,0.0013,0.8486
zoom_blur,3,s3,0.9213,0.7856,0.2695,0.5360,-0.2940,-0.2589,0.0351,-0.4611,-0.0019,0.5157,0.3687,0.0087,0.0000,0.8807
zoom_blur,4,s3,0.9161,0.7667,0.2707,0.5473,-0.3323,-0.2906,0.0417,-0.5207,0.0056,0.5135,0.3638,0.0086,0.0000,0.8746
zoom_blur,5,s3,0.9147,0.7657,0.2618,0.5477,-0.3159,-0.2855,0.0303,-0.4985,-0.0254,0.5197,0.3590,0.0101,0.0007,0.9040
snow,1,s3,1.0140,0.9074,0.3408,0.4442,-0.0606,-0.0986,-0.0380,-0.0987,-0.1531,0.5512,0.4432,0.0248,0.0288,1.6268
snow,2,s3,0.9419,0.8176,0.2793,0.5692,-0.2597,-0.2200,0.0397,-0.4687,0.0436,0.4833,0.3507,0.0113,0.0015,0.8471
snow,3,s3,0.9967,0.8584,0.3427,0.4975,-0.1416,-0.1578,-0.0162,-0.2403,-0.1178,0.5402,0.4195,0.0149,0.0118,1.1146
snow,4,s3,0.9881,0.8325,0.3415,0.5115,-0.1742,-0.1896,-0.0154,-0.3095,-0.1216,0.5431,0.4117,0.0141,0.0104,1.0885
snow,5,s3,0.9343,0.7926,0.2785,0.5856,-0.3136,-0.2543,0.0593,-0.5613,0.0788,0.4791,0.3428,0.0111,0.0044,0.8109
frost,1,s3,0.9717,0.9154,0.2616,0.4038,-0.0565,-0.0854,-0.0289,-0.0892,-0.1227,0.5637,0.4159,0.0367,0.0556,1.5110
frost,2,s3,0.9585,0.8598,0.2910,0.4661,-0.1061,-0.1484,-0.0422,-0.1701,-0.1900,0.5815,0.4051,0.0419,0.0659,1.3977
frost,3,s3,0.9508,0.8276,0.3003,0.4904,-0.1399,-0.1862,-0.0463,-0.2278,-0.2178,0.5864,0.3991,0.0416,0.0654,1.3309
frost,4,s3,0.9514,0.8223,0.3023,0.4926,-0.1450,-0.1938,-0.0489,-0.2323,-0.2307,0.5900,0.3992,0.0438,0.0702,1.3371
frost,5,s3,0.9471,0.8040,0.3056,0.5036,-0.1670,-0.2177,-0.0507,-0.2692,-0.2457,0.5925,0.3958,0.0435,0.0690,1.3034
fog,1,s3,0.9742,0.9068,0.1895,0.3709,-0.0591,-0.0969,-0.0378,-0.1094,-0.1492,0.6198,0.3656,0.0923,0.1565,1.6399
fog,2,s3,0.9668,0.8891,0.2015,0.4166,-0.0773,-0.1172,-0.0399,-0.1423,-0.1623,0.6127,0.3567,0.0840,0.1389,1.5156
fog,3,s3,0.9605,0.8734,0.2111,0.4501,-0.0949,-0.1352,-0.0403,-0.1734,-0.1698,0.6046,0.3513,0.0754,0.1209,1.4249
fog,4,s3,0.9605,0.8711,0.2189,0.4560,-0.0946,-0.1364,-0.0418,-0.1703,-0.1756,0.5999,0.3555,0.0760,0.1184,1.4417
fog,5,s3,0.9533,0.8494,0.2403,0.4895,-0.1167,-0.1615,-0.0448,-0.2023,-0.1964,0.5881,0.3580,0.0705,0.0974,1.3840
brightness,1,s3,0.9959,0.9891,0.1036,0.1067,-0.0029,-0.0096,-0.0067,-0.0089,-0.0198,0.5317,0.4583,0.0204,0.0195,3.3439
brightness,2,s3,0.9903,0.9753,0.1780,0.2315,-0.0129,-0.0227,-0.0099,-0.0326,-0.0292,0.5323,0.4429,0.0188,0.0113,1.7698
brightness,3,s3,0.9831,0.9592,0.2193,0.3122,-0.0299,-0.0395,-0.0097,-0.0689,-0.0302,0.5310,0.4283,0.0161,0.0058,1.3231
brightness,4,s3,0.9744,0.9387,0.2439,0.3743,-0.0544,-0.0619,-0.0075,-0.1185,-0.0273,0.5304,0.4143,0.0135,0.0028,1.1373
brightness,5,s3,0.9646,0.9162,0.2568,0.4208,-0.0848,-0.0886,-0.0038,-0.1779,-0.0222,0.5312,0.4013,0.0116,0.0012,1.0448
contrast,1,s3,0.9712,0.9033,0.1683,0.3777,-0.0738,-0.1029,-0.0291,-0.1333,-0.1270,0.6145,0.3491,0.0814,0.1178,1.3940
contrast,2,s3,0.9593,0.8737,0.1867,0.4459,-0.1070,-0.1382,-0.0311,-0.1914,-0.1454,0.6050,0.3381,0.0700,0.0956,1.2906
contrast,3,s3,0.9409,0.8298,0.2018,0.5122,-0.1639,-0.1944,-0.0305,-0.2894,-0.1629,0.5934,0.3249,0.0556,0.0698,1.1860
contrast,4,s3,0.9049,0.7469,0.2159,0.5830,-0.2942,-0.3166,-0.0224,-0.5099,-0.1787,0.5777,0.3075,0.0365,0.0394,1.0762
contrast,5,s3,0.8661,0.6525,0.2224,0.6269,-0.4865,-0.4962,-0.0097,-0.8299,-0.1927,0.5630,0.2934,0.0243,0.0236,1.0200
elastic_transform,1,s3,0.9977,0.9701,0.2930,0.2502,0.0093,-0.0251,-0.0344,0.0089,-0.1014,0.5932,0.5243,0.0376,0.0537,-2.6949
elastic_transform,2,s3,1.0009,0.9626,0.3313,0.2908,0.0101,-0.0324,-0.0425,0.0038,-0.1230,0.5920,0.5217,0.0357,0.0465,-3.1920
elastic_transform,3,s3,1.0059,0.9543,0.3646,0.3308,0.0086,-0.0419,-0.0505,-0.0093,-0.1420,0.5871,0.5160,0.0313,0.0373,-4.8954
elastic_transform,4,s3,1.0103,0.9484,0.3819,0.3524,0.0064,-0.0487,-0.0551,-0.0210,-0.1518,0.5840,0.5135,0.0286,0.0322,-7.5820
elastic_transform,5,s3,1.0169,0.9426,0.3982,0.3726,0.0035,-0.0556,-0.0591,-0.0370,-0.1581,0.5798,0.5109,0.0250,0.0263,-15.9379
pixelate,1,s3,0.9949,0.9144,0.2581,0.3545,-0.0519,-0.0891,-0.0371,-0.0815,-0.1407,0.6124,0.4384,0.0593,0.0798,1.7145
pixelate,2,s3,0.9910,0.8910,0.2704,0.4026,-0.0857,-0.1189,-0.0332,-0.1407,-0.1397,0.5961,0.4243,0.0445,0.0522,1.3869
pixelate,3,s3,0.9983,0.8299,0.3133,0.4660,-0.1594,-0.2085,-0.0490,-0.2822,-0.2098,0.6038,0.4175,0.0448,0.0442,1.3076
pixelate,4,s3,0.9982,0.7753,0.3201,0.5127,-0.2627,-0.3047,-0.0420,-0.4887,-0.2032,0.5869,0.3981,0.0296,0.0240,1.1597
pixelate,5,s3,0.9968,0.7332,0.3171,0.5431,-0.3580,-0.3908,-0.0328,-0.6812,-0.1863,0.5753,0.3816,0.0226,0.0148,1.0916
jpeg_compression,1,s3,1.0126,0.9273,0.3440,0.3504,0.0095,-0.0622,-0.0717,-0.0091,-0.2193,0.6094,0.4851,0.0677,0.1000,-6.5820
jpeg_compression,2,s3,1.0293,0.9194,0.3830,0.3670,0.0192,-0.0700,-0.0892,-0.0091,-0.2671,0.6125,0.4972,0.0661,0.0899,-3.6446
jpeg_compression,3,s3,1.0400,0.9155,0.4002,0.3772,0.0206,-0.0750,-0.0956,-0.0182,-0.2832,0.6096,0.5015,0.0610,0.0796,-3.6332
jpeg_compression,4,s3,1.0622,0.9099,0.4269,0.3996,0.0118,-0.0873,-0.0991,-0.0628,-0.2865,0.5959,0.5052,0.0448,0.0528,-7.3852
jpeg_compression,5,s3,1.0742,0.9057,0.4324,0.4227,-0.0187,-0.1046,-0.0859,-0.1449,-0.2415,0.5764,0.4982,0.0276,0.0282,5.5852
speckle_noise,1,s3,0.9348,0.9068,0.1867,0.4852,-0.1774,-0.1203,0.0571,-0.2843,0.1197,0.4446,0.3280,0.0279,0.0382,0.6783
speckle_noise,2,s3,0.9147,0.8760,0.1971,0.5310,-0.2364,-0.1627,0.0737,-0.3897,0.1592,0.4439,0.3160,0.0322,0.0442,0.6882
speckle_noise,3,s3,0.8642,0.7931,0.2048,0.6108,-0.4227,-0.2978,0.1249,-0.7287,0.2867,0.4316,0.2864,0.0463,0.0630,0.7046
speckle_noise,4,s3,0.8371,0.7459,0.2028,0.6424,-0.5495,-0.3919,0.1576,-0.9603,0.3717,0.4220,0.2716,0.0548,0.0738,0.7132
speckle_noise,5,s3,0.8066,0.6891,0.1987,0.6741,-0.7258,-0.5283,0.1975,-1.2825,0.4787,0.4099,0.2555,0.0640,0.0850,0.7278
gaussian_blur,1,s3,0.9784,0.9454,0.2435,0.3463,-0.0394,-0.0523,-0.0129,-0.0640,-0.0498,0.5430,0.4476,0.0162,0.0152,1.3281
gaussian_blur,2,s3,0.9388,0.8572,0.2819,0.4750,-0.1575,-0.1594,-0.0020,-0.2769,-0.0450,0.5415,0.4027,0.0094,0.0035,1.0124
gaussian_blur,3,s3,0.9095,0.7919,0.2856,0.5222,-0.2830,-0.2589,0.0241,-0.4927,-0.0001,0.5368,0.3826,0.0068,0.0000,0.9150
gaussian_blur,4,s3,0.8877,0.7411,0.2835,0.5518,-0.4075,-0.3552,0.0523,-0.7021,0.0579,0.5273,0.3668,0.0079,0.0021,0.8717
gaussian_blur,5,s3,0.8597,0.6681,0.2721,0.5889,-0.6191,-0.5352,0.0840,-1.0558,0.1234,0.5143,0.3414,0.0113,0.0064,0.8644
spatter,1,s3,1.0128,1.0007,0.1638,0.0787,0.0325,0.0076,-0.0249,0.0583,-0.0748,0.6007,0.5737,0.0638,0.0936,0.2335
spatter,2,s3,1.0818,0.9845,0.4304,0.2919,0.0847,-0.0072,-0.0919,0.1512,-0.2790,0.6191,0.5699,0.0737,0.0918,-0.0847
spatter,3,s3,1.0549,0.9298,0.4016,0.3800,0.0104,-0.0695,-0.0799,0.0211,-0.2557,0.5968,0.5075,0.0471,0.0576,-6.6653
spatter,4,s3,1.1234,0.9465,0.4364,0.3975,0.0353,-0.0639,-0.0993,0.0142,-0.3027,0.5904,0.5126,0.0479,0.0454,-1.8091
spatter,5,s3,1.1237,0.9086,0.4216,0.4398,-0.0266,-0.1138,-0.0872,-0.1009,-0.2725,0.5773,0.4862,0.0349,0.0289,4.2808
saturate,1,s3,0.9838,0.9620,0.1541,0.2239,-0.0534,-0.0449,0.0085,-0.0752,-0.0057,0.5264,0.4025,0.0079,0.0003,0.8407
saturate,2,s3,0.9714,0.9370,0.2027,0.3136,-0.1003,-0.0801,0.0202,-0.1446,0.0087,0.5341,0.4065,0.0068,0.0003,0.7989
saturate,3,s3,1.0000,1.0001,0.1522,0.1668,-0.0012,-0.0001,0.0010,-0.0074,0.0125,0.4768,0.4887,0.0121,0.0026,0.1073
saturate,4,s3,0.9932,0.9693,0.2727,0.3257,-0.0324,-0.0321,0.0003,-0.0712,0.0102,0.5159,0.4696,0.0134,0.0003,0.9912
saturate,5,s3,0.9908,0.9493,0.3014,0.3850,-0.0666,-0.0604,0.0063,-0.1467,0.0266,0.5180,0.4523,0.0110,0.0011,0.9060
gaussian_noise,1,s4,0.8847,0.8857,0.3043,0.5253,-0.1643,-0.1502,0.0142,-0.1704,0.0238,0.4756,0.3807,0.0065,0.0040,0.9137
gaussian_noise,2,s4,0.8306,0.8246,0.2969,0.5738,-0.2676,-0.2433,0.0242,-0.2768,0.0439,0.4665,0.3549,0.0082,0.0079,0.9095
gaussian_noise,3,s4,0.7455,0.7243,0.2670,0.6373,-0.4929,-0.4464,0.0465,-0.5034,0.0902,0.4430,0.3102,0.0121,0.0193,0.9057
gaussian_noise,4,s4,0.6325,0.5827,0.2199,0.7122,-0.9376,-0.8690,0.0686,-0.9455,0.1430,0.4068,0.2507,0.0180,0.0269,0.9269
gaussian_noise,5,s4,0.5003,0.3864,0.1597,0.7974,-1.9139,-1.9212,-0.0073,-1.9153,0.0209,0.3789,0.1795,0.0206,0.0002,1.0038
shot_noise,1,s4,0.8915,0.8938,0.3037,0.5182,-0.1610,-0.1433,0.0176,-0.1667,0.0316,0.4718,0.3833,0.0073,0.0074,0.8904
shot_noise,2,s4,0.8381,0.8311,0.2986,0.5693,-0.2704,-0.2427,0.0277,-0.2784,0.0517,0.4626,0.3580,0.0090,0.0111,0.8976
shot_noise,3,s4,0.7672,0.7484,0.2756,0.6234,-0.4577,-0.4124,0.0453,-0.4663,0.0881,0.4443,0.3210,0.0122,0.0197,0.9011
shot_noise,4,s4,0.6486,0.5920,0.2254,0.7056,-0.9452,-0.8831,0.0621,-0.9505,0.1315,0.4080,0.2569,0.0175,0.0225,0.9343
shot_noise,5,s4,0.5691,0.4708,0.1886,0.7595,-1.4931,-1.4655,0.0276,-1.4950,0.0798,0.3882,0.2125,0.0189,0.0048,0.9815
impulse_noise,1,s4,0.8750,0.8040,0.2995,0.5945,-0.4130,-0.3848,0.0282,-0.4050,0.0608,0.4360,0.3480,0.0087,0.0076,0.9317
impulse_noise,2,s4,0.7909,0.7443,0.2726,0.6312,-0.5139,-0.4623,0.0516,-0.5115,0.1043,0.4267,0.3164,0.0140,0.0228,0.8996
impulse_noise,3,s4,0.7322,0.6924,0.2529,0.6613,-0.6269,-0.5616,0.0652,-0.6291,0.1311,0.4186,0.2919,0.0172,0.0329,0.8959
impulse_noise,4,s4,0.6164,0.5535,0.2100,0.7264,-1.0457,-0.9740,0.0717,-1.0504,0.1508,0.3978,0.2390,0.0184,0.0267,0.9314
impulse_noise,5,s4,0.5037,0.3861,0.1615,0.7953,-1.8727,-1.8731,-0.0003,-1.8725,0.0324,0.3808,0.1815,0.0166,0.0005,1.0002
defocus_blur,1,s4,0.9602,0.9529,0.3795,0.4384,-0.0312,-0.0377,-0.0065,-0.0437,-0.0094,0.5042,0.4639,0.0053,0.0008,1.2088
defocus_blur,2,s4,0.9386,0.9242,0.3825,0.4694,-0.0625,-0.0701,-0.0076,-0.0785,-0.0111,0.5040,0.4514,0.0059,0.0007,1.1212
defocus_blur,3,s4,0.9092,0.8803,0.3800,0.5042,-0.1287,-0.1329,-0.0042,-0.1466,-0.0039,0.4989,0.4337,0.0067,0.0001,1.0327
defocus_blur,4,s4,0.8844,0.8428,0.3711,0.5301,-0.2066,-0.2025,0.0041,-0.2256,0.0141,0.4902,0.4170,0.0072,0.0005,0.9802
defocus_blur,5,s4,0.8559,0.8051,0.3570,0.5542,-0.2964,-0.2824,0.0140,-0.3152,0.0353,0.4807,0.3980,0.0083,0.0024,0.9528
glass_blur,1,s4,0.9023,0.8957,0.3241,0.5108,-0.1411,-0.1226,0.0184,-0.1507,0.0415,0.4707,0.3992,0.0081,0.0122,0.8694
glass_blur,2,s4,0.8665,0.8426,0.3278,0.5480,-0.2252,-0.2003,0.0249,-0.2381,0.0564,0.4683,0.3844,0.0088,0.0120,0.8893
glass_blur,3,s4,0.7824,0.7076,0.2994,0.6192,-0.5518,-0.4956,0.0562,-0.5630,0.1273,0.4410,0.3363,0.0154,0.0264,0.8982
glass_blur,4,s4,0.7666,0.6844,0.2970,0.6264,-0.6142,-0.5596,0.0546,-0.6264,0.1265,0.4422,0.3319,0.0150,0.0235,0.9111
glass_blur,5,s4,0.7705,0.6793,0.3077,0.6183,-0.5995,-0.5569,0.0426,-0.6153,0.1030,0.4541,0.3416,0.0124,0.0143,0.9290
motion_blur,1,s4,0.9664,0.9511,0.3555,0.4364,-0.0561,-0.0597,-0.0036,-0.0571,-0.0082,0.4992,0.4518,0.0049,0.0008,1.0646
motion_blur,2,s4,0.9361,0.9057,0.3580,0.4919,-0.1238,-0.1249,-0.0010,-0.1258,-0.0035,0.4921,0.4274,0.0049,0.0001,1.0084
motion_blur,3,s4,0.8986,0.8459,0.3485,0.5369,-0.2320,-0.2289,0.0030,-0.2355,0.0052,0.4830,0.4017,0.0051,0.0001,0.9869
motion_blur,4,s4,0.8632,0.7845,0.3349,0.5718,-0.3648,-0.3571,0.0076,-0.3688,0.0157,0.4739,0.3784,0.0057,0.0006,0.9790
motion_blur,5,s4,0.8368,0.7462,0.3243,0.5907,-0.4557,-0.4447,0.0110,-0.4596,0.0235,0.4684,0.3639,0.0064,0.0011,0.9759
zoom_blur,1,s4,0.8906,0.8550,0.3572,0.5300,-0.1872,-0.1775,0.0097,-0.1913,0.0167,0.4818,0.4099,0.0062,0.0009,0.9481
zoom_blur,2,s4,0.8629,0.8169,0.3483,0.5524,-0.2636,-0.2457,0.0179,-0.2679,0.0335,0.4747,0.3950,0.0073,0.0028,0.9320
zoom_blur,3,s4,0.8459,0.7955,0.3432,0.5586,-0.2905,-0.2711,0.0194,-0.2918,0.0341,0.4778,0.3892,0.0076,0.0029,0.9331
zoom_blur,4,s4,0.8290,0.7737,0.3375,0.5707,-0.3450,-0.3196,0.0254,-0.3452,0.0470,0.4726,0.3806,0.0086,0.0049,0.9263
zoom_blur,5,s4,0.8161,0.7597,0.3329,0.5755,-0.3551,-0.3292,0.0259,-0.3554,0.0467,0.4745,0.3759,0.0089,0.0050,0.9270
snow,1,s4,0.9345,0.8647,0.3349,0.5350,-0.2354,-0.2476,-0.0122,-0.2391,-0.0185,0.4764,0.3951,0.0058,0.0010,1.0516
snow,2,s4,0.8353,0.7694,0.2999,0.6036,-0.4588,-0.4287,0.0301,-0.4535,0.0647,0.4459,0.3448,0.0098,0.0095,0.9343
snow,3,s4,0.8690,0.7790,0.3190,0.5859,-0.3968,-0.3917,0.0051,-0.4041,0.0143,0.4645,0.3635,0.0072,0.0004,0.9870
snow,4,s4,0.8375,0.7314,0.3099,0.6077,-0.5078,-0.4949,0.0129,-0.5192,0.0328,0.4568,0.3485,0.0082,0.0017,0.9746
snow,5,s4,0.7821,0.7130,0.2876,0.6305,-0.5965,-0.5491,0.0474,-0.5961,0.1006,0.4362,0.3257,0.0133,0.0183,0.9206
frost,1,s4,0.9042,0.9027,0.3158,0.5020,-0.1191,-0.1131,0.0061,-0.1252,0.0084,0.4844,0.3980,0.0067,0.0006,0.9491
frost,2,s4,0.8412,0.8240,0.3078,0.5662,-0.2403,-0.2232,0.0171,-0.2503,0.0305,0.4737,0.3650,0.0085,0.0037,0.9290
frost,3,s4,0.8076,0.7761,0.3008,0.5933,-0.3247,-0.3002,0.0246,-0.3378,0.0469,0.4676,0.3490,0.0099,0.0064,0.9243
frost,4,s4,0.8005,0.7672,0.2978,0.5985,-0.3421,-0.3171,0.0250,-0.3549,0.0479,0.4667,0.3451,0.0100,0.0065,0.9269
frost,5,s4,0.7784,0.7380,0.2930,0.6122,-0.3973,-0.3692,0.0281,-0.4123,0.0554,0.4643,0.3363,0.0105,0.0074,0.9292
fog,1,s4,0.9330,0.9361,0.2642,0.4563,-0.0772,-0.0661,0.0111,-0.0798,0.0213,0.4766,0.3853,0.0073,0.0121,0.8560
fog,2,s4,0.9186,0.9207,0.2759,0.4874,-0.0983,-0.0837,0.0147,-0.1019,0.0286,0.4736,0.3798,0.0082,0.0148,0.8509
fog,3,s4,0.9052,0.9062,0.2864,0.5085,-0.1178,-0.1014,0.0164,-0.1222,0.0325,0.4732,0.3768,0.0087,0.0137,0.8608
fog,4,s4,0.9064,0.9021,0.2939,0.5087,-0.1154,-0.1043,0.0111,-0.1191,0.0215,0.4793,0.3819,0.0073,0.0052,0.9039
fog,5,s4,0.8934,0.8760,0.3059,0.5309,-0.1472,-0.1401,0.0071,-0.1493,0.0132,0.4813,0.3793,0.0068,0.0011,0.9516
brightness,1,s4,0.9905,0.9905,0.2067,0.2204,-0.0086,-0.0103,-0.0017,-0.0094,-0.0041,0.5028,0.4708,0.0053,0.0018,1.1925
brightness,2,s4,0.9751,0.9745,0.2957,0.3591,-0.0294,-0.0290,0.0004,-0.0310,-0.0004,0.4963,0.4532,0.0055,0.0000,0.9859
brightness,3,s4,0.9570,0.9543,0.3237,0.4284,-0.0603,-0.0547,0.0056,-0.0627,0.0097,0.4882,0.4365,0.0058,0.0011,0.9074
brightness,4,s4,0.9359,0.9286,0.3318,0.4759,-0.1042,-0.0916,0.0126,-0.1073,0.0241,0.4797,0.4194,0.0065,0.0038,0.8787
brightness,5,s4,0.9134,0.9002,0.3311,0.5106,-0.1575,-0.1369,0.0206,-0.1614,0.0405,0.4721,0.4032,0.0077,0.0073,0.8691
contrast,1,s4,0.9299,0.9320,0.2442,0.4680,-0.0970,-0.0797,0.0173,-0.0974,0.0343,0.4628,0.3687,0.0105,0.0303,0.8218
contrast,2,s4,0.9041,0.9073,0.2606,0.5165,-0.1386,-0.1136,0.0249,-0.1399,0.0503,0.4570,0.3582,0.0133,0.0367,0.8202
contrast,3,s4,0.8632,0.8685,0.2701,0.5642,-0.2095,-0.1711,0.0384,-0.2135,0.0791,0.4478,0.3438,0.0183,0.0479,0.8167
contrast,4,s4,0.7817,0.7880,0.2662,0.6238,-0.3847,-0.3159,0.0687,-0.3965,0.1460,0.4297,0.3159,0.0293,0.0703,0.8213
contrast,5,s4,0.6832,0.6900,0.2472,0.6763,-0.6822,-0.5777,0.1045,-0.7054,0.2302,0.4064,0.2820,0.0400,0.0881,0.8468
elastic_transform,1,s4,0.9786,0.9571,0.3696,0.4195,-0.0308,-0.0458,-0.0150,-0.0362,-0.0289,0.5126,0.4699,0.0069,0.0052,1.4888
elastic_transform,2,s4,0.9695,0.9332,0.3768,0.4579,-0.0738,-0.0869,-0.0131,-0.0809,-0.0230,0.5051,0.4554,0.0059,0.0020,1.1771
elastic_transform,3,s4,0.9594,0.8987,0.3770,0.4945,-0.1454,-0.1549,-0.0095,-0.1549,-0.0125,0.4955,0.4380,0.0052,0.0004,1.0652
elastic_transform,4,s4,0.9537,0.8729,0.3744,0.5147,-0.2039,-0.2124,-0.0085,-0.2150,-0.0076,0.4893,0.4269,0.0049,0.0001,1.0414
elastic_transform,5,s4,0.9509,0.8405,0.3705,0.5354,-0.2835,-0.2927,-0.0092,-0.2966,-0.0055,0.4828,0.4151,0.0048,0.0000,1.0324
pixelate,1,s4,0.9343,0.9140,0.3086,0.4974,-0.1541,-0.1366,0.0175,-0.1487,0.0350,0.4613,0.3960,0.0070,0.0091,0.8867
pixelate,2,s4,0.9156,0.8784,0.3106,0.5340,-0.2354,-0.2130,0.0224,-0.2272,0.0463,0.4540,0.3807,0.0078,0.0099,0.9050
pixelate,3,s4,0.8639,0.7541,0.2870,0.6199,-0.6065,-0.5831,0.0234,-0.5818,0.0602,0.4285,0.3288,0.0099,0.0062,0.9615
pixelate,4,s4,0.8093,0.6273,0.2538,0.6808,-1.1118,-1.1304,-0.0186,-1.0777,-0.0028,0.4155,0.2831,0.0136,0.0000,1.0167
pixelate,5,s4,0.7645,0.5385,0.2256,0.7219,-1.5662,-1.6512,-0.0850,-1.5380,-0.1163,0.4127,0.2490,0.0182,0.0087,1.0543
jpeg_compression,1,s4,0.9354,0.9073,0.3480,0.4938,-0.1143,-0.1150,-0.0007,-0.1204,-0.0023,0.4886,0.4209,0.0069,0.0000,1.0062
jpeg_compression,2,s4,0.9322,0.8762,0.3571,0.5191,-0.1725,-0.1773,-0.0048,-0.1764,-0.0107,0.4841,0.4146,0.0068,0.0003,1.0278
jpeg_compression,3,s4,0.9309,0.8558,0.3584,0.5328,-0.2209,-0.2259,-0.0050,-0.2231,-0.0105,0.4791,0.4092,0.0068,0.0002,1.0225
jpeg_compression,4,s4,0.9272,0.8040,0.3528,0.5621,-0.3682,-0.3721,-0.0040,-0.3643,-0.0047,0.4676,0.3928,0.0073,0.0000,1.0107
jpeg_compression,5,s4,0.9210,0.7554,0.3395,0.5887,-0.5433,-0.5478,-0.0045,-0.5334,0.0026,0.4553,0.3734,0.0080,0.0000,1.0083
speckle_noise,1,s4,0.9144,0.9205,0.2989,0.4874,-0.1299,-0.1124,0.0175,-0.1339,0.0321,0.4700,0.3941,0.0077,0.0104,0.8652
speckle_noise,2,s4,0.8905,0.8935,0.3046,0.5195,-0.1740,-0.1518,0.0221,-0.1792,0.0413,0.4664,0.3833,0.0085,0.0118,0.8728
speckle_noise,3,s4,0.8185,0.8085,0.2924,0.5871,-0.3444,-0.3036,0.0408,-0.3507,0.0794,0.4488,0.3464,0.0123,0.0211,0.8816
speckle_noise,4,s4,0.7746,0.7550,0.2777,0.6214,-0.4811,-0.4292,0.0519,-0.4870,0.1037,0.4364,0.3234,0.0149,0.0260,0.8920
speckle_noise,5,s4,0.7187,0.6824,0.2557,0.6611,-0.6979,-0.6359,0.0620,-0.7026,0.1286,0.4195,0.2935,0.0180,0.0281,0.9111
gaussian_blur,1,s4,0.9869,0.9844,0.3568,0.3665,0.0026,-0.0046,-0.0073,-0.0053,-0.0120,0.5090,0.4857,0.0049,0.0032,-1.7753
gaussian_blur,2,s4,0.9415,0.9268,0.3781,0.4664,-0.0605,-0.0680,-0.0075,-0.0768,-0.0104,0.5042,0.4501,0.0057,0.0007,1.1236
gaussian_blur,3,s4,0.9070,0.8781,0.3755,0.5047,-0.1275,-0.1334,-0.0058,-0.1470,-0.0068,0.5010,0.4311,0.0065,0.0002,1.0457
gaussian_blur,4,s4,0.8783,0.8372,0.3672,0.5317,-0.2055,-0.2038,0.0017,-0.2257,0.0090,0.4933,0.4139,0.0071,0.0002,0.9915
gaussian_blur,5,s4,0.8299,0.7699,0.3450,0.5736,-0.3804,-0.3608,0.0195,-0.4000,0.0477,0.4756,0.3826,0.0090,0.0037,0.9487
spatter,1,s4,1.0047,0.9947,0.2538,0.2253,0.0107,-0.0126,-0.0232,0.0119,-0.0480,0.5314,0.4983,0.0151,0.0415,-1.1768
spatter,2,s4,1.0218,0.9326,0.3946,0.4545,-0.0930,-0.1485,-0.0555,-0.0988,-0.1014,0.5190,0.4654,0.0130,0.0236,1.5962
spatter,3,s4,0.9567,0.8706,0.3574,0.5209,-0.2431,-0.2692,-0.0261,-0.2458,-0.0394,0.4859,0.4143,0.0063,0.0032,1.1075
spatter,4,s4,0.9729,0.8175,0.3335,0.5767,-0.4458,-0.4704,-0.0246,-0.4509,-0.0380,0.4566,0.3742,0.0076,0.0017,1.0552
spatter,5,s4,0.8948,0.7349,0.3049,0.6223,-0.6855,-0.6940,-0.0085,-0.6861,-0.0033,0.4383,0.3383,0.0097,0.0000,1.0124
saturate,1,s4,0.9625,0.9691,0.2459,0.3533,-0.0469,-0.0329,0.0141,-0.0485,0.0278,0.4553,0.4137,0.0084,0.0325,0.7004
saturate,2,s4,0.9516,0.9554,0.2830,0.4084,-0.0663,-0.0491,0.0171,-0.0684,0.0348,0.4555,0.4107,0.0084,0.0281,0.7417
saturate,3,s4,1.0000,0.9934,0.2764,0.2681,-0.0044,-0.0102,-0.0057,-0.0027,-0.0115,0.4983,0.4793,0.0064,0.0080,2.2882
saturate,4,s4,0.9669,0.9466,0.3374,0.4280,-0.0651,-0.0730,-0.0079,-0.0593,-0.0175,0.5003,0.4453,0.0066,0.0031,1.1214
saturate,5,s4,0.9433,0.9078,0.3347,0.4882,-0.1439,-0.1484,-0.0045,-0.1341,-0.0100,0.4856,0.4156,0.0054,0.0005,1.0314
