key_stage,images,jaccard,jaccard_random,neighbours_kept,neighbours_kept_s1,neighbours_kept_s2,neighbours_kept_s3,neighbours_kept_s4,neighbours_kept_s5
s1,all,0.1419,0.0847,0.2405,0.3513,0.2568,0.2327,0.1926,0.1688
s1,development,0.1423,0.0843,0.2398,0.3504,0.2556,0.2320,0.1926,0.1686
s1,untouched,0.1416,0.0850,0.2409,0.3520,0.2576,0.2332,0.1927,0.1689
s2,all,0.1529,0.0847,0.2402,0.3933,0.2744,0.2266,0.1702,0.1367
s2,development,0.1530,0.0843,0.2390,0.3921,0.2723,0.2252,0.1694,0.1358
s2,untouched,0.1528,0.0850,0.2411,0.3941,0.2758,0.2275,0.1707,0.1372
s3,all,0.1787,0.0847,0.2876,0.4803,0.3385,0.2683,0.1962,0.1547
s3,development,0.1787,0.0843,0.2862,0.4790,0.3364,0.2667,0.1949,0.1541
s3,untouched,0.1787,0.0850,0.2885,0.4811,0.3398,0.2693,0.1970,0.1550
s4,all,0.2172,0.0847,0.4158,0.6336,0.5004,0.3976,0.3052,0.2422
s4,development,0.2176,0.0843,0.4137,0.6325,0.4986,0.3948,0.3026,0.2398
s4,untouched,0.2170,0.0850,0.4172,0.6343,0.5016,0.3995,0.3069,0.2437
