group,severity,global_level,level,peak_share,two_axis,level-global_level,level-global_level_low,level-global_level_high,peak_share-level,peak_share-level_low,peak_share-level_high,two_axis-level,two_axis-level_low,two_axis-level_high,two_axis-global_level,two_axis-global_level_low,two_axis-global_level_high
common,1,0.7004,0.7612,0.8161,0.8626,0.0607,0.0581,0.0635,0.0549,0.0519,0.0578,0.1014,0.0978,0.1048,0.1622,0.1582,0.1664
common,2,0.7648,0.8148,0.8774,0.9047,0.0501,0.0475,0.0529,0.0626,0.0597,0.0654,0.0898,0.0866,0.0927,0.1399,0.1363,0.1434
common,3,0.8092,0.8500,0.9135,0.9262,0.0408,0.0382,0.0436,0.0635,0.0607,0.0662,0.0762,0.0731,0.0790,0.1170,0.1135,0.1203
common,4,0.8486,0.8781,0.9347,0.9397,0.0295,0.0271,0.0321,0.0565,0.0540,0.0591,0.0616,0.0588,0.0643,0.0911,0.0879,0.0942
common,5,0.8759,0.8986,0.9497,0.9513,0.0228,0.0207,0.0251,0.0510,0.0486,0.0535,0.0527,0.0500,0.0552,0.0754,0.0726,0.0783
extra,1,0.6241,0.6830,0.6794,0.7055,0.0588,0.0563,0.0616,-0.0035,-0.0061,-0.0011,0.0225,0.0191,0.0260,0.0814,0.0772,0.0851
extra,2,0.8033,0.8577,0.8482,0.8486,0.0544,0.0514,0.0573,-0.0094,-0.0126,-0.0064,-0.0091,-0.0127,-0.0059,0.0453,0.0410,0.0495
extra,3,0.8594,0.8814,0.8721,0.8593,0.0219,0.0200,0.0238,-0.0093,-0.0117,-0.0072,-0.0221,-0.0246,-0.0196,-0.0001,-0.0031,0.0024
extra,4,0.9147,0.9430,0.9376,0.9236,0.0283,0.0265,0.0301,-0.0054,-0.0076,-0.0034,-0.0194,-0.0216,-0.0173,0.0089,0.0063,0.0112
extra,5,0.9465,0.9654,0.9658,0.9553,0.0190,0.0174,0.0205,0.0004,-0.0015,0.0021,-0.0101,-0.0118,-0.0084,0.0089,0.0069,0.0107
