images,row,group,auroc,aupr,fpr95
all,two_axis,common,0.9169,0.8890,0.2263
all,two_axis,extra,0.8584,0.8338,0.3605
all,sum_of_arms,common,0.9168,0.8960,0.2371
all,sum_of_arms,extra,0.8332,0.8052,0.4066
all,flatter_arm,common,0.6980,0.7379,0.5139
all,flatter_arm,extra,0.5701,0.6130,0.7060
all,level_arm,common,0.8406,0.7937,0.3611
all,level_arm,extra,0.8661,0.8314,0.3267
untouched,two_axis,common,0.9164,0.8867,0.2268
untouched,two_axis,extra,0.8578,0.8320,0.3618
untouched,sum_of_arms,common,0.9156,0.8943,0.2390
untouched,sum_of_arms,extra,0.8317,0.8037,0.4091
untouched,flatter_arm,common,0.6974,0.7377,0.5165
untouched,flatter_arm,extra,0.5691,0.6124,0.7064
untouched,level_arm,common,0.8401,0.7927,0.3625
untouched,level_arm,extra,0.8655,0.8299,0.3278
held_out,two_axis,common,0.9167,0.8883,0.2261
held_out,two_axis,extra,0.8583,0.8333,0.3601
held_out,sum_of_arms,common,0.9169,0.8958,0.2360
held_out,sum_of_arms,extra,0.8333,0.8051,0.4057
held_out,flatter_arm,common,0.6982,0.7380,0.5127
held_out,flatter_arm,extra,0.5702,0.6130,0.7050
held_out,level_arm,common,0.8405,0.7934,0.3605
held_out,level_arm,extra,0.8659,0.8309,0.3267
