statistic,stage,images,sd_ratio_median,sd_ratio_q25,sd_ratio_q75,variance_explained_median,rms_ratio_pooled
level,s1,zstats,0.8023,0.7298,0.8527,0.3564,0.7983
level,s1,val,0.7998,0.7239,0.8443,0.3602,0.7955
level,s2,zstats,0.7470,0.6571,0.8157,0.4420,0.7577
level,s2,val,0.7485,0.6574,0.8167,0.4397,0.7582
level,s3,zstats,0.7191,0.6441,0.7778,0.4830,0.7260
level,s3,val,0.7239,0.6496,0.7842,0.4759,0.7296
share,s1,zstats,0.7753,0.7172,0.8120,0.3989,0.7817
share,s1,val,0.7827,0.7317,0.8120,0.3873,0.7881
share,s2,zstats,0.7301,0.6726,0.8044,0.4669,0.7523
share,s2,val,0.7405,0.6794,0.8147,0.4516,0.7597
share,s3,zstats,0.7383,0.6717,0.8051,0.4549,0.7512
share,s3,val,0.7455,0.6759,0.8087,0.4442,0.7534
