score,backbone,common,extra,common_s1,fog_s1,gaussian_noise_s1
two_axis,trained,0.9297,0.8511,0.8877,0.9742,0.9453
two_axis,untrained,0.7267,0.7051,0.6473,0.5506,0.7311
flatter_arm,trained,0.7035,0.5545,0.7201,0.9811,0.1632
flatter_arm,untrained,0.5075,0.5154,0.5710,0.4215,0.6212
level_arm,trained,0.8449,0.8527,0.7709,0.5173,0.9753
level_arm,untrained,0.7450,0.7232,0.6666,0.6789,0.7983
peak_share,trained,0.9018,0.8450,0.8296,0.8363,0.9532
peak_share,untrained,0.7777,0.7027,0.6841,0.8714,0.7175
global_level,trained,0.8006,0.8169,0.7042,0.4647,0.9487
global_level,untrained,0.7807,0.7371,0.6988,0.8939,0.7615
global_level_s1,trained,0.7587,0.8194,0.6958,0.4955,0.9920
global_level_s1,untrained,0.7859,0.7480,0.7061,0.8873,0.7910
global_share_s1,trained,0.8431,0.7889,0.7711,0.8472,0.9430
global_share_s1,untrained,0.8008,0.7424,0.7206,0.9156,0.8229
global_flatter_s1,trained,0.6819,0.4969,0.7005,0.9523,0.3571
global_flatter_s1,untrained,0.4096,0.4374,0.4961,0.2263,0.5400
global_level_s2,trained,0.7969,0.8127,0.7086,0.4774,0.9396
global_level_s2,untrained,0.7758,0.7314,0.6913,0.8836,0.7509
global_share_s2,trained,0.8279,0.7861,0.7342,0.6663,0.8966
global_share_s2,untrained,0.7827,0.7009,0.6932,0.9322,0.7152
global_flatter_s2,trained,0.7356,0.5984,0.7569,0.9419,0.3958
global_flatter_s2,untrained,0.5070,0.5691,0.5509,0.1761,0.8480
global_level_s3,trained,0.7853,0.7585,0.6522,0.4461,0.6551
global_level_s3,untrained,0.7676,0.7226,0.6836,0.8977,0.7035
global_share_s3,trained,0.8114,0.7655,0.6850,0.5425,0.7381
global_share_s3,untrained,0.7708,0.6969,0.6820,0.9355,0.6820
global_flatter_s3,trained,0.5549,0.4760,0.5818,0.7428,0.2534
global_flatter_s3,untrained,0.5361,0.4850,0.5870,0.5636,0.5697
global_level_s4,trained,0.6015,0.5814,0.4957,0.4000,0.3959
global_level_s4,untrained,0.7622,0.7193,0.6779,0.8885,0.6825
global_share_s4,trained,0.7356,0.6789,0.5987,0.4801,0.5202
global_share_s4,untrained,0.7655,0.7016,0.6779,0.9208,0.6819
global_flatter_s4,trained,0.4334,0.4711,0.4768,0.4665,0.4639
global_flatter_s4,untrained,0.5843,0.4630,0.5923,0.7567,0.4287
