run,arm,family,severity,auroc
coco,two_axis,gaussian_noise,1,0.925578
coco,two_axis,gaussian_noise,2,0.983913
coco,two_axis,gaussian_noise,3,0.99708188
coco,two_axis,gaussian_noise,4,0.99953976
coco,two_axis,gaussian_noise,5,0.99998968
coco,two_axis,shot_noise,1,0.90792248
coco,two_axis,shot_noise,2,0.9798692
coco,two_axis,shot_noise,3,0.99519924
coco,two_axis,shot_noise,4,0.9993006
coco,two_axis,shot_noise,5,0.99980456
coco,two_axis,impulse_noise,1,0.98745296
coco,two_axis,impulse_noise,2,0.99472252
coco,two_axis,impulse_noise,3,0.9974008
coco,two_axis,impulse_noise,4,0.99961824
coco,two_axis,impulse_noise,5,0.99999168
coco,two_axis,defocus_blur,1,0.94770296
coco,two_axis,defocus_blur,2,0.96970968
coco,two_axis,defocus_blur,3,0.98161208
coco,two_axis,defocus_blur,4,0.98562144
coco,two_axis,defocus_blur,5,0.98892528
coco,two_axis,glass_blur,1,0.91460368
coco,two_axis,glass_blur,2,0.95350336
coco,two_axis,glass_blur,3,0.95933852
coco,two_axis,glass_blur,4,0.9627052
coco,two_axis,glass_blur,5,0.97712136
coco,two_axis,motion_blur,1,0.86660544
coco,two_axis,motion_blur,2,0.9225354
coco,two_axis,motion_blur,3,0.9508826
coco,two_axis,motion_blur,4,0.96550428
coco,two_axis,motion_blur,5,0.97212548
coco,two_axis,zoom_blur,1,0.9021624
coco,two_axis,zoom_blur,2,0.9239114
coco,two_axis,zoom_blur,3,0.93044012
coco,two_axis,zoom_blur,4,0.94242684
coco,two_axis,zoom_blur,5,0.94983208
coco,two_axis,snow,1,0.92240988
coco,two_axis,snow,2,0.96943984
coco,two_axis,snow,3,0.97285336
coco,two_axis,snow,4,0.98271804
coco,two_axis,snow,5,0.97645404
coco,two_axis,frost,1,0.7162918
coco,two_axis,frost,2,0.84436936
coco,two_axis,frost,3,0.88736332
coco,two_axis,frost,4,0.90278156
coco,two_axis,frost,5,0.91904644
coco,two_axis,fog,1,0.95165996
coco,two_axis,fog,2,0.9695902
coco,two_axis,fog,3,0.9782164
coco,two_axis,fog,4,0.97855908
coco,two_axis,fog,5,0.98567672
coco,two_axis,brightness,1,0.52917408
coco,two_axis,brightness,2,0.55999288
coco,two_axis,brightness,3,0.59626588
coco,two_axis,brightness,4,0.648902
coco,two_axis,brightness,5,0.70734552
coco,two_axis,contrast,1,0.94028456
coco,two_axis,contrast,2,0.96969648
coco,two_axis,contrast,3,0.98734676
coco,two_axis,contrast,4,0.99637892
coco,two_axis,contrast,5,0.99877592
coco,two_axis,elastic_transform,1,0.6834804
coco,two_axis,elastic_transform,2,0.7175176
coco,two_axis,elastic_transform,3,0.76023336
coco,two_axis,elastic_transform,4,0.79283036
coco,two_axis,elastic_transform,5,0.83518656
coco,two_axis,pixelate,1,0.85164668
coco,two_axis,pixelate,2,0.88262912
coco,two_axis,pixelate,3,0.95682688
coco,two_axis,pixelate,4,0.97980476
coco,two_axis,pixelate,5,0.9887986
coco,two_axis,jpeg_compression,1,0.89237376
coco,two_axis,jpeg_compression,2,0.92869092
coco,two_axis,jpeg_compression,3,0.94163492
coco,two_axis,jpeg_compression,4,0.95918032
coco,two_axis,jpeg_compression,5,0.97019892
coco,two_axis,speckle_noise,1,0.80113024
coco,two_axis,speckle_noise,2,0.89110876
coco,two_axis,speckle_noise,3,0.97848364
coco,two_axis,speckle_noise,4,0.99069864
coco,two_axis,speckle_noise,5,0.99635596
coco,two_axis,gaussian_blur,1,0.85314536
coco,two_axis,gaussian_blur,2,0.96710736
coco,two_axis,gaussian_blur,3,0.98128136
coco,two_axis,gaussian_blur,4,0.98506412
coco,two_axis,gaussian_blur,5,0.98856084
coco,two_axis,spatter,1,0.56797388
coco,two_axis,spatter,2,0.87412624
coco,two_axis,spatter,3,0.94024964
coco,two_axis,spatter,4,0.98982848
coco,two_axis,spatter,5,0.99700552
coco,two_axis,saturate,1,0.59967276
coco,two_axis,saturate,2,0.66198596
coco,two_axis,saturate,3,0.53713564
coco,two_axis,saturate,4,0.72864284
coco,two_axis,saturate,5,0.83932124
coco,flatter,gaussian_noise,1,0.20179148
coco,flatter,gaussian_noise,2,0.1055702
coco,flatter,gaussian_noise,3,0.03355148
coco,flatter,gaussian_noise,4,0.00884416
coco,flatter,gaussian_noise,5,0.00432184
coco,flatter,shot_noise,1,0.22180228
coco,flatter,shot_noise,2,0.11236748
coco,flatter,shot_noise,3,0.03912984
coco,flatter,shot_noise,4,0.00696896
coco,flatter,shot_noise,5,0.00306296
coco,flatter,impulse_noise,1,0.3212424
coco,flatter,impulse_noise,2,0.10479048
coco,flatter,impulse_noise,3,0.04461844
coco,flatter,impulse_noise,4,0.00853344
coco,flatter,impulse_noise,5,0.0041916
coco,flatter,defocus_blur,1,0.9618444
coco,flatter,defocus_blur,2,0.9793384
coco,flatter,defocus_blur,3,0.98894644
coco,flatter,defocus_blur,4,0.99171928
coco,flatter,defocus_blur,5,0.99436648
coco,flatter,glass_blur,1,0.93722552
coco,flatter,glass_blur,2,0.96562876
coco,flatter,glass_blur,3,0.96771644
coco,flatter,glass_blur,4,0.97170204
coco,flatter,glass_blur,5,0.9853522
coco,flatter,motion_blur,1,0.779119
coco,flatter,motion_blur,2,0.81900144
coco,flatter,motion_blur,3,0.83765392
coco,flatter,motion_blur,4,0.84432516
coco,flatter,motion_blur,5,0.85646248
coco,flatter,zoom_blur,1,0.93227964
coco,flatter,zoom_blur,2,0.94933204
coco,flatter,zoom_blur,3,0.9568894
coco,flatter,zoom_blur,4,0.9656462
coco,flatter,zoom_blur,5,0.9709336
coco,flatter,snow,1,0.72006472
coco,flatter,snow,2,0.4301838
coco,flatter,snow,3,0.58197284
coco,flatter,snow,4,0.5694714
coco,flatter,snow,5,0.37781548
coco,flatter,frost,1,0.7265454
coco,flatter,frost,2,0.86483508
coco,flatter,frost,3,0.9068348
coco,flatter,frost,4,0.92722792
coco,flatter,frost,5,0.94213584
coco,flatter,fog,1,0.97365024
coco,flatter,fog,2,0.98487456
coco,flatter,fog,3,0.99018032
coco,flatter,fog,4,0.99077112
coco,flatter,fog,5,0.99511588
coco,flatter,brightness,1,0.51219376
coco,flatter,brightness,2,0.49908984
coco,flatter,brightness,3,0.47935276
coco,flatter,brightness,4,0.4611682
coco,flatter,brightness,5,0.4524372
coco,flatter,contrast,1,0.96231268
coco,flatter,contrast,2,0.98222644
coco,flatter,contrast,3,0.99334312
coco,flatter,contrast,4,0.99851932
coco,flatter,contrast,5,0.99962236
coco,flatter,elastic_transform,1,0.71908912
coco,flatter,elastic_transform,2,0.73746484
coco,flatter,elastic_transform,3,0.752133
coco,flatter,elastic_transform,4,0.75920236
coco,flatter,elastic_transform,5,0.76467064
coco,flatter,pixelate,1,0.88213508
coco,flatter,pixelate,2,0.90239436
coco,flatter,pixelate,3,0.96337668
coco,flatter,pixelate,4,0.98044028
coco,flatter,pixelate,5,0.98521756
coco,flatter,jpeg_compression,1,0.90911384
coco,flatter,jpeg_compression,2,0.938876
coco,flatter,jpeg_compression,3,0.94854272
coco,flatter,jpeg_compression,4,0.95665888
coco,flatter,jpeg_compression,5,0.94900216
coco,flatter,speckle_noise,1,0.30313756
coco,flatter,speckle_noise,2,0.24220572
coco,flatter,speckle_noise,3,0.10706144
coco,flatter,speckle_noise,4,0.05908232
coco,flatter,speckle_noise,5,0.02651976
coco,flatter,gaussian_blur,1,0.88064776
coco,flatter,gaussian_blur,2,0.97674772
coco,flatter,gaussian_blur,3,0.98824656
coco,flatter,gaussian_blur,4,0.99157376
coco,flatter,gaussian_blur,5,0.9945866
coco,flatter,spatter,1,0.57253004
coco,flatter,spatter,2,0.82344996
coco,flatter,spatter,3,0.8442112
coco,flatter,spatter,4,0.66431396
coco,flatter,spatter,5,0.65465532
coco,flatter,saturate,1,0.6112728
coco,flatter,saturate,2,0.6292918
coco,flatter,saturate,3,0.39585884
coco,flatter,saturate,4,0.34952316
coco,flatter,saturate,5,0.28668084
coco,level,gaussian_noise,1,0.95866992
coco,level,gaussian_noise,2,0.9886038
coco,level,gaussian_noise,3,0.9974044
coco,level,gaussian_noise,4,0.9995462
coco,level,gaussian_noise,5,0.99998968
coco,level,shot_noise,1,0.94958364
coco,level,shot_noise,2,0.9864198
coco,level,shot_noise,3,0.99624748
coco,level,shot_noise,4,0.9994424
coco,level,shot_noise,5,0.9998628
coco,level,impulse_noise,1,0.99170312
coco,level,impulse_noise,2,0.99581844
coco,level,impulse_noise,3,0.99770764
coco,level,impulse_noise,4,0.99962184
coco,level,impulse_noise,5,0.99999168
coco,level,defocus_blur,1,0.86821312
coco,level,defocus_blur,2,0.90908804
coco,level,defocus_blur,3,0.9244566
coco,level,defocus_blur,4,0.933519
coco,level,defocus_blur,5,0.93908672
coco,level,glass_blur,1,0.762654
coco,level,glass_blur,2,0.86534464
coco,level,glass_blur,3,0.92123368
coco,level,glass_blur,4,0.92865092
coco,level,glass_blur,5,0.94800944
coco,level,motion_blur,1,0.86228644
coco,level,motion_blur,2,0.91839676
coco,level,motion_blur,3,0.94474992
coco,level,motion_blur,4,0.9605452
coco,level,motion_blur,5,0.96762016
coco,level,zoom_blur,1,0.73405104
coco,level,zoom_blur,2,0.76838864
coco,level,zoom_blur,3,0.68011816
coco,level,zoom_blur,4,0.7065306
coco,level,zoom_blur,5,0.64685944
coco,level,snow,1,0.95413356
coco,level,snow,2,0.98174252
coco,level,snow,3,0.9834704
coco,level,snow,4,0.98865676
coco,level,snow,5,0.98512104
coco,level,frost,1,0.65713748
coco,level,frost,2,0.76341544
coco,level,frost,3,0.81570476
coco,level,frost,4,0.81945432
coco,level,frost,5,0.84392532
coco,level,fog,1,0.5131714
coco,level,fog,2,0.5490178
coco,level,fog,3,0.57826876
coco,level,fog,4,0.57483716
coco,level,fog,5,0.62093876
coco,level,brightness,1,0.5378904
coco,level,brightness,2,0.61122224
coco,level,brightness,3,0.68525724
coco,level,brightness,4,0.75838688
coco,level,brightness,5,0.8161222
coco,level,contrast,1,0.5280036
coco,level,contrast,2,0.58111312
coco,level,contrast,3,0.65624144
coco,level,contrast,4,0.77660328
coco,level,contrast,5,0.88695792
coco,level,elastic_transform,1,0.60152284
coco,level,elastic_transform,2,0.66711688
coco,level,elastic_transform,3,0.75266792
coco,level,elastic_transform,4,0.80884368
coco,level,elastic_transform,5,0.86868964
coco,level,pixelate,1,0.68382072
coco,level,pixelate,2,0.74161612
coco,level,pixelate,3,0.89111312
coco,level,pixelate,4,0.95334804
coco,level,pixelate,5,0.97687384
coco,level,jpeg_compression,1,0.814913
coco,level,jpeg_compression,2,0.8953788
coco,level,jpeg_compression,3,0.92520112
coco,level,jpeg_compression,4,0.9639534
coco,level,jpeg_compression,5,0.97934956
coco,level,speckle_noise,1,0.886557
coco,level,speckle_noise,2,0.93896212
coco,level,speckle_noise,3,0.98630464
coco,level,speckle_noise,4,0.9936536
coco,level,speckle_noise,5,0.99739652
coco,level,gaussian_blur,1,0.73077192
coco,level,gaussian_blur,2,0.91041112
coco,level,gaussian_blur,3,0.93589396
coco,level,gaussian_blur,4,0.94415064
coco,level,gaussian_blur,5,0.95519188
coco,level,spatter,1,0.54197536
coco,level,spatter,2,0.89941408
coco,level,spatter,3,0.96150124
coco,level,spatter,4,0.99295372
coco,level,spatter,5,0.99767448
coco,level,saturate,1,0.57260596
coco,level,saturate,2,0.68193684
coco,level,saturate,3,0.64181368
coco,level,saturate,4,0.84119328
coco,level,saturate,5,0.91138452
yolo11m,two_axis,gaussian_noise,1,0.97313652
yolo11m,two_axis,gaussian_noise,2,0.99255972
yolo11m,two_axis,gaussian_noise,3,0.99821844
yolo11m,two_axis,gaussian_noise,4,0.99968672
yolo11m,two_axis,gaussian_noise,5,0.9999766
yolo11m,two_axis,shot_noise,1,0.96618736
yolo11m,two_axis,shot_noise,2,0.99155136
yolo11m,two_axis,shot_noise,3,0.99777748
yolo11m,two_axis,shot_noise,4,0.99972288
yolo11m,two_axis,shot_noise,5,0.99994236
yolo11m,two_axis,impulse_noise,1,0.99925428
yolo11m,two_axis,impulse_noise,2,0.99936032
yolo11m,two_axis,impulse_noise,3,0.99936184
yolo11m,two_axis,impulse_noise,4,0.99980924
yolo11m,two_axis,impulse_noise,5,0.99998056
yolo11m,two_axis,defocus_blur,1,0.91536104
yolo11m,two_axis,defocus_blur,2,0.96846716
yolo11m,two_axis,defocus_blur,3,0.9911282
yolo11m,two_axis,defocus_blur,4,0.99624956
yolo11m,two_axis,defocus_blur,5,0.99793872
yolo11m,two_axis,glass_blur,1,0.83654828
yolo11m,two_axis,glass_blur,2,0.92174168
yolo11m,two_axis,glass_blur,3,0.95855628
yolo11m,two_axis,glass_blur,4,0.97350308
yolo11m,two_axis,glass_blur,5,0.99106592
yolo11m,two_axis,motion_blur,1,0.83662852
yolo11m,two_axis,motion_blur,2,0.91937604
yolo11m,two_axis,motion_blur,3,0.96071984
yolo11m,two_axis,motion_blur,4,0.97996164
yolo11m,two_axis,motion_blur,5,0.98686364
yolo11m,two_axis,zoom_blur,1,0.8537674
yolo11m,two_axis,zoom_blur,2,0.8967276
yolo11m,two_axis,zoom_blur,3,0.88951676
yolo11m,two_axis,zoom_blur,4,0.912299
yolo11m,two_axis,zoom_blur,5,0.90655084
yolo11m,two_axis,snow,1,0.898981
yolo11m,two_axis,snow,2,0.95764188
yolo11m,two_axis,snow,3,0.9511954
yolo11m,two_axis,snow,4,0.9622548
yolo11m,two_axis,snow,5,0.95810384
yolo11m,two_axis,frost,1,0.57588448
yolo11m,two_axis,frost,2,0.69445996
yolo11m,two_axis,frost,3,0.75836664
yolo11m,two_axis,frost,4,0.77204708
yolo11m,two_axis,frost,5,0.8015572
yolo11m,two_axis,fog,1,0.84204484
yolo11m,two_axis,fog,2,0.883596
yolo11m,two_axis,fog,3,0.907542
yolo11m,two_axis,fog,4,0.89950184
yolo11m,two_axis,fog,5,0.91405588
yolo11m,two_axis,brightness,1,0.5049138
yolo11m,two_axis,brightness,2,0.53727192
yolo11m,two_axis,brightness,3,0.58587492
yolo11m,two_axis,brightness,4,0.64923344
yolo11m,two_axis,brightness,5,0.71629828
yolo11m,two_axis,contrast,1,0.85843104
yolo11m,two_axis,contrast,2,0.91737444
yolo11m,two_axis,contrast,3,0.96229328
yolo11m,two_axis,contrast,4,0.99099424
yolo11m,two_axis,contrast,5,0.99832824
yolo11m,two_axis,elastic_transform,1,0.54466644
yolo11m,two_axis,elastic_transform,2,0.56790204
yolo11m,two_axis,elastic_transform,3,0.60935368
yolo11m,two_axis,elastic_transform,4,0.6485212
yolo11m,two_axis,elastic_transform,5,0.70423312
yolo11m,two_axis,pixelate,1,0.82549644
yolo11m,two_axis,pixelate,2,0.88757228
yolo11m,two_axis,pixelate,3,0.96834408
yolo11m,two_axis,pixelate,4,0.99053764
yolo11m,two_axis,pixelate,5,0.99720524
yolo11m,two_axis,jpeg_compression,1,0.942009
yolo11m,two_axis,jpeg_compression,2,0.97842708
yolo11m,two_axis,jpeg_compression,3,0.98674432
yolo11m,two_axis,jpeg_compression,4,0.99556984
yolo11m,two_axis,jpeg_compression,5,0.9979062
yolo11m,two_axis,speckle_noise,1,0.91619284
yolo11m,two_axis,speckle_noise,2,0.95684616
yolo11m,two_axis,speckle_noise,3,0.99189204
yolo11m,two_axis,speckle_noise,4,0.9965934
yolo11m,two_axis,speckle_noise,5,0.99875016
yolo11m,two_axis,gaussian_blur,1,0.7754722
yolo11m,two_axis,gaussian_blur,2,0.9686864
yolo11m,two_axis,gaussian_blur,3,0.99286468
yolo11m,two_axis,gaussian_blur,4,0.99719232
yolo11m,two_axis,gaussian_blur,5,0.99902532
yolo11m,two_axis,spatter,1,0.5313998
yolo11m,two_axis,spatter,2,0.87091656
yolo11m,two_axis,spatter,3,0.94219568
yolo11m,two_axis,spatter,4,0.99336496
yolo11m,two_axis,spatter,5,0.99733888
yolo11m,two_axis,saturate,1,0.59119292
yolo11m,two_axis,saturate,2,0.70533584
yolo11m,two_axis,saturate,3,0.53788756
yolo11m,two_axis,saturate,4,0.76315276
yolo11m,two_axis,saturate,5,0.86821268
yolo11m,flatter,gaussian_noise,1,0.7591402
yolo11m,flatter,gaussian_noise,2,0.86470804
yolo11m,flatter,gaussian_noise,3,0.94602176
yolo11m,flatter,gaussian_noise,4,0.9839772
yolo11m,flatter,gaussian_noise,5,0.99596652
yolo11m,flatter,shot_noise,1,0.73694928
yolo11m,flatter,shot_noise,2,0.84621408
yolo11m,flatter,shot_noise,3,0.92233268
yolo11m,flatter,shot_noise,4,0.97448204
yolo11m,flatter,shot_noise,5,0.98708244
yolo11m,flatter,impulse_noise,1,0.9647834
yolo11m,flatter,impulse_noise,2,0.97296616
yolo11m,flatter,impulse_noise,3,0.97499764
yolo11m,flatter,impulse_noise,4,0.98711392
yolo11m,flatter,impulse_noise,5,0.99551872
yolo11m,flatter,defocus_blur,1,0.94724464
yolo11m,flatter,defocus_blur,2,0.98198484
yolo11m,flatter,defocus_blur,3,0.99525948
yolo11m,flatter,defocus_blur,4,0.99796876
yolo11m,flatter,defocus_blur,5,0.99877632
yolo11m,flatter,glass_blur,1,0.89296236
yolo11m,flatter,glass_blur,2,0.95280372
yolo11m,flatter,glass_blur,3,0.9760704
yolo11m,flatter,glass_blur,4,0.98515176
yolo11m,flatter,glass_blur,5,0.99524692
yolo11m,flatter,motion_blur,1,0.84453496
yolo11m,flatter,motion_blur,2,0.93234592
yolo11m,flatter,motion_blur,3,0.97176232
yolo11m,flatter,motion_blur,4,0.98756124
yolo11m,flatter,motion_blur,5,0.99240252
yolo11m,flatter,zoom_blur,1,0.89567872
yolo11m,flatter,zoom_blur,2,0.930185
yolo11m,flatter,zoom_blur,3,0.92663348
yolo11m,flatter,zoom_blur,4,0.94357896
yolo11m,flatter,zoom_blur,5,0.94026196
yolo11m,flatter,snow,1,0.70259228
yolo11m,flatter,snow,2,0.85634116
yolo11m,flatter,snow,3,0.79393036
yolo11m,flatter,snow,4,0.82984248
yolo11m,flatter,snow,5,0.887658
yolo11m,flatter,frost,1,0.58576296
yolo11m,flatter,frost,2,0.73674532
yolo11m,flatter,frost,3,0.80529612
yolo11m,flatter,frost,4,0.82350756
yolo11m,flatter,frost,5,0.85125332
yolo11m,flatter,fog,1,0.8933392
yolo11m,flatter,fog,2,0.92424888
yolo11m,flatter,fog,3,0.94131328
yolo11m,flatter,fog,4,0.9355562
yolo11m,flatter,fog,5,0.94509
yolo11m,flatter,brightness,1,0.4817412
yolo11m,flatter,brightness,2,0.48086864
yolo11m,flatter,brightness,3,0.49793768
yolo11m,flatter,brightness,4,0.5300272
yolo11m,flatter,brightness,5,0.57550332
yolo11m,flatter,contrast,1,0.904302
yolo11m,flatter,contrast,2,0.94753012
yolo11m,flatter,contrast,3,0.97778564
yolo11m,flatter,contrast,4,0.99513772
yolo11m,flatter,contrast,5,0.99903356
yolo11m,flatter,elastic_transform,1,0.59134216
yolo11m,flatter,elastic_transform,2,0.59526808
yolo11m,flatter,elastic_transform,3,0.60011396
yolo11m,flatter,elastic_transform,4,0.60648144
yolo11m,flatter,elastic_transform,5,0.61592692
yolo11m,flatter,pixelate,1,0.85045216
yolo11m,flatter,pixelate,2,0.89739584
yolo11m,flatter,pixelate,3,0.94170688
yolo11m,flatter,pixelate,4,0.96315408
yolo11m,flatter,pixelate,5,0.98809408
yolo11m,flatter,jpeg_compression,1,0.73580892
yolo11m,flatter,jpeg_compression,2,0.78384028
yolo11m,flatter,jpeg_compression,3,0.81334408
yolo11m,flatter,jpeg_compression,4,0.876565
yolo11m,flatter,jpeg_compression,5,0.92360868
yolo11m,flatter,speckle_noise,1,0.66030236
yolo11m,flatter,speckle_noise,2,0.7211386
yolo11m,flatter,speckle_noise,3,0.8463958
yolo11m,flatter,speckle_noise,4,0.89437524
yolo11m,flatter,speckle_noise,5,0.9347464
yolo11m,flatter,gaussian_blur,1,0.83515336
yolo11m,flatter,gaussian_blur,2,0.9821228
yolo11m,flatter,gaussian_blur,3,0.9962068
yolo11m,flatter,gaussian_blur,4,0.99843828
yolo11m,flatter,gaussian_blur,5,0.99932124
yolo11m,flatter,spatter,1,0.47799256
yolo11m,flatter,spatter,2,0.560073
yolo11m,flatter,spatter,3,0.68708768
yolo11m,flatter,spatter,4,0.642687
yolo11m,flatter,spatter,5,0.80854592
yolo11m,flatter,saturate,1,0.6459102
yolo11m,flatter,saturate,2,0.7487524
yolo11m,flatter,saturate,3,0.4181324
yolo11m,flatter,saturate,4,0.41341868
yolo11m,flatter,saturate,5,0.43482996
yolo11m,level,gaussian_noise,1,0.98543472
yolo11m,level,gaussian_noise,2,0.996262
yolo11m,level,gaussian_noise,3,0.99933952
yolo11m,level,gaussian_noise,4,0.99984956
yolo11m,level,gaussian_noise,5,0.9999796
yolo11m,level,shot_noise,1,0.981305
yolo11m,level,shot_noise,2,0.99566512
yolo11m,level,shot_noise,3,0.99904092
yolo11m,level,shot_noise,4,0.99987756
yolo11m,level,shot_noise,5,0.9999676
yolo11m,level,impulse_noise,1,0.99967856
yolo11m,level,impulse_noise,2,0.9997378
yolo11m,level,impulse_noise,3,0.99974496
yolo11m,level,impulse_noise,4,0.9998872
yolo11m,level,impulse_noise,5,0.9999816
yolo11m,level,defocus_blur,1,0.80808516
yolo11m,level,defocus_blur,2,0.88374624
yolo11m,level,defocus_blur,3,0.93163132
yolo11m,level,defocus_blur,4,0.95106008
yolo11m,level,defocus_blur,5,0.96351304
yolo11m,level,glass_blur,1,0.70474696
yolo11m,level,glass_blur,2,0.79842596
yolo11m,level,glass_blur,3,0.8898598
yolo11m,level,glass_blur,4,0.90674976
yolo11m,level,glass_blur,5,0.93816352
yolo11m,level,motion_blur,1,0.84450488
yolo11m,level,motion_blur,2,0.91194208
yolo11m,level,motion_blur,3,0.947879
yolo11m,level,motion_blur,4,0.96601512
yolo11m,level,motion_blur,5,0.97308696
yolo11m,level,zoom_blur,1,0.79190024
yolo11m,level,zoom_blur,2,0.83746164
yolo11m,level,zoom_blur,3,0.79910088
yolo11m,level,zoom_blur,4,0.8263344
yolo11m,level,zoom_blur,5,0.80255304
yolo11m,level,snow,1,0.93861248
yolo11m,level,snow,2,0.9761154
yolo11m,level,snow,3,0.97293244
yolo11m,level,snow,4,0.97943396
yolo11m,level,snow,5,0.97636232
yolo11m,level,frost,1,0.59859472
yolo11m,level,frost,2,0.68517
yolo11m,level,frost,3,0.73715016
yolo11m,level,frost,4,0.73651312
yolo11m,level,frost,5,0.76082388
yolo11m,level,fog,1,0.73971912
yolo11m,level,fog,2,0.79178252
yolo11m,level,fog,3,0.8212628
yolo11m,level,fog,4,0.82640588
yolo11m,level,fog,5,0.87002872
yolo11m,level,brightness,1,0.52727736
yolo11m,level,brightness,2,0.58635308
yolo11m,level,brightness,3,0.65286396
yolo11m,level,brightness,4,0.72754168
yolo11m,level,brightness,5,0.79409904
yolo11m,level,contrast,1,0.7625872
yolo11m,level,contrast,2,0.83895372
yolo11m,level,contrast,3,0.901671
yolo11m,level,contrast,4,0.94677824
yolo11m,level,contrast,5,0.96669368
yolo11m,level,elastic_transform,1,0.5116874
yolo11m,level,elastic_transform,2,0.55501384
yolo11m,level,elastic_transform,3,0.62443564
yolo11m,level,elastic_transform,4,0.68020892
yolo11m,level,elastic_transform,5,0.75264848
yolo11m,level,pixelate,1,0.8213232
yolo11m,level,pixelate,2,0.88561436
yolo11m,level,pixelate,3,0.97497676
yolo11m,level,pixelate,4,0.99331536
yolo11m,level,pixelate,5,0.99800332
yolo11m,level,jpeg_compression,1,0.96683476
yolo11m,level,jpeg_compression,2,0.988352
yolo11m,level,jpeg_compression,3,0.99303508
yolo11m,level,jpeg_compression,4,0.99786556
yolo11m,level,jpeg_compression,5,0.99901672
yolo11m,level,speckle_noise,1,0.94863396
yolo11m,level,speckle_noise,2,0.97500772
yolo11m,level,speckle_noise,3,0.9957732
yolo11m,level,speckle_noise,4,0.998336
yolo11m,level,speckle_noise,5,0.999411
yolo11m,level,gaussian_blur,1,0.69366128
yolo11m,level,gaussian_blur,2,0.8768072
yolo11m,level,gaussian_blur,3,0.93674072
yolo11m,level,gaussian_blur,4,0.95935984
yolo11m,level,gaussian_blur,5,0.9796734
yolo11m,level,spatter,1,0.57775976
yolo11m,level,spatter,2,0.91824068
yolo11m,level,spatter,3,0.96632924
yolo11m,level,spatter,4,0.99661952
yolo11m,level,spatter,5,0.9987378
yolo11m,level,saturate,1,0.5606602
yolo11m,level,saturate,2,0.68686216
yolo11m,level,saturate,3,0.6079842
yolo11m,level,saturate,4,0.84636196
yolo11m,level,saturate,5,0.91858484
faster_rcnn_r50_fpn_v2,two_axis,gaussian_noise,1,0.98619324
faster_rcnn_r50_fpn_v2,two_axis,gaussian_noise,2,0.99682816
faster_rcnn_r50_fpn_v2,two_axis,gaussian_noise,3,0.999424
faster_rcnn_r50_fpn_v2,two_axis,gaussian_noise,4,0.99967684
faster_rcnn_r50_fpn_v2,two_axis,gaussian_noise,5,0.99999812
faster_rcnn_r50_fpn_v2,two_axis,shot_noise,1,0.975775
faster_rcnn_r50_fpn_v2,two_axis,shot_noise,2,0.9954268
faster_rcnn_r50_fpn_v2,two_axis,shot_noise,3,0.99899036
faster_rcnn_r50_fpn_v2,two_axis,shot_noise,4,0.99974684
faster_rcnn_r50_fpn_v2,two_axis,shot_noise,5,0.99995328
faster_rcnn_r50_fpn_v2,two_axis,impulse_noise,1,0.99986796
faster_rcnn_r50_fpn_v2,two_axis,impulse_noise,2,0.9997006
faster_rcnn_r50_fpn_v2,two_axis,impulse_noise,3,0.99965612
faster_rcnn_r50_fpn_v2,two_axis,impulse_noise,4,0.99985544
faster_rcnn_r50_fpn_v2,two_axis,impulse_noise,5,1.0
faster_rcnn_r50_fpn_v2,two_axis,defocus_blur,1,0.8364542
faster_rcnn_r50_fpn_v2,two_axis,defocus_blur,2,0.8910938
faster_rcnn_r50_fpn_v2,two_axis,defocus_blur,3,0.93166864
faster_rcnn_r50_fpn_v2,two_axis,defocus_blur,4,0.953258
faster_rcnn_r50_fpn_v2,two_axis,defocus_blur,5,0.96528844
faster_rcnn_r50_fpn_v2,two_axis,glass_blur,1,0.74936896
faster_rcnn_r50_fpn_v2,two_axis,glass_blur,2,0.81658956
faster_rcnn_r50_fpn_v2,two_axis,glass_blur,3,0.85878136
faster_rcnn_r50_fpn_v2,two_axis,glass_blur,4,0.87716864
faster_rcnn_r50_fpn_v2,two_axis,glass_blur,5,0.931525
faster_rcnn_r50_fpn_v2,two_axis,motion_blur,1,0.80332448
faster_rcnn_r50_fpn_v2,two_axis,motion_blur,2,0.88564696
faster_rcnn_r50_fpn_v2,two_axis,motion_blur,3,0.93200452
faster_rcnn_r50_fpn_v2,two_axis,motion_blur,4,0.95595604
faster_rcnn_r50_fpn_v2,two_axis,motion_blur,5,0.96516092
faster_rcnn_r50_fpn_v2,two_axis,zoom_blur,1,0.74095424
faster_rcnn_r50_fpn_v2,two_axis,zoom_blur,2,0.75184288
faster_rcnn_r50_fpn_v2,two_axis,zoom_blur,3,0.76898712
faster_rcnn_r50_fpn_v2,two_axis,zoom_blur,4,0.77261912
faster_rcnn_r50_fpn_v2,two_axis,zoom_blur,5,0.80047336
faster_rcnn_r50_fpn_v2,two_axis,snow,1,0.92446336
faster_rcnn_r50_fpn_v2,two_axis,snow,2,0.978591
faster_rcnn_r50_fpn_v2,two_axis,snow,3,0.97300908
faster_rcnn_r50_fpn_v2,two_axis,snow,4,0.9804222
faster_rcnn_r50_fpn_v2,two_axis,snow,5,0.97941968
faster_rcnn_r50_fpn_v2,two_axis,frost,1,0.61365552
faster_rcnn_r50_fpn_v2,two_axis,frost,2,0.72853392
faster_rcnn_r50_fpn_v2,two_axis,frost,3,0.78097912
faster_rcnn_r50_fpn_v2,two_axis,frost,4,0.79342768
faster_rcnn_r50_fpn_v2,two_axis,frost,5,0.81695264
faster_rcnn_r50_fpn_v2,two_axis,fog,1,0.79710212
faster_rcnn_r50_fpn_v2,two_axis,fog,2,0.82190096
faster_rcnn_r50_fpn_v2,two_axis,fog,3,0.83122196
faster_rcnn_r50_fpn_v2,two_axis,fog,4,0.82362244
faster_rcnn_r50_fpn_v2,two_axis,fog,5,0.83513224
faster_rcnn_r50_fpn_v2,two_axis,brightness,1,0.53589808
faster_rcnn_r50_fpn_v2,two_axis,brightness,2,0.57754148
faster_rcnn_r50_fpn_v2,two_axis,brightness,3,0.63157248
faster_rcnn_r50_fpn_v2,two_axis,brightness,4,0.70366064
faster_rcnn_r50_fpn_v2,two_axis,brightness,5,0.77597928
faster_rcnn_r50_fpn_v2,two_axis,contrast,1,0.81765056
faster_rcnn_r50_fpn_v2,two_axis,contrast,2,0.87173516
faster_rcnn_r50_fpn_v2,two_axis,contrast,3,0.91852504
faster_rcnn_r50_fpn_v2,two_axis,contrast,4,0.9576334
faster_rcnn_r50_fpn_v2,two_axis,contrast,5,0.97988208
faster_rcnn_r50_fpn_v2,two_axis,elastic_transform,1,0.6044268
faster_rcnn_r50_fpn_v2,two_axis,elastic_transform,2,0.63197772
faster_rcnn_r50_fpn_v2,two_axis,elastic_transform,3,0.66960092
faster_rcnn_r50_fpn_v2,two_axis,elastic_transform,4,0.69779776
faster_rcnn_r50_fpn_v2,two_axis,elastic_transform,5,0.73676232
faster_rcnn_r50_fpn_v2,two_axis,pixelate,1,0.68549844
faster_rcnn_r50_fpn_v2,two_axis,pixelate,2,0.7174534
faster_rcnn_r50_fpn_v2,two_axis,pixelate,3,0.86246836
faster_rcnn_r50_fpn_v2,two_axis,pixelate,4,0.93935104
faster_rcnn_r50_fpn_v2,two_axis,pixelate,5,0.97135316
faster_rcnn_r50_fpn_v2,two_axis,jpeg_compression,1,0.83513272
faster_rcnn_r50_fpn_v2,two_axis,jpeg_compression,2,0.90276672
faster_rcnn_r50_fpn_v2,two_axis,jpeg_compression,3,0.92858676
faster_rcnn_r50_fpn_v2,two_axis,jpeg_compression,4,0.97136988
faster_rcnn_r50_fpn_v2,two_axis,jpeg_compression,5,0.98853132
faster_rcnn_r50_fpn_v2,two_axis,speckle_noise,1,0.91255368
faster_rcnn_r50_fpn_v2,two_axis,speckle_noise,2,0.95948072
faster_rcnn_r50_fpn_v2,two_axis,speckle_noise,3,0.99401796
faster_rcnn_r50_fpn_v2,two_axis,speckle_noise,4,0.997657
faster_rcnn_r50_fpn_v2,two_axis,speckle_noise,5,0.999091
faster_rcnn_r50_fpn_v2,two_axis,gaussian_blur,1,0.713358
faster_rcnn_r50_fpn_v2,two_axis,gaussian_blur,2,0.89173596
faster_rcnn_r50_fpn_v2,two_axis,gaussian_blur,3,0.94438976
faster_rcnn_r50_fpn_v2,two_axis,gaussian_blur,4,0.9656418
faster_rcnn_r50_fpn_v2,two_axis,gaussian_blur,5,0.981323
faster_rcnn_r50_fpn_v2,two_axis,spatter,1,0.54965864
faster_rcnn_r50_fpn_v2,two_axis,spatter,2,0.85686532
faster_rcnn_r50_fpn_v2,two_axis,spatter,3,0.9505308
faster_rcnn_r50_fpn_v2,two_axis,spatter,4,0.99355784
faster_rcnn_r50_fpn_v2,two_axis,spatter,5,0.99866416
faster_rcnn_r50_fpn_v2,two_axis,saturate,1,0.50340128
faster_rcnn_r50_fpn_v2,two_axis,saturate,2,0.56191068
faster_rcnn_r50_fpn_v2,two_axis,saturate,3,0.57782972
faster_rcnn_r50_fpn_v2,two_axis,saturate,4,0.79514984
faster_rcnn_r50_fpn_v2,two_axis,saturate,5,0.88876652
faster_rcnn_r50_fpn_v2,flatter,gaussian_noise,1,0.46031216
faster_rcnn_r50_fpn_v2,flatter,gaussian_noise,2,0.26214984
faster_rcnn_r50_fpn_v2,flatter,gaussian_noise,3,0.07743312
faster_rcnn_r50_fpn_v2,flatter,gaussian_noise,4,0.01909252
faster_rcnn_r50_fpn_v2,flatter,gaussian_noise,5,0.0055522
faster_rcnn_r50_fpn_v2,flatter,shot_noise,1,0.4708858
faster_rcnn_r50_fpn_v2,flatter,shot_noise,2,0.27666736
faster_rcnn_r50_fpn_v2,flatter,shot_noise,3,0.11144164
faster_rcnn_r50_fpn_v2,flatter,shot_noise,4,0.02289464
faster_rcnn_r50_fpn_v2,flatter,shot_noise,5,0.00843688
faster_rcnn_r50_fpn_v2,flatter,impulse_noise,1,0.80653044
faster_rcnn_r50_fpn_v2,flatter,impulse_noise,2,0.30889424
faster_rcnn_r50_fpn_v2,flatter,impulse_noise,3,0.09956672
faster_rcnn_r50_fpn_v2,flatter,impulse_noise,4,0.0172994
faster_rcnn_r50_fpn_v2,flatter,impulse_noise,5,0.00557672
faster_rcnn_r50_fpn_v2,flatter,defocus_blur,1,0.596057
faster_rcnn_r50_fpn_v2,flatter,defocus_blur,2,0.552446
faster_rcnn_r50_fpn_v2,flatter,defocus_blur,3,0.46600692
faster_rcnn_r50_fpn_v2,flatter,defocus_blur,4,0.37361436
faster_rcnn_r50_fpn_v2,flatter,defocus_blur,5,0.3042696
faster_rcnn_r50_fpn_v2,flatter,glass_blur,1,0.65159604
faster_rcnn_r50_fpn_v2,flatter,glass_blur,2,0.64123784
faster_rcnn_r50_fpn_v2,flatter,glass_blur,3,0.61650464
faster_rcnn_r50_fpn_v2,flatter,glass_blur,4,0.5795082
faster_rcnn_r50_fpn_v2,flatter,glass_blur,5,0.45083616
faster_rcnn_r50_fpn_v2,flatter,motion_blur,1,0.6146088
faster_rcnn_r50_fpn_v2,flatter,motion_blur,2,0.6021716
faster_rcnn_r50_fpn_v2,flatter,motion_blur,3,0.55762232
faster_rcnn_r50_fpn_v2,flatter,motion_blur,4,0.490365
faster_rcnn_r50_fpn_v2,flatter,motion_blur,5,0.43634916
faster_rcnn_r50_fpn_v2,flatter,zoom_blur,1,0.62311044
faster_rcnn_r50_fpn_v2,flatter,zoom_blur,2,0.5898468
faster_rcnn_r50_fpn_v2,flatter,zoom_blur,3,0.66751176
faster_rcnn_r50_fpn_v2,flatter,zoom_blur,4,0.64579928
faster_rcnn_r50_fpn_v2,flatter,zoom_blur,5,0.71415696
faster_rcnn_r50_fpn_v2,flatter,snow,1,0.74805724
faster_rcnn_r50_fpn_v2,flatter,snow,2,0.42658932
faster_rcnn_r50_fpn_v2,flatter,snow,3,0.66053256
faster_rcnn_r50_fpn_v2,flatter,snow,4,0.64638448
faster_rcnn_r50_fpn_v2,flatter,snow,5,0.34980544
faster_rcnn_r50_fpn_v2,flatter,frost,1,0.57218496
faster_rcnn_r50_fpn_v2,flatter,frost,2,0.69711712
faster_rcnn_r50_fpn_v2,flatter,frost,3,0.74411184
faster_rcnn_r50_fpn_v2,flatter,frost,4,0.775281
faster_rcnn_r50_fpn_v2,flatter,frost,5,0.79636004
faster_rcnn_r50_fpn_v2,flatter,fog,1,0.7533318
faster_rcnn_r50_fpn_v2,flatter,fog,2,0.75169244
faster_rcnn_r50_fpn_v2,flatter,fog,3,0.74355656
faster_rcnn_r50_fpn_v2,flatter,fog,4,0.7583288
faster_rcnn_r50_fpn_v2,flatter,fog,5,0.76644104
faster_rcnn_r50_fpn_v2,flatter,brightness,1,0.5056478
faster_rcnn_r50_fpn_v2,flatter,brightness,2,0.48320612
faster_rcnn_r50_fpn_v2,flatter,brightness,3,0.444767
faster_rcnn_r50_fpn_v2,flatter,brightness,4,0.39612012
faster_rcnn_r50_fpn_v2,flatter,brightness,5,0.34735068
faster_rcnn_r50_fpn_v2,flatter,contrast,1,0.72567268
faster_rcnn_r50_fpn_v2,flatter,contrast,2,0.72550888
faster_rcnn_r50_fpn_v2,flatter,contrast,3,0.69465808
faster_rcnn_r50_fpn_v2,flatter,contrast,4,0.58893368
faster_rcnn_r50_fpn_v2,flatter,contrast,5,0.43043444
faster_rcnn_r50_fpn_v2,flatter,elastic_transform,1,0.61964304
faster_rcnn_r50_fpn_v2,flatter,elastic_transform,2,0.63989992
faster_rcnn_r50_fpn_v2,flatter,elastic_transform,3,0.66639128
faster_rcnn_r50_fpn_v2,flatter,elastic_transform,4,0.68391124
faster_rcnn_r50_fpn_v2,flatter,elastic_transform,5,0.70531864
faster_rcnn_r50_fpn_v2,flatter,pixelate,1,0.6760444
faster_rcnn_r50_fpn_v2,flatter,pixelate,2,0.68237452
faster_rcnn_r50_fpn_v2,flatter,pixelate,3,0.78928084
faster_rcnn_r50_fpn_v2,flatter,pixelate,4,0.8547908
faster_rcnn_r50_fpn_v2,flatter,pixelate,5,0.87970028
faster_rcnn_r50_fpn_v2,flatter,jpeg_compression,1,0.82409104
faster_rcnn_r50_fpn_v2,flatter,jpeg_compression,2,0.8803426
faster_rcnn_r50_fpn_v2,flatter,jpeg_compression,3,0.89858116
faster_rcnn_r50_fpn_v2,flatter,jpeg_compression,4,0.91575236
faster_rcnn_r50_fpn_v2,flatter,jpeg_compression,5,0.9070466
faster_rcnn_r50_fpn_v2,flatter,speckle_noise,1,0.5178906
faster_rcnn_r50_fpn_v2,flatter,speckle_noise,2,0.44633556
faster_rcnn_r50_fpn_v2,flatter,speckle_noise,3,0.22803404
faster_rcnn_r50_fpn_v2,flatter,speckle_noise,4,0.14063592
faster_rcnn_r50_fpn_v2,flatter,speckle_noise,5,0.07579672
faster_rcnn_r50_fpn_v2,flatter,gaussian_blur,1,0.58882836
faster_rcnn_r50_fpn_v2,flatter,gaussian_blur,2,0.53656972
faster_rcnn_r50_fpn_v2,flatter,gaussian_blur,3,0.43370028
faster_rcnn_r50_fpn_v2,flatter,gaussian_blur,4,0.32777672
faster_rcnn_r50_fpn_v2,flatter,gaussian_blur,5,0.18921872
faster_rcnn_r50_fpn_v2,flatter,spatter,1,0.5561344
faster_rcnn_r50_fpn_v2,flatter,spatter,2,0.83779068
faster_rcnn_r50_fpn_v2,flatter,spatter,3,0.91616912
faster_rcnn_r50_fpn_v2,flatter,spatter,4,0.97126524
faster_rcnn_r50_fpn_v2,flatter,spatter,5,0.98513876
faster_rcnn_r50_fpn_v2,flatter,saturate,1,0.50742476
faster_rcnn_r50_fpn_v2,flatter,saturate,2,0.53851136
faster_rcnn_r50_fpn_v2,flatter,saturate,3,0.45447588
faster_rcnn_r50_fpn_v2,flatter,saturate,4,0.40887836
faster_rcnn_r50_fpn_v2,flatter,saturate,5,0.24785636
faster_rcnn_r50_fpn_v2,level,gaussian_noise,1,0.98678348
faster_rcnn_r50_fpn_v2,level,gaussian_noise,2,0.99682944
faster_rcnn_r50_fpn_v2,level,gaussian_noise,3,0.999424
faster_rcnn_r50_fpn_v2,level,gaussian_noise,4,0.99967684
faster_rcnn_r50_fpn_v2,level,gaussian_noise,5,0.99999812
faster_rcnn_r50_fpn_v2,level,shot_noise,1,0.97909424
faster_rcnn_r50_fpn_v2,level,shot_noise,2,0.99563084
faster_rcnn_r50_fpn_v2,level,shot_noise,3,0.9990144
faster_rcnn_r50_fpn_v2,level,shot_noise,4,0.99974796
faster_rcnn_r50_fpn_v2,level,shot_noise,5,0.99995348
faster_rcnn_r50_fpn_v2,level,impulse_noise,1,0.99986796
faster_rcnn_r50_fpn_v2,level,impulse_noise,2,0.9997006
faster_rcnn_r50_fpn_v2,level,impulse_noise,3,0.99965612
faster_rcnn_r50_fpn_v2,level,impulse_noise,4,0.99985544
faster_rcnn_r50_fpn_v2,level,impulse_noise,5,1.0
faster_rcnn_r50_fpn_v2,level,defocus_blur,1,0.88032004
faster_rcnn_r50_fpn_v2,level,defocus_blur,2,0.9215918
faster_rcnn_r50_fpn_v2,level,defocus_blur,3,0.94764264
faster_rcnn_r50_fpn_v2,level,defocus_blur,4,0.96155664
faster_rcnn_r50_fpn_v2,level,defocus_blur,5,0.96984732
faster_rcnn_r50_fpn_v2,level,glass_blur,1,0.78320664
faster_rcnn_r50_fpn_v2,level,glass_blur,2,0.8589178
faster_rcnn_r50_fpn_v2,level,glass_blur,3,0.89725456
faster_rcnn_r50_fpn_v2,level,glass_blur,4,0.91104052
faster_rcnn_r50_fpn_v2,level,glass_blur,5,0.94820548
faster_rcnn_r50_fpn_v2,level,motion_blur,1,0.86036044
faster_rcnn_r50_fpn_v2,level,motion_blur,2,0.91908628
faster_rcnn_r50_fpn_v2,level,motion_blur,3,0.94839916
faster_rcnn_r50_fpn_v2,level,motion_blur,4,0.96399412
faster_rcnn_r50_fpn_v2,level,motion_blur,5,0.97034072
faster_rcnn_r50_fpn_v2,level,zoom_blur,1,0.69971168
faster_rcnn_r50_fpn_v2,level,zoom_blur,2,0.7441788
faster_rcnn_r50_fpn_v2,level,zoom_blur,3,0.6776808
faster_rcnn_r50_fpn_v2,level,zoom_blur,4,0.70916408
faster_rcnn_r50_fpn_v2,level,zoom_blur,5,0.6831586
faster_rcnn_r50_fpn_v2,level,snow,1,0.9466916
faster_rcnn_r50_fpn_v2,level,snow,2,0.98174324
faster_rcnn_r50_fpn_v2,level,snow,3,0.97777916
faster_rcnn_r50_fpn_v2,level,snow,4,0.98298492
faster_rcnn_r50_fpn_v2,level,snow,5,0.98171928
faster_rcnn_r50_fpn_v2,level,frost,1,0.6788754
faster_rcnn_r50_fpn_v2,level,frost,2,0.76920184
faster_rcnn_r50_fpn_v2,level,frost,3,0.81406856
faster_rcnn_r50_fpn_v2,level,frost,4,0.81430356
faster_rcnn_r50_fpn_v2,level,frost,5,0.83526508
faster_rcnn_r50_fpn_v2,level,fog,1,0.6898168
faster_rcnn_r50_fpn_v2,level,fog,2,0.73162284
faster_rcnn_r50_fpn_v2,level,fog,3,0.7524824
faster_rcnn_r50_fpn_v2,level,fog,4,0.7357204
faster_rcnn_r50_fpn_v2,level,fog,5,0.74919376
faster_rcnn_r50_fpn_v2,level,brightness,1,0.55796004
faster_rcnn_r50_fpn_v2,level,brightness,2,0.65225404
faster_rcnn_r50_fpn_v2,level,brightness,3,0.73862344
faster_rcnn_r50_fpn_v2,level,brightness,4,0.81314424
faster_rcnn_r50_fpn_v2,level,brightness,5,0.86434204
faster_rcnn_r50_fpn_v2,level,contrast,1,0.74793764
faster_rcnn_r50_fpn_v2,level,contrast,2,0.8198212
faster_rcnn_r50_fpn_v2,level,contrast,3,0.88807224
faster_rcnn_r50_fpn_v2,level,contrast,4,0.95104488
faster_rcnn_r50_fpn_v2,level,contrast,5,0.98017472
faster_rcnn_r50_fpn_v2,level,elastic_transform,1,0.55878276
faster_rcnn_r50_fpn_v2,level,elastic_transform,2,0.59973412
faster_rcnn_r50_fpn_v2,level,elastic_transform,3,0.65750012
faster_rcnn_r50_fpn_v2,level,elastic_transform,4,0.70156952
faster_rcnn_r50_fpn_v2,level,elastic_transform,5,0.7564136
faster_rcnn_r50_fpn_v2,level,pixelate,1,0.65621144
faster_rcnn_r50_fpn_v2,level,pixelate,2,0.72790996
faster_rcnn_r50_fpn_v2,level,pixelate,3,0.87348988
faster_rcnn_r50_fpn_v2,level,pixelate,4,0.9425424
faster_rcnn_r50_fpn_v2,level,pixelate,5,0.97309064
faster_rcnn_r50_fpn_v2,level,jpeg_compression,1,0.78992212
faster_rcnn_r50_fpn_v2,level,jpeg_compression,2,0.88907468
faster_rcnn_r50_fpn_v2,level,jpeg_compression,3,0.92734516
faster_rcnn_r50_fpn_v2,level,jpeg_compression,4,0.97467728
faster_rcnn_r50_fpn_v2,level,jpeg_compression,5,0.98936164
faster_rcnn_r50_fpn_v2,level,speckle_noise,1,0.93418128
faster_rcnn_r50_fpn_v2,level,speckle_noise,2,0.96858392
faster_rcnn_r50_fpn_v2,level,speckle_noise,3,0.99472188
faster_rcnn_r50_fpn_v2,level,speckle_noise,4,0.99784536
faster_rcnn_r50_fpn_v2,level,speckle_noise,5,0.99914488
faster_rcnn_r50_fpn_v2,level,gaussian_blur,1,0.76985036
faster_rcnn_r50_fpn_v2,level,gaussian_blur,2,0.92368252
faster_rcnn_r50_fpn_v2,level,gaussian_blur,3,0.95639044
faster_rcnn_r50_fpn_v2,level,gaussian_blur,4,0.97018616
faster_rcnn_r50_fpn_v2,level,gaussian_blur,5,0.9824946
faster_rcnn_r50_fpn_v2,level,spatter,1,0.51621364
faster_rcnn_r50_fpn_v2,level,spatter,2,0.83552584
faster_rcnn_r50_fpn_v2,level,spatter,3,0.95383512
faster_rcnn_r50_fpn_v2,level,spatter,4,0.99385072
faster_rcnn_r50_fpn_v2,level,spatter,5,0.99867524
faster_rcnn_r50_fpn_v2,level,saturate,1,0.54073556
faster_rcnn_r50_fpn_v2,level,saturate,2,0.62376032
faster_rcnn_r50_fpn_v2,level,saturate,3,0.6573598
faster_rcnn_r50_fpn_v2,level,saturate,4,0.86516124
faster_rcnn_r50_fpn_v2,level,saturate,5,0.92823704
rfdetr_m,two_axis,gaussian_noise,1,0.94424292
rfdetr_m,two_axis,gaussian_noise,2,0.98208204
rfdetr_m,two_axis,gaussian_noise,3,0.99793776
rfdetr_m,two_axis,gaussian_noise,4,0.99941456
rfdetr_m,two_axis,gaussian_noise,5,0.99967728
rfdetr_m,two_axis,shot_noise,1,0.9267232
rfdetr_m,two_axis,shot_noise,2,0.97511844
rfdetr_m,two_axis,shot_noise,3,0.99487236
rfdetr_m,two_axis,shot_noise,4,0.9991828
rfdetr_m,two_axis,shot_noise,5,0.99974052
rfdetr_m,two_axis,impulse_noise,1,0.97712616
rfdetr_m,two_axis,impulse_noise,2,0.99586384
rfdetr_m,two_axis,impulse_noise,3,0.9988652
rfdetr_m,two_axis,impulse_noise,4,0.99948192
rfdetr_m,two_axis,impulse_noise,5,0.99972528
rfdetr_m,two_axis,defocus_blur,1,0.91953168
rfdetr_m,two_axis,defocus_blur,2,0.95833
rfdetr_m,two_axis,defocus_blur,3,0.9816618
rfdetr_m,two_axis,defocus_blur,4,0.98916268
rfdetr_m,two_axis,defocus_blur,5,0.99304352
rfdetr_m,two_axis,glass_blur,1,0.80937952
rfdetr_m,two_axis,glass_blur,2,0.88477508
rfdetr_m,two_axis,glass_blur,3,0.90185592
rfdetr_m,two_axis,glass_blur,4,0.93409136
rfdetr_m,two_axis,glass_blur,5,0.97309576
rfdetr_m,two_axis,motion_blur,1,0.76224168
rfdetr_m,two_axis,motion_blur,2,0.85264772
rfdetr_m,two_axis,motion_blur,3,0.91553804
rfdetr_m,two_axis,motion_blur,4,0.95021016
rfdetr_m,two_axis,motion_blur,5,0.9630944
rfdetr_m,two_axis,zoom_blur,1,0.89909064
rfdetr_m,two_axis,zoom_blur,2,0.92699844
rfdetr_m,two_axis,zoom_blur,3,0.930257
rfdetr_m,two_axis,zoom_blur,4,0.94280176
rfdetr_m,two_axis,zoom_blur,5,0.94474576
rfdetr_m,two_axis,snow,1,0.81516204
rfdetr_m,two_axis,snow,2,0.90091336
rfdetr_m,two_axis,snow,3,0.86575708
rfdetr_m,two_axis,snow,4,0.8766912
rfdetr_m,two_axis,snow,5,0.88537968
rfdetr_m,two_axis,frost,1,0.7047694
rfdetr_m,two_axis,frost,2,0.8443002
rfdetr_m,two_axis,frost,3,0.8952844
rfdetr_m,two_axis,frost,4,0.90346156
rfdetr_m,two_axis,frost,5,0.92353572
rfdetr_m,two_axis,fog,1,0.89060824
rfdetr_m,two_axis,fog,2,0.93240692
rfdetr_m,two_axis,fog,3,0.9529446
rfdetr_m,two_axis,fog,4,0.94884596
rfdetr_m,two_axis,fog,5,0.95976608
rfdetr_m,two_axis,brightness,1,0.52216208
rfdetr_m,two_axis,brightness,2,0.55709396
rfdetr_m,two_axis,brightness,3,0.5913132
rfdetr_m,two_axis,brightness,4,0.63003536
rfdetr_m,two_axis,brightness,5,0.66857032
rfdetr_m,two_axis,contrast,1,0.90575828
rfdetr_m,two_axis,contrast,2,0.95987628
rfdetr_m,two_axis,contrast,3,0.98741212
rfdetr_m,two_axis,contrast,4,0.99733964
rfdetr_m,two_axis,contrast,5,0.99910052
rfdetr_m,two_axis,elastic_transform,1,0.54427784
rfdetr_m,two_axis,elastic_transform,2,0.5353824
rfdetr_m,two_axis,elastic_transform,3,0.52247652
rfdetr_m,two_axis,elastic_transform,4,0.51405648
rfdetr_m,two_axis,elastic_transform,5,0.50492304
rfdetr_m,two_axis,pixelate,1,0.60720548
rfdetr_m,two_axis,pixelate,2,0.62504052
rfdetr_m,two_axis,pixelate,3,0.66915416
rfdetr_m,two_axis,pixelate,4,0.72896512
rfdetr_m,two_axis,pixelate,5,0.74246192
rfdetr_m,two_axis,jpeg_compression,1,0.56508116
rfdetr_m,two_axis,jpeg_compression,2,0.587882
rfdetr_m,two_axis,jpeg_compression,3,0.601902
rfdetr_m,two_axis,jpeg_compression,4,0.61618728
rfdetr_m,two_axis,jpeg_compression,5,0.61095844
rfdetr_m,two_axis,speckle_noise,1,0.86892588
rfdetr_m,two_axis,speckle_noise,2,0.90875228
rfdetr_m,two_axis,speckle_noise,3,0.970413
rfdetr_m,two_axis,speckle_noise,4,0.98621244
rfdetr_m,two_axis,speckle_noise,5,0.99448752
rfdetr_m,two_axis,gaussian_blur,1,0.78935652
rfdetr_m,two_axis,gaussian_blur,2,0.9514006
rfdetr_m,two_axis,gaussian_blur,3,0.981406
rfdetr_m,two_axis,gaussian_blur,4,0.98993932
rfdetr_m,two_axis,gaussian_blur,5,0.99536348
rfdetr_m,two_axis,spatter,1,0.50012084
rfdetr_m,two_axis,spatter,2,0.72302248
rfdetr_m,two_axis,spatter,3,0.8922462
rfdetr_m,two_axis,spatter,4,0.8819602
rfdetr_m,two_axis,spatter,5,0.93045196
rfdetr_m,two_axis,saturate,1,0.5630498
rfdetr_m,two_axis,saturate,2,0.600056
rfdetr_m,two_axis,saturate,3,0.52162544
rfdetr_m,two_axis,saturate,4,0.65644304
rfdetr_m,two_axis,saturate,5,0.75916576
rfdetr_m,flatter,gaussian_noise,1,0.95971036
rfdetr_m,flatter,gaussian_noise,2,0.9845678
rfdetr_m,flatter,gaussian_noise,3,0.99357068
rfdetr_m,flatter,gaussian_noise,4,0.99593324
rfdetr_m,flatter,gaussian_noise,5,0.99453504
rfdetr_m,flatter,shot_noise,1,0.94368448
rfdetr_m,flatter,shot_noise,2,0.97224904
rfdetr_m,flatter,shot_noise,3,0.98193936
rfdetr_m,flatter,shot_noise,4,0.98002364
rfdetr_m,flatter,shot_noise,5,0.95103936
rfdetr_m,flatter,impulse_noise,1,0.9775468
rfdetr_m,flatter,impulse_noise,2,0.98898248
rfdetr_m,flatter,impulse_noise,3,0.99238068
rfdetr_m,flatter,impulse_noise,4,0.9943674
rfdetr_m,flatter,impulse_noise,5,0.99102236
rfdetr_m,flatter,defocus_blur,1,0.89835716
rfdetr_m,flatter,defocus_blur,2,0.95421172
rfdetr_m,flatter,defocus_blur,3,0.98909432
rfdetr_m,flatter,defocus_blur,4,0.99685756
rfdetr_m,flatter,defocus_blur,5,0.9988544
rfdetr_m,flatter,glass_blur,1,0.7673004
rfdetr_m,flatter,glass_blur,2,0.84626552
rfdetr_m,flatter,glass_blur,3,0.8589448
rfdetr_m,flatter,glass_blur,4,0.90654704
rfdetr_m,flatter,glass_blur,5,0.975486
rfdetr_m,flatter,motion_blur,1,0.72742816
rfdetr_m,flatter,motion_blur,2,0.81252456
rfdetr_m,flatter,motion_blur,3,0.88458856
rfdetr_m,flatter,motion_blur,4,0.93285524
rfdetr_m,flatter,motion_blur,5,0.95485412
rfdetr_m,flatter,zoom_blur,1,0.84298364
rfdetr_m,flatter,zoom_blur,2,0.88268268
rfdetr_m,flatter,zoom_blur,3,0.90758212
rfdetr_m,flatter,zoom_blur,4,0.92615676
rfdetr_m,flatter,zoom_blur,5,0.93901148
rfdetr_m,flatter,snow,1,0.86355048
rfdetr_m,flatter,snow,2,0.9177762
rfdetr_m,flatter,snow,3,0.89150996
rfdetr_m,flatter,snow,4,0.88883352
rfdetr_m,flatter,snow,5,0.87367952
rfdetr_m,flatter,frost,1,0.77355872
rfdetr_m,flatter,frost,2,0.90278112
rfdetr_m,flatter,frost,3,0.94287248
rfdetr_m,flatter,frost,4,0.95288612
rfdetr_m,flatter,frost,5,0.96651724
rfdetr_m,flatter,fog,1,0.66579416
rfdetr_m,flatter,fog,2,0.71118584
rfdetr_m,flatter,fog,3,0.75790748
rfdetr_m,flatter,fog,4,0.78196764
rfdetr_m,flatter,fog,5,0.85250576
rfdetr_m,flatter,brightness,1,0.52985424
rfdetr_m,flatter,brightness,2,0.55756036
rfdetr_m,flatter,brightness,3,0.57064072
rfdetr_m,flatter,brightness,4,0.57311592
rfdetr_m,flatter,brightness,5,0.56473548
rfdetr_m,flatter,contrast,1,0.6835204
rfdetr_m,flatter,contrast,2,0.75192328
rfdetr_m,flatter,contrast,3,0.84080192
rfdetr_m,flatter,contrast,4,0.962441
rfdetr_m,flatter,contrast,5,0.99889208
rfdetr_m,flatter,elastic_transform,1,0.55047232
rfdetr_m,flatter,elastic_transform,2,0.54202408
rfdetr_m,flatter,elastic_transform,3,0.52986824
rfdetr_m,flatter,elastic_transform,4,0.52118336
rfdetr_m,flatter,elastic_transform,5,0.51258004
rfdetr_m,flatter,pixelate,1,0.60095036
rfdetr_m,flatter,pixelate,2,0.61264784
rfdetr_m,flatter,pixelate,3,0.63572456
rfdetr_m,flatter,pixelate,4,0.66869928
rfdetr_m,flatter,pixelate,5,0.6842446
rfdetr_m,flatter,jpeg_compression,1,0.60037628
rfdetr_m,flatter,jpeg_compression,2,0.62984416
rfdetr_m,flatter,jpeg_compression,3,0.64353768
rfdetr_m,flatter,jpeg_compression,4,0.64834744
rfdetr_m,flatter,jpeg_compression,5,0.61468864
rfdetr_m,flatter,speckle_noise,1,0.90194096
rfdetr_m,flatter,speckle_noise,2,0.92801072
rfdetr_m,flatter,speckle_noise,3,0.94701084
rfdetr_m,flatter,speckle_noise,4,0.94011776
rfdetr_m,flatter,speckle_noise,5,0.89895016
rfdetr_m,flatter,gaussian_blur,1,0.74593708
rfdetr_m,flatter,gaussian_blur,2,0.9430456
rfdetr_m,flatter,gaussian_blur,3,0.988408
rfdetr_m,flatter,gaussian_blur,4,0.99700556
rfdetr_m,flatter,gaussian_blur,5,0.99939936
rfdetr_m,flatter,spatter,1,0.52906268
rfdetr_m,flatter,spatter,2,0.79198056
rfdetr_m,flatter,spatter,3,0.92065732
rfdetr_m,flatter,spatter,4,0.84625708
rfdetr_m,flatter,spatter,5,0.8723936
rfdetr_m,flatter,saturate,1,0.53441336
rfdetr_m,flatter,saturate,2,0.55944936
rfdetr_m,flatter,saturate,3,0.48851628
rfdetr_m,flatter,saturate,4,0.46353244
rfdetr_m,flatter,saturate,5,0.27498464
rfdetr_m,level,gaussian_noise,1,0.89102384
rfdetr_m,level,gaussian_noise,2,0.97943996
rfdetr_m,level,gaussian_noise,3,0.99796548
rfdetr_m,level,gaussian_noise,4,0.99941456
rfdetr_m,level,gaussian_noise,5,0.99967728
rfdetr_m,level,shot_noise,1,0.88193344
rfdetr_m,level,shot_noise,2,0.97423908
rfdetr_m,level,shot_noise,3,0.99542152
rfdetr_m,level,shot_noise,4,0.9992534
rfdetr_m,level,shot_noise,5,0.99975208
rfdetr_m,level,impulse_noise,1,0.97185456
rfdetr_m,level,impulse_noise,2,0.99596088
rfdetr_m,level,impulse_noise,3,0.99886824
rfdetr_m,level,impulse_noise,4,0.99948192
rfdetr_m,level,impulse_noise,5,0.99972528
rfdetr_m,level,defocus_blur,1,0.90267524
rfdetr_m,level,defocus_blur,2,0.94731916
rfdetr_m,level,defocus_blur,3,0.97575844
rfdetr_m,level,defocus_blur,4,0.98546228
rfdetr_m,level,defocus_blur,5,0.99049036
rfdetr_m,level,glass_blur,1,0.77256996
rfdetr_m,level,glass_blur,2,0.86261552
rfdetr_m,level,glass_blur,3,0.88228588
rfdetr_m,level,glass_blur,4,0.92011084
rfdetr_m,level,glass_blur,5,0.96717292
rfdetr_m,level,motion_blur,1,0.73384004
rfdetr_m,level,motion_blur,2,0.83434444
rfdetr_m,level,motion_blur,3,0.90271296
rfdetr_m,level,motion_blur,4,0.94058924
rfdetr_m,level,motion_blur,5,0.95616348
rfdetr_m,level,zoom_blur,1,0.88330944
rfdetr_m,level,zoom_blur,2,0.91538392
rfdetr_m,level,zoom_blur,3,0.90465152
rfdetr_m,level,zoom_blur,4,0.9208522
rfdetr_m,level,zoom_blur,5,0.9146106
rfdetr_m,level,snow,1,0.6582466
rfdetr_m,level,snow,2,0.82737216
rfdetr_m,level,snow,3,0.77434508
rfdetr_m,level,snow,4,0.81766924
rfdetr_m,level,snow,5,0.8262548
rfdetr_m,level,frost,1,0.54966172
rfdetr_m,level,frost,2,0.59575664
rfdetr_m,level,frost,3,0.63123892
rfdetr_m,level,frost,4,0.62262476
rfdetr_m,level,frost,5,0.64756584
rfdetr_m,level,fog,1,0.8998622
rfdetr_m,level,fog,2,0.9392768
rfdetr_m,level,fog,3,0.95770684
rfdetr_m,level,fog,4,0.9539058
rfdetr_m,level,fog,5,0.96267824
rfdetr_m,level,brightness,1,0.51511548
rfdetr_m,level,brightness,2,0.55763228
rfdetr_m,level,brightness,3,0.61584548
rfdetr_m,level,brightness,4,0.68143704
rfdetr_m,level,brightness,5,0.7398264
rfdetr_m,level,contrast,1,0.91343364
rfdetr_m,level,contrast,2,0.96343088
rfdetr_m,level,contrast,3,0.98786772
rfdetr_m,level,contrast,4,0.99734064
rfdetr_m,level,contrast,5,0.99907076
rfdetr_m,level,elastic_transform,1,0.49470592
rfdetr_m,level,elastic_transform,2,0.48834448
rfdetr_m,level,elastic_transform,3,0.48377292
rfdetr_m,level,elastic_transform,4,0.4838016
rfdetr_m,level,elastic_transform,5,0.48462468
rfdetr_m,level,pixelate,1,0.53868292
rfdetr_m,level,pixelate,2,0.56089416
rfdetr_m,level,pixelate,3,0.6196048
rfdetr_m,level,pixelate,4,0.69310168
rfdetr_m,level,pixelate,5,0.7028398
rfdetr_m,level,jpeg_compression,1,0.5107442
rfdetr_m,level,jpeg_compression,2,0.510136
rfdetr_m,level,jpeg_compression,3,0.51343996
rfdetr_m,level,jpeg_compression,4,0.53435916
rfdetr_m,level,jpeg_compression,5,0.57590804
rfdetr_m,level,speckle_noise,1,0.79477604
rfdetr_m,level,speckle_noise,2,0.88620548
rfdetr_m,level,speckle_noise,3,0.97704168
rfdetr_m,level,speckle_noise,4,0.98995436
rfdetr_m,level,speckle_noise,5,0.99610324
rfdetr_m,level,gaussian_blur,1,0.76191444
rfdetr_m,level,gaussian_blur,2,0.93936924
rfdetr_m,level,gaussian_blur,3,0.97608436
rfdetr_m,level,gaussian_blur,4,0.98702012
rfdetr_m,level,gaussian_blur,5,0.99399664
rfdetr_m,level,spatter,1,0.47174244
rfdetr_m,level,spatter,2,0.5830964
rfdetr_m,level,spatter,3,0.79656936
rfdetr_m,level,spatter,4,0.88964336
rfdetr_m,level,spatter,5,0.9345372
rfdetr_m,level,saturate,1,0.5609902
rfdetr_m,level,saturate,2,0.61148348
rfdetr_m,level,saturate,3,0.56535028
rfdetr_m,level,saturate,4,0.73131972
rfdetr_m,level,saturate,5,0.8406562
