corruption,severity,versions_with_a_nan_block,versions_not_scored
clean,0,40,0
gaussian_noise,1,0,0
gaussian_noise,2,0,0
gaussian_noise,3,0,0
gaussian_noise,4,0,0
gaussian_noise,5,0,0
shot_noise,1,12,0
shot_noise,2,12,0
shot_noise,3,12,0
shot_noise,4,13,0
shot_noise,5,14,0
impulse_noise,1,0,0
impulse_noise,2,0,0
impulse_noise,3,0,0
impulse_noise,4,0,0
impulse_noise,5,0,0
defocus_blur,1,43,0
defocus_blur,2,44,0
defocus_blur,3,45,0
defocus_blur,4,59,0
defocus_blur,5,56,0
glass_blur,1,37,0
glass_blur,2,37,0
glass_blur,3,37,0
glass_blur,4,38,0
glass_blur,5,35,0
motion_blur,1,37,0
motion_blur,2,33,0
motion_blur,3,34,0
motion_blur,4,35,0
motion_blur,5,33,0
zoom_blur,1,37,0
zoom_blur,2,34,0
zoom_blur,3,29,0
zoom_blur,4,28,0
zoom_blur,5,24,0
snow,1,265,0
snow,2,449,0
snow,3,448,0
snow,4,550,0
snow,5,791,0
frost,1,270,0
frost,2,174,0
frost,3,153,0
frost,4,109,0
frost,5,86,0
fog,1,0,0
fog,2,0,0
fog,3,0,0
fog,4,0,0
fog,5,0,0
brightness,1,65,0
brightness,2,70,0
brightness,3,79,0
brightness,4,84,0
brightness,5,93,0
contrast,1,46,0
contrast,2,49,0
contrast,3,59,0
contrast,4,96,0
contrast,5,241,0
elastic_transform,1,38,0
elastic_transform,2,38,0
elastic_transform,3,40,0
elastic_transform,4,37,0
elastic_transform,5,38,0
pixelate,1,38,0
pixelate,2,39,0
pixelate,3,39,0
pixelate,4,39,0
pixelate,5,41,0
jpeg_compression,1,98,0
jpeg_compression,2,166,0
jpeg_compression,3,206,0
jpeg_compression,4,291,0
jpeg_compression,5,449,0
speckle_noise,1,13,0
speckle_noise,2,13,0
speckle_noise,3,13,0
speckle_noise,4,13,0
speckle_noise,5,12,0
gaussian_blur,1,39,0
gaussian_blur,2,37,0
gaussian_blur,3,35,0
gaussian_blur,4,35,0
gaussian_blur,5,34,0
spatter,1,20,0
spatter,2,20,0
spatter,3,21,0
spatter,4,0,0
spatter,5,0,0
saturate,1,39,0
saturate,2,39,0
saturate,3,40,0
saturate,4,43,0
saturate,5,42,0
