detector,row,label,all_auroc_common,all_auroc_extra,untouched_auroc_common,untouched_auroc_extra,all_two_axis_minus_common,all_two_axis_minus_common_low,all_two_axis_minus_common_high,all_two_axis_minus_extra,all_two_axis_minus_extra_low,all_two_axis_minus_extra_high,untouched_two_axis_minus_common,untouched_two_axis_minus_common_low,untouched_two_axis_minus_common_high,untouched_two_axis_minus_extra,untouched_two_axis_minus_extra_low,untouched_two_axis_minus_extra_high
rtdetrv2_r18,niqe,"NIQE, pristine model refitted on clean train images",0.8542208661333333,0.765029279,0.8543706724467827,0.7653866097005741,0.0626762053333334,0.059448532559999906,0.06614498822666674,0.09341464500000018,0.09021149087499993,0.09671385974999996,0.0619936592999234,0.057852409277231426,0.06627288395836294,0.09241776949972225,0.08830285878835403,0.09659077405265303
rtdetrv2_r18,niqe_default,"NIQE, published pristine model (sensitivity)",0.7985678048,0.7957307429999999,0.7988359514499305,0.7959449482076921,0.11832926666666665,0.11492675305333347,0.12191390528000008,0.06271318100000023,0.059483641025000034,0.06611722519999984,0.11752838029677559,0.1127849567762055,0.1223861356366661,0.06185943099260427,0.05789488503305765,0.06610857949656365
rtdetrv2_r18,arniqa,ARNIQA quality (KADID-10k regressor),0.9270042261333334,0.904977607,0.9266256721381712,0.9044478155736366,-0.010107154666666784,-0.013068463273333311,-0.00707366462666697,-0.046533682999999826,-0.04956690172499986,-0.0434044865249998,-0.01026134039146509,-0.014282047584296112,-0.006153155591136997,-0.04664343637334023,-0.05070031226513745,-0.04219143085100588
rtdetrv2_r18,arniqa_proto,ARNIQA embedding vs the clean prototype (Becker et al.),0.9458950016,0.87994357,0.9458221670351852,0.8807122177564292,-0.028997930133333294,-0.031745155919999865,-0.026202143133333335,-0.021499645999999872,-0.024234156050000077,-0.018658961425000287,-0.029457835288479117,-0.03305383873040764,-0.02561508348854684,-0.022907838556132765,-0.02672132266444477,-0.01902726250966677
rtdetrv2_r18,clipiqa,"CLIP-IQA, zero-shot (""Good photo."" / ""Bad photo."")",0.8010053650666666,0.670610356,0.8027494537572569,0.6722548824189349,0.11589170640000002,0.11091758689333323,0.12061399369333317,0.18783356800000017,0.18345851869999988,0.19237626915,0.11361487798944914,0.10757722904798715,0.12028256650582506,0.18554949678136146,0.18019498551340274,0.19161788243799643
yolo11m,niqe,"NIQE, pristine model refitted on clean train images",0.8542208661333333,0.765029279,0.8543706724467827,0.7653866097005741,0.0358088928000001,0.03319270353333328,0.03871287457333309,0.10469637899999995,0.10214081135000007,0.10745808120000003,0.036365110174383486,0.03286086988566833,0.039885732807604324,0.10475093400429136,0.10125579722576228,0.10787416715681468
yolo11m,niqe_default,"NIQE, published pristine model (sensitivity)",0.7985678048,0.7957307429999999,0.7988359514499305,0.7959449482076921,0.09146195413333336,0.08870677459999993,0.09452308154666668,0.073994915,0.07163647309999982,0.07635640630000015,0.09189983117123568,0.08816564098654091,0.09564222901168003,0.07419259549717339,0.07097923841889132,0.07718860364996896
yolo11m,arniqa,ARNIQA quality (KADID-10k regressor),0.9270042261333334,0.904977607,0.9266256721381712,0.9044478155736366,-0.03697446720000008,-0.03987386752000008,-0.03423078613999978,-0.03525194900000006,-0.03791690352500019,-0.03246522750000011,-0.035889889517005,-0.039540152363421066,-0.03210913432597361,-0.034310271868771114,-0.03796468674095157,-0.030774398207147422
yolo11m,arniqa_proto,ARNIQA embedding vs the clean prototype (Becker et al.),0.9458950016,0.87994357,0.9458221670351852,0.8807122177564292,-0.05586524266666659,-0.05857730570666669,-0.05323931777333351,-0.010217912000000107,-0.012796668550000046,-0.007517756799999989,-0.05508638441401903,-0.05848815254132664,-0.051630660483540064,-0.010574674051563648,-0.013839061325687066,-0.007194712596259499
yolo11m,clipiqa,"CLIP-IQA, zero-shot (""Good photo."" / ""Bad photo."")",0.8010053650666666,0.670610356,0.8027494537572569,0.6722548824189349,0.08902439386666672,0.08423588159999994,0.09367910324666671,0.19911530199999994,0.19489124612499997,0.20327879274999983,0.08798632886390922,0.08179673408925031,0.09440746032524035,0.19788266128593057,0.19238295183478762,0.20333754867442203
faster_rcnn_r50_fpn_v2,niqe,"NIQE, pristine model refitted on clean train images",0.8542208661333333,0.765029279,0.8543706724467827,0.7653866097005741,0.00885711306666681,0.005058083039999872,0.012685506733333303,0.08674990500000013,0.08333733074999974,0.08998405992499982,0.008302321849346428,0.0031312362259330374,0.013276340010238698,0.08590516724939812,0.08145449969501914,0.08977477248962526
faster_rcnn_r50_fpn_v2,niqe_default,"NIQE, published pristine model (sensitivity)",0.7985678048,0.7957307429999999,0.7988359514499305,0.7959449482076921,0.06451017440000006,0.06075981339999981,0.06840725867999997,0.05604844100000017,0.053207275724999975,0.05915182382499999,0.06383704284619862,0.05896380583602915,0.06860679167256657,0.05534682874228014,0.0513922179470424,0.058969946846169935
faster_rcnn_r50_fpn_v2,arniqa,ARNIQA quality (KADID-10k regressor),0.9270042261333334,0.904977607,0.9266256721381712,0.9044478155736366,-0.06392624693333337,-0.06759304836666649,-0.060253116000000245,-0.053198422999999884,-0.05600117057500016,-0.04999481110000007,-0.06395267784204206,-0.06870857305202471,-0.058964565256855554,-0.05315603862366436,-0.05736752394917739,-0.04932504036913586
faster_rcnn_r50_fpn_v2,arniqa_proto,ARNIQA embedding vs the clean prototype (Becker et al.),0.9458950016,0.87994357,0.9458221670351852,0.8807122177564292,-0.08281702239999988,-0.08630765107999994,-0.07931509402666645,-0.02816438599999993,-0.031068306249999997,-0.02519740649999989,-0.08314917273905609,-0.08766229405613829,-0.07844755220076459,-0.029420440806456893,-0.0333875041526429,-0.025480580539489737
faster_rcnn_r50_fpn_v2,clipiqa,"CLIP-IQA, zero-shot (""Good photo."" / ""Bad photo."")",0.8010053650666666,0.670610356,0.8027494537572569,0.6722548824189349,0.062072614133333426,0.05692085680000016,0.06738395156000004,0.18116882800000011,0.17657340649999986,0.18579513662499994,0.059923540538872166,0.05343999293823764,0.06661409395229946,0.17903689453103733,0.1731394275751834,0.18497073503142383
rfdetr_m,niqe,"NIQE, pristine model refitted on clean train images",0.8542208661333333,0.765029279,0.8543706724467827,0.7653866097005741,-0.00999353599999997,-0.012998803720000118,-0.0067047915333333305,0.05819065899999998,0.055325232224999944,0.06161029197499993,-0.010454832677987302,-0.014190220602918293,-0.006517136845697799,0.05737366706967706,0.05382279038547404,0.061455519611367075
rfdetr_m,niqe_default,"NIQE, published pristine model (sensitivity)",0.7985678048,0.7957307429999999,0.7988359514499305,0.7959449482076921,0.045659525333333284,0.0424068020266664,0.04924548178666669,0.027489195000000022,0.02467179230000013,0.030685254549999996,0.04507988831886489,0.04092882142999777,0.049233120209710796,0.026815328562559082,0.022705455075210483,0.030729331002407264
rfdetr_m,arniqa,ARNIQA quality (KADID-10k regressor),0.9270042261333334,0.904977607,0.9266256721381712,0.9044478155736366,-0.08277689600000016,-0.0861200411933331,-0.07968847768666688,-0.08175766900000003,-0.08484771314999995,-0.07817857152499987,-0.08270983236937579,-0.08736030173149337,-0.07845553288167113,-0.08168753880338542,-0.08599345965537149,-0.07735195031260572
rfdetr_m,arniqa_proto,ARNIQA embedding vs the clean prototype (Becker et al.),0.9458950016,0.87994357,0.9458221670351852,0.8807122177564292,-0.10166767146666666,-0.10492920814000001,-0.09865170580000021,-0.05672363200000008,-0.05987210637499983,-0.05354782792499972,-0.10190632726638982,-0.1062275220657381,-0.09771329492025116,-0.05795194098617795,-0.062030070717467904,-0.05352504697251906
rfdetr_m,clipiqa,"CLIP-IQA, zero-shot (""Good photo."" / ""Bad photo."")",0.8010053650666666,0.670610356,0.8027494537572569,0.6722548824189349,0.043221965066666646,0.0381612560066666,0.04817658361333326,0.15260958199999997,0.14796773537500008,0.15709190607499998,0.041166386011538436,0.03448567831040547,0.04789160423633138,0.15050539435131627,0.14432515895772746,0.1566412556911632
